10
-27
198
62
477
1190
949
515
769
1014
754
507
588
579
393
635
1161
1175
1108
1202
1278
1453
1825
2238
2169
2058
2054
1794
1448
1663
2048
2144
1826
1747
1678
1599
1798
2174
2547
2280
1486
1077
1106
1461
2258
2458
1672
455
-370
-318
53
387
393
291
59
-557
-826
-584
-196
292
446
283
339
878
913
981
1466
1969
1721
889
417
674
1311
1770
1869
1569
1382
1458
1441
1847
2303
2447
2105
1522
1560
1933
2306
2370
1819
1178
1045
1228
1286
917
429
226
468
581
141
-137
67
256
305
746
849
155
-103
289
765
1145
918
217
-262
-254
238
689
590
295
351
512
597
558
752
1145
1259
541
-170
75
602
776
809
473
-212
-573
-422
134
856
775
433
-11
19
471
841
943
812
732
332
117
326
489
681
785
360
-551
-1286
-1159
-222
564
382
-640
-1410
-1325
-949
-690
-888
-1054
-1259
-2183
-2914
-2568
-1964
-1818
-1924
-2191
-2954
-3706
-3864
-3242
-2101
-1513
-2112
-3262
-3364
-2513
-1621
-930
-1086
-1933
-2256
-1894
-1525
-1437
-1494
-1509
-1486
-1510
-1722
-1759
-1531
-981
-858
-1374
-1799
-1690
-1435
-949
-884
-1317
-1414
-1314
-1164
-899
-1009
-1512
-2158
-2564
-1874
-948
-832
-1254
-1895
-2284
-2295
-1694
-657
-255
-1061
-2015
-2995
-3218
-2150
-1270
-1387
-1897
-2542
-3126
-3215
-2583
-1623
-1075
-1598
-2826
-3514
-3120
-1879
-350
-89
-1223
-2532
-2784
-1947
-775
-296
-822
-1664
-2423
-2666
-2037
-1182
-469
-373
-966
-1725
-1981
-1686
-1315
-1336
-1332
-1310
-1439
-1462
-1527
-1717
-1627
-1544
-1730
-1862
-2370
-2672
-2114
-2014
-2301
-2353
-2461
-2535
-1994
-1845
-2200
-2459
-2495
-2513
-2589
-2403
-2373
-3372
-4034
-3326
-1899
-1307
-1927
-2325
-2347
-2344
-1994
-1320
-1046
-1057
-1607
-1801
-1445
-981
-641
-384
-458
-462
-617
-1231
-1448
-765
-212
-237
-608
-1174
-1513
-1411
-593
570
761
-251
-1450
-2135
-1986
-991
-264
-297
-500
-1209
-2113
-2137
-914
449
890
-179
-1697
-2318
-1834
-573
758
1295
426
-954
-1354
-744
242
946
794
28
-884
-1632
-1475
-393
664
1113
916
-192
-1336
-1200
525
2356
2877
1938
16
-1107
-556
1088
2160
2246
1843
1269
895
989
1463
2169
2396
1992
1360
1138
1470
2550
3606
3250
2473
2265
1956
1896
1823
1831
2123
2432
2603
2401
2236
1918
1640
1738
1946
2359
2745
2242
1477
1188
1175
1266
1484
1767
2207
1658
725
363
989
2091
2583
2049
805
-140
444
1754
2464
2446
1819
1193
856
858
965
828
1077
1717
1513
562
34
-33
454
1302
1634
1481
1046
769
1109
1385
1237
1198
1315
1368
1492
1602
1730
1575
1766
2065
1658
1400
1376
1200
1524
1910
2031
1910
1497
1397
1608
1593
1218
977
1007
1369
1335
832
69
-468
230
1664
2302
1504
445
114
383
1042
1856
1972
1431
761
705
1475
2171
2620
2502
1345
108
707
2380
-26
42
-323
-774
-949
-1162
-1013
-700
-520
-526
-568
-485
-578
-798
-935
-887
-807
-847
-911
-1018
-1155
-1171
-1060
-812
-608
-551
-604
-703
-723
-638
-613
-707
-832
-899
-775
-618
-441
-325
-314
-495
-731
-855
-807
-556
-296
-215
-395
-584
-649
-493
-217
-38
-104
-175
-250
-351
-400
-435
-466
-358
-298
-292
-327
-389
-401
-390
-437
-624
-859
-1006
-946
-669
-442
-430
-653
-913
-1046
-966
-717
-588
-549
-377
-280
-399
-528
-615
-727
-746
-523
-403
-476
-565
-637
-563
-404
-313
-407
-708
-786
-536
-299
-276
-281
-354
-586
-545
-325
-210
-113
-9
21
49
110
150
185
322
455
515
468
319
257
315
421
418
356
377
465
497
488
520
470
218
-101
-269
-292
-281
-228
-163
-155
-195
-173
-115
-73
-89
-161
-161
-150
-39
93
107
116
166
325
645
845
974
1041
1167
1365
1604
1767
1892
2063
2323
2460
2475
2491
2560
2728
2899
2965
2822
2607
2582
2627
2560
2453
2389
2273
2246
2320
2340
2335
2311
2299
2252
2140
2043
1952
1921
2015
2049
2056
2139
2291
2334
2324
2263
2162
2117
2155
2176
2139
2301
2598
2848
2977
3010
3072
3077
2977
2864
2840
2956
3071
3065
3034
3003
2887
2790
2819
2844
2878
2932
2746
2718
2733
2776
2737
2553
2341
2201
2092
2033
2088
2100
2038
1900
1701
1598
1479
1386
1432
1550
1618
1614
1615
1576
1527
1474
1529
1606
1536
1467
1503
1662
1763
1711
1618
1693
1908
1965
1948
2029
2105
2146
2118
2045
2070
2162
2244
2430
2551
2578
2544
2545
2554
2473
2330
2206
2095
2027
1940
1842
1844
1845
1730
1678
1761
1761
1611
1569
1494
1359
1103
849
620
381
312
517
650
537
478
574
631
724
745
768
767
766
857
798
762
815
899
979
1077
1120
1277
1308
1347
1331
1319
1457
1534
1486
1466
1529
1634
1741
1685
1544
1540
1595
1596
1457
1351
1312
1363
1418
1159
715
462
379
369
372
317
262
243
137
-15
-257
-276
-72
72
38
83
116
25
151
198
140
94
138
55
-18
75
126
219
297
190
126
235
424
443
396
498
660
648
607
643
755
837
797
689
619
636
776
873
833
895
991
988
952
913
871
893
907
903
934
1017
1181
1306
1232
1191
1215
1201
1260
1379
1418
1337
1292
1271
1100
951
947
853
732
795
825
771
801
803
827
958
931
654
381
313
328
429
590
575
450
534
592
504
395
319
386
388
254
146
128
294
564
719
870
1000
989
889
817
757
671
531
406
369
321
300
230
140
37
-87
-251
-537
-846
-1040
-1055
-1139
-1229
-1426
-1639
-1797
-1998
-2219
-2405
-2547
-2701
-2758
-2857
-3054
-3191
-3207
-3137
-3218
-3324
-3380
-3316
-3206
-3233
-3365
-3356
-3300
-3307
-3417
-3505
-3418
-3205
-3134
-3029
-2928
-2804
-2622
-2425
-2244
-2054
-2023
-2030
-1999
-1825
-1633
-1597
-1567
-1651
-1759
-1727
-1656
-1788
-1918
-1992
-1953
-1863
-1870
-2036
-2084
-1998
-1908
-1859
-1857
-1828
-1735
-1642
-1667
-1733
-1733
-1643
-1608
-1489
-1394
-1327
-1170
-1003
-753
-610
-469
-271
29
353
652
856
1088
1396
1730
2081
2418
2616
2736
3034
3589
4052
4329
4572
4912
5410
5955
6365
6660
6837
7228
7568
7855
7877
7987
8208
8475
8595
8815
9077
9251
9632
9701
9560
9326
9238
8993
8616
7604
5344
1862
-1716
-4329
-5269
-4156
-1853
-92
94
-1003
-2933
-5026
-6125
-5805
-4864
-4249
-4115
-4643
-5340
-5393
-4477
-3023
-1532
-157
1030
2049
3102
4252
5192
5502
5011
4058
3269
3341
4423
6218
8056
9225
9453
8696
7411
6302
5656
5140
4547
3765
2562
1220
14
-1008
-1701
-1980
-1958
-1884
-2121
-2619
-3469
-4491
-5421
-6291
-7031
-7445
-7484
-7070
-6320
-5387
-4126
-3063
-2301
-1952
-1650
-1236
-641
-160
71
148
257
299
388
608
1013
1467
1839
2943
2570
1611
746
245
-602
-915
-1065
-1595
-2135
-2487
-2734
-3244
-3315
-3489
-3688
-3633
-3687
-3962
-4272
-4559
-4406
-3612
-4279
-4563
-4757
-4304
-3868
-2937
-2273
-2092
-1996
-1882
-1794
-1766
-1523
-1420
-1368
-1309
-1172
-1212
-1211
-1040
-806
-786
-874
-1059
-1243
-1289
-1191
-1115
-1131
-1206
-1416
-1627
-1697
-1683
-1592
-1668
-1459
-1216
-965
-813
-509
-198
-12
105
412
902
1542
2168
2603
2912
3610
5059
4863
4331
4949
5738
5930
7087
7787
8365
8494
9382
9445
9164
9015
8945
8530
8271
7858
7045
6387
5800
5104
4106
2296
-633
-4160
-7213
-9089
-9480
-8605
-7477
-7139
-7267
-7811
-8818
-9721
-9924
-9456
-8959
-8437
-8268
-8317
-8064
-7100
-5840
-4507
-3186
-1885
-623
876
2303
3509
4765
5513
5049
3857
2943
2236
2339
2946
3419
3503
3685
3646
2996
2136
1565
948
-161
-1444
-2618
-3908
-5287
-6246
-6706
-6891
-6984
-7032
-7288
-7548
-7437
-6941
-6384
-5945
-5830
-6433
-7012
-6988
-6886
-6477
-5729
-4638
-3538
-2732
-2066
-1384
-842
-411
-193
-275
-494
-959
-1482
-1905
-2170
-2219
-2391
-2701
-2869
-2818
-2671
-2542
-2555
-2937
-3681
-4419
-5031
-5619
-6099
-6271
-6265
-6299
-6269
-6051
-5809
-5555
-5143
-4767
-4606
-4507
-4423
-4515
-4617
-4596
-4627
-4668
-4511
-4373
-4282
-3998
-3558
-3206
-2988
-2870
-2815
-2804
-2877
-3085
-3323
-3523
-3560
-3423
-3140
-2791
-2315
-1786
-1372
-1084
-838
-662
-611
-526
-334
-28
385
952
1490
1958
2601
3228
3866
4470
5190
5943
6477
6817
7216
7686
8173
8755
9208
9504
9724
9965
10161
10230
10296
10114
9682
9146
8450
7421
5621
2118
-2053
-6134
-8978
-10012
-9353
-7996
-7021
-6636
-6537
-6919
-7594
-7558
-7046
-6627
-6647
-6830
-7067
-6811
-5964
-4461
-2910
-1591
-327
1079
2957
5196
7356
8896
9452
8979
7972
6988
6165
5642
5373
5337
5226
4787
4288
3884
3519
3188
2562
1617
450
-853
-2085
-3259
-4398
-5405
-6148
-6594
-6908
-7100
-6883
-6184
-5351
-4616
-4176
-3821
-3670
-3436
-3124
-2729
-2463
-2149
-1722
-1219
-606
81
873
1737
2364
2738
3090
3304
3164
2630
1985
1290
535
-98
-709
-1352
-1730
-1860
-1966
-2094
-2129
-2093
-2140
-2351
-2603
-2862
-3071
-3321
-3529
-3624
-3608
-3396
-3057
-2652
-2247
-1788
-1405
-1048
-702
-406
-192
20
154
116
-4
-106
-186
-173
-112
-66
54
305
603
854
955
838
658
478
308
201
146
248
481
760
1032
1299
1536
1689
1887
2256
2756
3311
3814
4144
4351
4602
4909
5240
5644
6124
6639
7235
7959
8785
9523
10294
10983
11622
12155
12512
12771
12891
13154
13140
13053
12817
12387
11833
11241
10611
9753
8742
7233
3971
-668
-5182
-8698
-10310
-10292
-9322
-8806
-8814
-8873
-8911
-9330
-9366
-8704
-7831
-7135
-6734
-6730
-6600
-5942
-4779
-3550
-2728
-1899
-640
1298
3869
6410
8389
9671
9963
9396
8484
7488
6621
5913
5320
4573
3577
2613
1773
1186
830
485
-143
-980
-1861
-2897
-4112
-5353
-6580
-7709
-8644
-9236
-9544
-9644
-9403
-8791
-7835
-6787
-5852
-4988
-4162
-3334
-2648
-2186
-1812
-1551
-1363
-1116
-871
-493
130
808
1394
1768
1865
1842
1799
1641
1192
494
-266
-990
-1693
-2398
-3165
-3884
-4342
-4504
-4488
-4328
-4081
-3851
-3722
-3742
-3862
-4036
-4159
-4255
-4435
-4629
-4707
-4657
-4432
-4112
-3791
-3398
-2912
-2430
-2032
-1774
-1682
-1648
-1612
-1716
-1990
-2328
-2533
-2663
-2784
-2882
-2882
-2809
-2613
-2371
-2180
-1906
-1637
-1475
-1480
-1707
-1884
-1809
-1576
-1390
-1320
-1243
-1028
-686
-254
157
518
855
1201
1402
1613
1842
2337
2704
2923
3198
3542
4111
4825
5448
6067
6680
7605
8389
8977
9290
9528
9788
9978
9622
8812
7990
7264
6495
5367
2694
-1380
-5271
-8318
-9923
-10447
-10226
-9876
-9579
-9340
-9280
-9742
-9905
-9388
-8637
-7879
-7453
-7507
-7541
-7127
-6268
-5375
-4745
-4038
-3049
-1453
810
3156
5184
6849
7938
8392
8198
7466
6773
6322
6038
5565
4795
3947
3240
2792
2573
2285
1756
1310
806
214
-451
-1204
-2008
-2909
-3867
-4986
-6156
-6995
-7206
-7017
-6655
-6150
-5589
-4907
-4105
-3292
-2566
-2037
-1627
-1361
-1188
-1014
-918
-935
-963
-1020
-997
-819
-522
-149
289
575
759
906
865
518
103
-328
-860
-1440
-1994
-2416
-2642
-2708
-2783
-2970
-3139
-3135
-2979
-2833
-2787
-2806
-2614
-2334
-2067
-1818
-1627
-1646
-1681
-1574
-1379
-1127
-785
-331
83
463
697
807
930
1069
1119
1069
1022
974
968
901
638
405
397
466
420
388
516
848
1313
1735
2009
2185
2366
2592
2790
2959
3190
3455
3790
4173
4387
4502
4720
5065
5428
5899
6417
6962
7378
7875
8315
8872
9395
9864
10333
10730
11278
11679
12115
12081
11440
11153
11087
11180
11330
11246
10898
10076
8401
5632
2157
-974
-2762
-3706
-4343
-4993
-5861
-6634
-7570
-8916
-9976
-10004
-8630
-6401
-4548
-3654
-3337
-3083
-2631
-2590
-2948
-3140
-2996
-2157
-941
-83
607
1568
2723
3748
4221
4556
5190
6163
7255
7727
7403
6658
5803
4909
4003
3021
2202
1622
1192
743
173
-306
-643
-827
-938
-1252
-1810
-2316
-2705
-3069
-3596
-4280
-4882
-5349
-5700
-5908
-6029
-5907
-5528
-4932
-4364
-3909
-3490
-3020
-2476
-1938
-1606
-1534
-1419
-1276
-1217
-1343
-1649
-1812
-1756
-1668
-1735
-1901
-1995
-1895
-1665
-1558
-1659
-1807
-1857
-1823
-1899
-2185
-2559
-2770
-2766
-2752
-2766
-2704
-2535
-2363
-2180
-1980
-1833
-1614
-1332
-1141
-1066
-1044
-1056
-1161
-1330
-1428
-1550
-1642
-1712
-1717
-1635
-1514
-1345
-1157
-1006
-881
-745
-569
-427
-284
-164
-122
-191
-206
-204
-345
-468
-491
-369
-143
39
121
138
182
331
540
662
770
913
1037
1194
1374
1473
1616
1786
2038
2312
2527
2697
2927
3216
3479
3612
3610
3686
3823
4006
4167
4243
4307
4547
4750
4973
5225
5476
5561
5289
4083
1984
-310
-2395
-3732
-4476
-4659
-4871
-5084
-5075
-4922
-4807
-4639
-4303
-3898
-3258
-2861
-2770
-3295
-3816
-4133
-4374
-4974
-5831
-6605
-6842
-6286
-5547
-4867
-4495
-4000
-3339
-2530
-1912
-1507
-1111
-584
-191
-226
-691
-1287
-1678
-1977
-2125
-2270
-2425
-2495
-2367
-2239
-2163
-2168
-2174
-2143
-2138
-2186
-2328
-2484
-2716
-3086
-3603
-4093
-4594
-4987
-5231
-5429
-5522
-5433
-5194
-5017
-4843
-4654
-4389
-4061
-3654
-3425
-3346
-3324
-3283
-3193
-3235
-3329
-3387
-3216
-2889
-2571
-2419
-2243
-1902
-1379
-909
-545
-324
-195
-89
54
146
124
56
83
118
98
130
194
249
294
410
633
913
1196
1306
1272
1252
1399
1597
1629
1439
1252
1146
1182
1219
1232
1324
1295
1296
1485
1616
1596
1699
1796
1973
1957
1848
1707
1627
1645
1558
1365
1295
1221
1345
1589
1655
1483
1400
1522
1637
1834
1946
1922
1989
2102
2159
2230
2168
1956
1805
1709
1662
1609
1735
1805
1831
1999
2053
1918
1951
2022
2057
2184
2057
1859
1771
1787
1738
1659
1581
1383
1438
1531
1585
1624
1607
1531
1613
1795
1871
1834
1738
1651
1698
1735
1608
1463
1400
1378
1398
1445
1444
1402
1457
1519
1560
1586
1585
1545
1673
1853
1854
1786
1649
1505
1419
1313
1117
958
817
785
858
938
875
852
952
938
937
1090
1238
1306
1311
1250
1200
1176
1122
1032
961
943
914
913
932
872
887
961
1023
1080
1097
1125
1247
1390
1416
1371
1386
1373
1269
1151
1058
1005
981
939
880
855
745
581
498
136
-26
354
506
387
256
226
197
145
197
-30
-108
-148
-247
-280
-317
-454
-556
-382
-381
-583
-580
-428
-244
-184
-233
-367
-422
-259
-240
-194
-141
-278
-377
-404
-496
-551
-531
-436
-393
-249
-130
-142
-99
30
117
192
266
398
466
468
462
423
329
295
266
196
241
221
60
14
136
116
-38
-120
-219
-354
-379
-345
-340
-387
-488
-652
-698
-728
-710
-747
-789
-742
-744
-655
-379
-127
36
170
226
355
518
635
673
739
788
728
696
659
568
428
246
96
45
34
-72
-269
-396
-511
-579
-680
-841
-975
-1081
-1107
-1178
-1278
-1377
-1411
-1549
-1654
-1755
-1922
-2038
-2064
-2063
-2092
-2184
-2242
-2284
-2229
-2238
-2356
-2422
-2349
-2143
-2072
-2189
-2188
-2187
-2156
-2122
-2214
-2247
-2064
-1926
-2015
-2093
-2131
-2063
-1897
-1763
-1858
-1958
-1903
-1825
-1742
-1773
-1959
-1931
-1762
-1641
-1632
-1598
-1461
-1326
-1188
-1113
-1064
-912
-790
-733
-643
-630
-647
-637
-646
-714
-755
-694
-610
-548
-494
-475
-559
-703
-789
-709
-520
-410
-438
-539
-598
-588
-564
-592
-692
-705
-638
-700
-777
-825
-842
-827
-776
-722
-774
-755
-639
-433
-265
-137
-35
-2
-38
-26
11
-24
-19
76
121
37
-89
-201
-183
-109
-154
-264
-350
-442
-485
-503
-638
-771
-767
-685
-688
-739
-849
-853
-779
-719
-769
-895
-972
-1038
-1060
-1031
-971
-999
-1038
-1065
-1098
-1052
-930
-800
-708
-604
-423
-237
-158
-156
-93
109
256
352
436
491
595
750
829
890
830
807
913
1019
1111
1177
1167
1206
1223
1285
1402
1477
1549
1576
1697
1901
1976
2058
2152
2254
2375
2417
2520
2669
2697
2677
2567
2519
2664
2737
2751
2714
2642
2708
2771
2802
2787
2785
2846
2861
2742
2516
2418
2369
2304
2222
2112
2176
2304
2383
2406
2307
2192
2213
2326
2297
2179
2146
2058
1987
1846
1683
1681
1698
1630
1480
1322
1144
1137
1157
1078
982
891
935
996
847
768
701
672
745
735
622
497
569
622
514
458
390
409
415
401
400
434
593
773
971
1034
915
767
688
615
581
600
590
524
498
632
733
817
970
963
964
1058
1246
1395
1480
1548
1605
1662
1669
1557
1457
1549
1607
1585
1390
1221
1138
1137
1243
1310
1317
1237
1220
1304
1394
1479
1550
1585
1480
1357
1367
1419
1487
1485
1391
1356
1331
1338
1267
1118
1017
951
987
1024
970
930
978
984
945
824
741
787
746
567
462
428
390
276
128
93
147
179
81
-184
-287
-193
-117
-31
-104
-358
-452
-349
-332
-403
-426
-530
-600
-600
-624
-605
-487
-434
-532
-642
-727
-728
-595
-579
-767
-938
-966
-894
-774
-769
-931
-933
-863
-793
-798
-859
-783
-651
-676
-755
-768
-640
-512
-384
-401
-420
-419
-380
-353
-362
-370
-310
-243
-231
-399
-459
-404
-350
-276
-310
-399
-283
-212
-232
-341
-377
-303
-313
-376
-372
-279
-202
-217
-275
-456
-575
-477
-462
-476
-542
-799
-1080
-1166
-1091
-1056
-1253
-1488
-1646
-1580
-1440
-1479
-1685
-1803
-1830
-1770
-1786
-1888
-1937
-1927
-1908
-1936
-2050
-2118
-2095
-1973
-1918
-2026
-2184
-2289
-2282
-2176
-2075
-2136
-2252
-2325
-2293
-2257
-2310
-2308
-2406
-2517
-2429
-2231
-2214
-2258
-2189
-2163
-2183
-2331
-2390
-2335
-2326
-2365
-2298
-2428
-2480
-2430
-2398
-2399
-2353
-2306
-2314
-2114
-2103
-2233
-2213
-2156
-2221
-2219
-2108
-2127
-2036
-1935
-1851
-1734
-1715
-1706
-1639
-1454
-1222
-1061
-1030
-1074
-994
-761
-764
-798
-781
-759
-675
-612
-584
-659
-749
-784
-800
-898
-1020
-1010
-896
-822
-859
-990
-976
-827
-735
-758
-795
-778
-685
-432
-437
-396
-296
-278
-390
-438
-316
-196
-185
-80
123
116
-8
-27
24
205
255
317
214
213
290
402
423
226
97
65
185
250
200
58
-48
-154
-227
-136
-98
-140
226
272
206
278
203
476
777
938
980
933
1121
1368
1490
1573
1264
1147
1196
1274
1127
1247
1227
1240
1330
1184
1063
1164
1122
809
818
1153
878
888
1022
475
336
634
589
565
664
324
129
391
582
527
451
507
560
653
930
946
937
788
906
978
1135
1435
1486
1440
1704
1926
1682
1880
2345
2383
2363
2576
2387
2456
2657
2786
2605
2441
2398
2495
2678
2632
2272
2119
2270
2348
2326
2269
1990
2270
2455
2178
2301
2216
2016
2254
2159
1667
1509
1730
1599
1336
1004
955
868
796
607
457
603
480
582
758
570
826
1209
1098
1226
1135
905
1060
1341
1062
1125
1410
1147
1012
1009
931
1105
1184
1024
878
987
1264
1119
1197
1146
913
1228
1173
643
800
703
601
810
640
328
57
315
-50
-296
-21
-221
-552
-525
-447
-390
-508
-667
-780
-640
-487
-637
-686
-694
-804
-565
-604
-772
-624
-496
-449
-575
-475
-537
-596
-6
-146
14
330
173
335
303
391
606
745
1222
1164
845
887
872
1231
1264
1027
1003
962
1081
1368
1517
1497
1045
827
1046
1040
971
785
572
423
668
827
469
202
186
241
302
-96
-280
-352
-495
-357
-432
-594
-691
-865
-745
-840
-930
-741
-750
-902
-838
-738
-789
-859
-1027
-987
-1184
-1427
-1488
-1374
-1251
-1429
-1336
-1323
-1588
-1472
-1500
-1754
-1596
-1588
-1644
-1407
-1166
-1103
-1165
-1068
-1099
-1119
-921
-967
-1111
-1309
-1418
-1306
-1185
-1175
-1462
-1618
-1640
-1617
-1386
-1617
-1609
-1561
-1564
-1374
-1577
-1783
-1546
-1710
-1838
-1774
-1662
-1820
-1927
-1862
-1948
-1935
-1977
-2014
-1964
-1780
-1680
-1858
-1861
-1754
-1661
-1568
-1502
-1595
-1500
-1308
-1382
-1182
-1093
-1077
-809
-636
-518
-311
-160
17
72
84
72
100
375
357
181
196
212
74
-86
-232
-264
-598
-701
-724
-689
-662
-878
-1019
-1023
-1157
-1066
-1398
-1536
-1259
-1226
-1263
-1496
-1765
-1823
-1642
-1636
-1843
-2014
-2126
-2195
-2256
-2414
-2459
-2145
-1731
-1689
-1505
-1389
-1451
-1077
-781
-837
-873
-652
-335
-305
-417
-480
-628
-523
-289
-77
-29
58
131
239
420
482
597
668
683
686
778
799
543
514
351
216
214
207
336
277
194
285
256
106
265
470
331
235
68
-115
-34
196
24
104
91
82
450
625
708
878
844
828
1069
1400
1507
1578
1687
1684
1681
1598
1517
1596
1631
1507
1637
1741
1653
1709
1799
1629
1767
2043
1854
1739
1712
1785
1768
1634
1427
1242
1099
1020
801
353
147
260
157
-30
-79
-172
-143
-126
-77
21
56
42
83
331
280
171
341
457
502
636
657
696
985
1211
1397
1429
1517
1679
1639
1823
1990
1983
2017
1794
1733
1798
1688
1516
1457
1229
1186
1394
1454
1268
1296
1450
1277
1245
1311
1214
1121
1248
1294
1004
803
582
557
649
597
511
286
190
366
384
446
497
604
900
1147
1301
1546
1686
1898
1958
1854
1930
1832
1847
2056
1912
1783
1750
1653
1725
1850
1840
1508
1439
1739
1781
1667
1783
1756
1596
1628
1534
1361
1437
1323
1175
962
752
644
434
323
233
60
-104
-471
-762
-552
-637
-703
-744
-941
-908
-798
-793
-765
-834
-870
-836
-798
-707
-642
-597
-449
-242
-271
-140
117
270
429
656
816
734
1052
1405
1222
1431
1573
1374
1392
1437
1314
1142
1132
1113
932
871
961
760
578
713
647
716
784
325
294
391
167
-4
-171
-459
-605
-873
-1050
-1190
-1255
-1238
-1132
-1018
-795
-792
-804
-661
-496
-383
-279
-116
8
138
365
283
85
92
82
72
272
414
387
391
302
294
347
415
276
-43
-154
-211
-276
-297
-543
-760
-812
-1050
-1343
-1339
-1490
-1494
-1527
-1584
-1595
-1731
-1793
-1655
-1677
-1668
-1696
-1825
-1757
-1498
-1327
-1381
-1402
-1412
-1404
-1414
-1366
-1573
-1688
-1472
-1485
-1609
-1537
-1479
-1480
-1421
-1568
-1673
-1796
-1705
-1465
-1316
-1288
-1361
-1336
-1230
-1241
-1186
-820
-701
-723
-667
-889
-999
-800
-488
-318
-497
-630
-579
-421
-333
-277
-444
-456
-384
-322
-392
-473
-467
-533
-552
-633
-790
-750
-598
-774
-836
-896
-1133
-1033
-788
-797
-824
-843
-834
-766
-482
-391
-512
-559
-609
-681
-606
-634
-718
-637
-507
-585
-662
-727
-686
-564
-404
-352
-508
-576
-509
-378
-338
-456
-641
-802
-873
-917
-1042
-1121
-1124
-1117
-1242
-1322
-1289
-1258
-1152
-1063
-1039
-872
-885
-784
-604
-594
-607
-413
-224
-123
58
294
206
294
652
692
515
525
535
612
957
1001
850
843
947
1090
998
804
853
936
980
1112
979
680
598
782
805
795
783
645
598
702
653
499
408
477
683
741
483
312
444
588
665
908
894
843
991
1285
1409
1317
1302
1399
1418
1423
1267
1271
1465
1469
1399
1296
1124
1185
1229
1103
1060
1070
1141
1257
1280
1239
1092
900
897
1099
1200
997
1072
1061
898
886
1130
1226
1171
1159
1159
1042
1001
1073
1153
1161
1125
1122
1007
900
990
1148
1246
1265
1397
1329
1287
1476
1590
1504
1583
1540
1593
1657
1582
1500
1379
1312
1388
1452
1182
1049
1095
1060
900
989
1105
1063
1166
1328
1234
1221
1311
1345
1333
1335
1286
1195
1060
1017
1138
1296
1087
900
985
1187
1152
1124
1113
983
968
983
1022
1001
947
816
757
718
748
876
758
679
841
818
681
654
618
676
785
750
641
384
181
127
270
192
-41
-86
-62
-98
-58
-301
-435
-416
-377
-431
-572
-705
-761
-814
-935
-1196
-1238
-924
-720
-798
-653
-599
-584
-292
29
146
221
149
252
434
544
699
718
404
447
553
615
594
660
831
966
1050
1148
1338
1530
1616
1681
1683
1621
1784
1985
1860
1678
1549
1464
1487
1400
1443
1431
1632
1729
1665
1699
1832
1962
2094
2352
2545
2501
2447
2538
2808
3065
3259
3229
3149
3092
3100
2967
2945
2804
2422
2048
1805
1394
954
591
14
-647
-1267
-1614
-1934
-2277
-2386
-2671
-2785
-2557
-2546
-2493
-2442
-2415
-2415
-2361
-2290
-2274
-2354
-2412
-2457
-2527
-2681
-2795
-2815
-2795
-2672
-2375
-2224
-2268
-2104
-1867
-1753
-1779
-2009
-2425
-2648
-2770
-3077
-3456
-3712
-3834
-4089
-4443
-4742
-4907
-4898
-4953
-4909
-4994
-4936
-4846
-4756
-4862
-4748
-4707
-5045
-5256
-5433
-5562
-5638
-5495
-5573
-5546
-5372
-5128
-4963
-4736
-4474
-4106
-3835
-3745
-3786
-3704
-3695
-3677
-3742
-3724
-4004
-4108
-3911
-3924
-3835
-3687
-3410
-3002
-2774
-2609
-2270
-1880
-1388
-964
-915
-721
-495
-347
-59
340
608
577
630
961
1309
1577
2045
2429
2892
3371
3903
4377
4874
5270
5822
6223
6539
6959
7303
7805
8321
8910
9292
9835
10264
10902
11266
11373
11551
11503
11499
10133
7456
4115
314
-2656
-4437
-5369
-5843
-6274
-6955
-7975
-9263
-10382
-10438
-9507
-7643
-5649
-4635
-4641
-4678
-4650
-4672
-4694
-4788
-4863
-4497
-3424
-2166
-713
699
2015
3567
4871
5910
6937
7888
8932
10078
10598
10338
9298
7698
5886
4107
2816
1777
954
511
5
-885
-1850
-2637
-2992
-3049
-3063
-3089
-3112
-3587
-3999
-4529
-5388
-6234
-6843
-7216
-7253
-6992
-6548
-6010
-5125
-4062
-3088
-2249
-1422
-644
351
1245
1957
2484
2604
2242
1888
1316
766
446
12
-181
-115
-110
-199
-398
-482
-536
-376
-224
-175
-185
-366
-925
-1511
-1874
-2242
-2698
-3264
-3593
-3536
-3416
-3157
-2829
-2469
-1947
-1308
-735
-229
64
411
750
980
964
636
400
339
310
587
905
1171
1731
2368
2844
3263
3901
4592
5395
6258
7064
7598
7966
8265
8523
8850
9300
9758
10111
10473
10883
11381
11711
11876
12093
12527
13045
13559
13725
13540
13062
12085
10161
6957
2904
-1237
-4329
-6078
-6721
-7256
-7886
-8519
-9047
-9756
-10321
-9910
-8346
-6160
-4115
-2936
-2800
-2942
-2794
-2481
-2366
-2477
-2283
-1576
-306
1216
2652
3909
5235
6502
7603
8454
9087
9665
10233
10685
10377
8962
6944
4628
2332
389
-930
-1809
-2360
-2697
-2911
-3136
-3325
-3255
-2862
-2425
-1681
-1145
-1075
-1492
-2039
-2752
-3644
-4348
-4822
-5030
-5145
-5051
-4614
-3919
-3091
-2037
-1090
-226
647
1230
1657
1933
2116
1889
1130
321
-540
-1561
-2449
-2987
-3311
-3507
-3550
-3620
-3620
-3548
-3338
-3161
-2960
-2779
-2899
-3348
-4038
-4764
-5323
-5568
-5728
-5664
-5491
-5262
-5007
-4598
-3915
-3021
-2058
-1531
-1079
-583
-270
-55
-114
-357
-710
-914
-1009
-975
-972
-901
-647
-137
534
1149
1573
2092
2914
3771
4375
4814
5157
5290
5546
5811
5865
5944
6354
6670
7147
7758
8248
8837
9406
10105
10681
11331
11661
11589
11258
10645
8710
5141
761
-3843
-7573
-9944
-10926
-11336
-11566
-11847
-12285
-12955
-13481
-13034
-11279
-8678
-6347
-4782
-4470
-4647
-4744
-4729
-4777
-4824
-4726
-4087
-2931
-1585
-11
1395
2846
4119
5002
5524
5896
6347
6724
6975
6679
5558
3557
1134
-1449
-3847
-5594
-6627
-6867
-6768
-6632
-6352
-6164
-6056
-5755
-5238
-4691
-4303
-4155
-4293
-4791
-5538
-6335
-7104
-7669
-7863
-7642
-7074
-6365
-5334
-4081
-2802
-1655
-540
153
624
898
791
589
211
-749
-1931
-3063
-4176
-5128
-5768
-6038
-6082
-5911
-5521
-5358
-5243
-4897
-4558
-4250
-4236
-4509
-4883
-5459
-6020
-6388
-6586
-6431
-5965
-5452
-4689
-3956
-3202
-2278
-1411
-637
125
663
1062
1144
912
537
38
-366
-646
-908
-1041
-901
-556
-55
640
1477
2298
3160
3882
4536
5144
5757
6335
6696
6784
6718
6929
7064
7209
7724
8091
8466
9158
10010
10838
11780
12853
13902
14574
14768
14882
14377
13115
10039
5108
-358
-5106
-8344
-10039
-10309
-10316
-10335
-10720
-11022
-11396
-11350
-9771
-6885
-3933
-1838
-845
-886
-1195
-1614
-1763
-1955
-2141
-1900
-1038
464
2342
4297
6241
7825
8853
9540
9846
9901
9947
9988
9642
8526
6558
3907
936
-1800
-3925
-5460
-6171
-6221
-5887
-5213
-4428
-3818
-3241
-2689
-2335
-2173
-2293
-2686
-3141
-3471
-3713
-4174
-4677
-4796
-4581
-3997
-2952
-1632
-72
1621
3152
4335
5015
5257
5058
4540
3930
3172
2215
1031
-292
-1593
-2664
-3396
-3701
-3695
-3529
-3212
-2879
-2543
-2232
-2112
-2064
-1950
-2283
-2537
-3265
-3869
-4352
-4565
-4409
-3991
-3326
-2497
-1755
-849
241
1228
1950
2474
2681
2931
3096
2720
2241
1623
947
559
278
178
359
764
1333
2018
2890
3791
4450
4882
5352
5797
6091
6184
6137
5973
5737
5562
5540
5701
6043
6888
7605
8407
9368
10403
11347
12468
13612
14562
15328
15823
16164
15934
15483
14586
12156
7516
1822
-3691
-8181
-10778
-11191
-10767
-10570
-10470
-10511
-10873
-11520
-10839
-8880
-6332
-3894
-2034
-1792
-2029
-2349
-2591
-2526
-2517
-2373
-1730
-284
1685
4066
6106
7862
9031
9455
9421
9109
8684
8176
7503
6614
5013
2766
247
-2463
-4950
-6609
-7476
-7411
-6752
-5988
-5016
-4486
-4377
-4600
-4804
-5208
-5621
-5796
-6105
-6349
-6459
-6568
-6630
-6525
-6070
-5266
-4185
-2747
-1344
18
1335
2070
2463
2568
1767
1065
300
-693
-1582
-2292
-3147
-3945
-4839
-5490
-5890
-5906
-5519
-5035
-4528
-4295
-4328
-4474
-4679
-5052
-5371
-5948
-6596
-6947
-7283
-7386
-7071
-6722
-6094
-5061
-4068
-3091
-2266
-1691
-787
-255
-298
-518
-777
-1015
-1372
-1877
-2257
-2655
-2621
-2272
-2108
-1649
-1150
-653
35
688
1188
1468
1718
1961
2067
2021
2125
2306
2473
2728
3102
3576
4228
5148
6147
7080
8087
9104
10038
11036
11977
12736
13489
13869
13986
14176
14196
13945
13482
11903
8002
2266
-3843
-8871
-12256
-13575
-13368
-12806
-12550
-12879
-13325
-13952
-14100
-12774
-10156
-7425
-5277
-4255
-4169
-4522
-4796
-4524
-4102
-3661
-2915
-1596
147
2555
5207
7583
9141
9892
9998
9526
8949
8579
8253
7950
7069
5016
2217
-571
-2951
-4644
-5507
-5753
-5284
-4557
-4006
-3605
-3475
-3752
-3967
-4155
-4306
-4457
-4809
-5072
-5050
-4880
-4770
-4691
-4284
-3487
-2463
-1259
121
1571
2705
3400
3701
3486
2854
2167
1424
602
52
-624
-1487
-2260
-2822
-3276
-3357
-3214
-2880
-2339
-1699
-1301
-1217
-1343
-1666
-2055
-2284
-2660
-3227
-3725
-4059
-4177
-3921
-3343
-2746
-2031
-1169
-76
601
1216
1677
1875
1908
1620
1215
677
67
-421
-894
-1489
-1704
-1668
-1733
-1400
-908
-453
188
747
1180
1458
1539
1645
1806
1948
2213
2709
3207
3763
4372
5136
6011
6978
7982
8828
9581
10167
10797
11450
12090
12750
13324
13845
14463
15099
15659
16080
16547
16985
17102
16708
14307
8907
2179
-4173
-8848
-11295
-11700
-11257
-10891
-11435
-12174
-13061
-13894
-13182
-10463
-7258
-4635
-2733
-2175
-2571
-2966
-2723
-2343
-1805
-1093
62
1696
4058
6879
9540
11555
12626
13018
12401
11674
11316
11110
10627
9758
8035
4868
1566
-1083
-3241
-4496
-4769
-4094
-3117
-2563
-2524
-2920
-3632
-4158
-4285
-4369
-4795
-5139
-5252
-5552
-6045
-6301
-5899
-5191
-4353
-3122
-1702
-234
1398
2742
3671
4146
4084
3352
2391
1510
803
-7
-843
-1775
-2997
-4084
-4468
-4614
-4309
-3784
-3271
-2738
-2452
-2800
-3146
-3533
-3798
-3903
-4081
-4340
-4688
-4912
-4921
-4619
-4134
-3073
-2074
-1186
-301
218
437
441
335
100
-292
-779
-1541
-2503
-3158
-3295
-3368
-3447
-3429
-3139
-2756
-2153
-1184
-251
277
670
925
844
701
689
755
842
954
1186
1556
2037
2608
3423
4624
5652
6550
7505
8393
8958
9457
9957
10635
11027
11457
12266
12913
13573
14521
15342
15953
16562
16498
16225
14920
10782
3951
-3283
-9362
-13271
-15014
-14824
-14322
-14492
-14814
-15287
-16121
-16127
-14227
-11031
-7560
-4924
-3780
-3844
-4755
-5562
-5661
-5546
-5028
-3990
-2301
-172
2578
5601
7878
9347
10233
10387
9944
9471
8928
8425
7685
6252
3835
521
-2632
-4870
-6201
-6495
-6019
-5201
-4719
-4835
-5407
-6103
-6750
-7067
-7382
-7781
-8235
-8598
-8837
-9072
-9103
-8678
-7885
-6446
-4573
-2859
-1115
661
2222
3423
3664
3249
2735
1839
940
399
-197
-983
-1594
-2354
-3225
-3783
-4103
-4227
-3971
-3527
-3111
-3078
-3532
-4233
-4891
-5578
-6065
-6073
-6160
-6614
-6707
-6678
-6567
-6018
-5124
-4312
-3523
-2661
-1859
-1294
-1078
-1259
-1566
-1726
-2131
-2683
-3141
-3524
-3732
-3729
-3853
-3914
-3717
-3445
-2940
-2380
-1995
-1414
-1003
-813
-670
-657
-762
-717
-350
204
783
1472
2114
2793
3698
4590
5423
6220
6901
7589
8074
8183
8298
8382
8243
8261
8741
9230
10051
11375
12721
13911
15167
16491
17503
18358
18845
18613
17809
15021
9243
2131
-4798
-9817
-12377
-12666
-12089
-11360
-11299
-11456
-11679
-12156
-11587
-9356
-5892
-3055
-1545
-1638
-2461
-3280
-3483
-3110
-2402
-1381
106
2665
5831
9092
11718
13523
14403
14463
13970
13180
12195
11092
10078
8910
7063
4345
1337
-992
-2407
-2580
-1640
-667
-167
130
-362
-1379
-2553
-3680
-4631
-5264
-5898
-6377
-6921
-7415
-7447
-7070
-6208
-4653
-2907
-898
1097
2666
4269
5493
6158
6188
5598
4559
3577
2758
2157
1465
979
650
-240
-1051
-1211
-1530
-1774
-1663
-1623
-2024
-2593
-3271
-4126
-4805
-5048
-5050
-4891
-4582
-4358
-4243
-4027
-3227
-2105
-1360
-545
408
951
1093
1388
1358
812
426
272
-224
-666
-677
-693
-682
-443
-382
-349
-211
142
739
1094
1273
1540
1597
1336
1116
968
891
959
1303
1539
1776
2391
2951
3348
3898
4650
5161
5581
5949
6297
6717
7086
7252
7332
7549
7899
8375
8864
9568
10570
11776
12928
14057
15090
16086
16658
16916
17238
17288
16646
15359
11955
5847
-1170
-7053
-10494
-11438
-10552
-9326
-8579
-8832
-9389
-10329
-10922
-10230
-8194
-5448
-3479
-3149
-3930
-4989
-5836
-5705
-5121
-3991
-2481
-409
2416
5853
8879
10931
12165
12555
12128
11018
10017
9081
8222
7399
6306
4593
2139
-438
-2251
-2603
-2131
-1347
-528
-70
-411
-1426
-2614
-4025
-5255
-5891
-6356
-6739
-7107
-7441
-7362
-6995
-6236
-4946
-3523
-2058
-447
1039
2209
3278
4002
4074
3613
3255
2584
1803
1405
915
522
311
-112
-737
-1260
-1843
-2176
-2434
-2896
-3633
-4702
-5918
-7227
-8147
-8899
-9400
-9369
-8934
-8279
-7717
-7161
-6582
-5961
-5014
-4014
-3210
-2559
-2282
-2437
-2631
-2953
-3389
-3669
-3920
-3988
-3725
-3548
-3410
-3140
-3108
-3153
-2934
-2878
-2946
-2807
-2718
-2759
-2846
-3037
-3203
-3269
-3184
-3184
-2948
-2508
-2058
-1838
-1461
-1175
-877
-762
-633
-283
9
211
509
910
1254
1469
2070
2829
3480
4310
5255
6138
6977
7738
8492
9437
10628
12038
13189
13801
14295
14815
14880
15008
15303
14987
13722
10358
4898
-1613
-6974
-9969
-10755
-10344
-10060
-9954
-10346
-10855
-11796
-12701
-12581
-11001
-8768
-7223
-6769
-7433
-8645
-9045
-8392
-7711
-6713
-5240
-3092
-319
2747
5702
7996
9001
9367
9570
9131
8194
7662
7371
6935
6188
5051
3298
1230
-5
-3
563
1264
1619
1209
358
-745
-1927
-3360
-4895
-5840
-6439
-7036
-7304
-7510
-7706
-7493
-6657
-5552
-4411
-3127
-1847
-704
298
1191
1626
1687
1423
1174
1096
1030
1116
878
591
503
177
15
-76
-588
-1095
-1260
-1599
-2398
-3428
-4399
-5198
-5672
-5856
-6004
-5758
-5025
-4528
-4176
-3620
-2976
-2366
-1716
-734
69
618
794
773
739
747
591
253
29
14
104
27
-52
-196
-527
-686
-678
-879
-891
-608
-465
-452
-557
-506
-351
-145
181
497
718
977
1376
1584
1870
2088
2169
2366
2988
3377
3564
4068
4494
4835
5107
5705
6474
7137
7681
8214
8794
9265
9776
10191
10510
10985
11752
12730
13662
14446
14903
15463
15959
16237
16186
15990
15444
14429
11658
6443
119
-5559
-9039
-10137
-9670
-8961
-8635
-8930
-9182
-9674
-10258
-10249
-9215
-7114
-5269
-4513
-4867
-5696
-6289
-5928
-4991
-3916
-2415
-380
2609
6090
9038
10928
11847
11960
11729
11192
10347
9618
8706
7627
6636
5519
3648
1790
592
291
764
1340
1215
584
-144
-1331
-2741
-4207
-5600
-6820
-7671
-7963
-8324
-8462
-8319
-7816
-6891
-5793
-4482
-3003
-1550
-452
622
1601
2089
2253
2305
2230
2113
2199
2553
2851
3030
2813
2162
1878
1650
1208
597
-117
-888
-1794
-2841
-4111
-5485
-6680
-7141
-6980
-6611
-6482
-6172
-5762
-5408
-5038
-4631
-4228
-3742
-3282
-2667
-2091
-1988
-2062
-2125
-2264
-2238
-1942
-1695
-1658
-1445
-1002
-1087
-1560
-1709
-1806
-2160
-2185
-1902
-1695
-1797
-1819
-1817
-1991
-1905
-1760
-1574
-1137
-814
-716
-418
-340
-745
-946
-904
-1076
-1115
-897
-589
-454
-81
332
661
1030
1548
2058
2557
3103
3540
3751
4029
4489
4859
5259
5623
6291
7303
8267
9377
10278
11173
11973
12523
12884
13105
12923
12493
11870
9241
4161
-1791
-6998
-10162
-11009
-10438
-9695
-9601
-10250
-10603
-11210
-12059
-12248
-11405
-9595
-8195
-7684
-8079
-9151
-10015
-9535
-8607
-7522
-5903
-3764
-1051
1892
4455
6016
6529
6410
6342
6001
5506
5188
4749
4076
3603
3087
1858
799
263
346
1133
1578
1420
740
-453
-2092
-3657
-5299
-6920
-8056
-8588
-8984
-9445
-9530
-9222
-8736
-8087
-7244
-6038
-4893
-3860
-2850
-2198
-1997
-1897
-1842
-2084
-2064
-1643
-1212
-783
-268
209
9
-468
-940
-1546
-1881
-2145
-2730
-3329
-4232
-5091
-5698
-6440
-7222
-7472
-6988
-6302
-5497
-4970
-4763
-4562
-4299
-4022
-3800
-3604
-3445
-3012
-2704
-2526
-2491
-2442
-2374
-2127
-1576
-1190
-1056
-849
-780
-849
-917
-1463
-2228
-2476
-2624
-2726
-2807
-2883
-2656
-2573
-2543
-2024
-1599
-1182
-851
-361
-56
144
299
349
446
598
622
961
1325
1421
1872
2369
2746
3187
3628
3813
3992
4144
4358
4552
4512
4593
4754
4859
5093
5857
6632
7351
8182
9259
11134
11258
14300
14635
13642
13425
14454
16062
15496
14258
14047
12950
9116
4606
-2537
-6968
-8617
-8609
-7416
-8033
-8417
-7598
-8832
-9714
-8620
-8046
-8089
-7814
-6265
-4220
-4347
-7235
-8380
-6207
-3275
-1905
-1927
-453
2454
6093
7408
7956
8589
8138
8023
7764
7641
8390
8239
6987
6498
6987
6948
5859
4382
4140
4821
5439
5002
3892
2202
941
-481
-1169
-2305
-4081
-4912
-4585
-4653
-6647
-6390
-5466
-4966
-3359
-2032
-1219
-428
146
1336
1149
1500
2157
2473
2759
3681
3717
3995
5164
4953
3782
3200
2220
628
151
-1386
-2351
-2383
-3487
-5564
-5832
-6319
-6552
-7502
-7081
-6356
-5921
-5282
-5663
-4828
-3821
-3588
-4466
-4877
-4978
-4146
-3349
-3350
-3685
-1905
384
954
-272
-536
200
1503
1202
248
614
473
-557
-594
-1125
-932
-968
-1113
-1682
-2783
-1284
488
-109
-1850
-2101
-916
-539
-1398
-2451
-3100
-2418
-2054
-1562
-1351
-779
153
298
418
610
1313
2034
2342
2316
2950
4400
4982
4000
3448
4488
5732
7321
7503
6954
8108
9519
10447
10252
9310
9362
9958
10317
10483
11294
10995
9434
9756
10545
10461
8859
8024
7613
6770
3234
-2829
-8345
-10394
-10407
-9713
-9140
-9046
-9762
-10358
-9431
-9820
-10727
-9271
-5945
-2973
-1861
-2355
-4144
-4994
-4265
-2643
-1419
-699
989
3689
6082
7771
8575
8748
8330
7491
7262
6805
5795
5182
4279
2834
744
-779
-1348
-1524
-2003
-2654
-3051
-3536
-4328
-5813
-7710
-9272
-9835
-9710
-9844
-10372
-11016
-10811
-9172
-7822
-7255
-6770
-6168
-4625
-2871
-1206
-92
-109
-18
770
1159
1075
1405
1919
2226
2261
1567
1219
1002
1099
963
309
-297
-1199
-2640
-4466
-6071
-6862
-7480
-7693
-7693
-7871
-8230
-8144
-7534
-6557
-6117
-6246
-5352
-3927
-2481
-1303
-1656
-2374
-1890
-871
-435
-812
-715
-249
850
1123
288
-671
-1431
-1521
-1738
-2401
-3683
-4857
-5417
-5132
-5496
-5815
-5861
-6032
-6251
-5839
-4916
-4168
-3352
-3042
-3180
-3199
-2884
-2792
-2382
-1525
-1190
-1524
-1590
-1096
-319
609
1085
1359
1297
1173
1190
1334
1514
1664
2313
2647
2359
2664
3258
3486
3812
4653
5692
6409
6754
6735
7330
8475
9270
9534
9214
9220
9781
10752
11503
11650
11470
11856
12563
12676
12341
12031
11356
10194
7489
2694
-3027
-7655
-10306
-10892
-9669
-8742
-9106
-9987
-10325
-10300
-10215
-9209
-7592
-5712
-3829
-2576
-2828
-3682
-4279
-4074
-3048
-1058
1499
4097
6480
8629
10301
11658
11911
11658
11630
11196
10701
9978
8646
6934
5376
4179
2973
1264
-269
-1019
-1512
-1600
-2138
-3407
-4989
-6336
-7426
-8319
-8555
-8133
-7734
-7555
-6493
-5077
-4126
-3384
-2094
-385
1310
2523
3361
3849
4100
4546
4942
5124
5059
5202
5795
6219
6488
6851
6491
5356
4593
4404
3467
1924
845
-171
-1364
-2657
-4476
-6459
-8294
-8700
-7899
-6644
-5822
-5819
-5485
-4613
-2843
-2022
-2090
-2065
-998
751
1143
309
-576
-722
-387
723
1602
1969
2410
3128
3559
2923
1999
1694
1424
875
406
-268
-598
-1124
-1730
-1865
-1966
-1825
-1266
-574
-233
278
542
419
138
-646
-1064
-1018
-1026
-826
-936
-1381
-1052
-331
179
451
636
603
819
1263
1732
1945
1324
664
1132
2062
2648
3121
3320
3390
3642
4460
5247
5564
5779
6488
7318
7886
7815
7556
7860
8623
9044
9685
10520
10864
11630
12310
12384
12147
12010
11890
12241
12309
12090
11462
10275
8213
4404
-1735
-7423
-11188
-12340
-11339
-9994
-9552
-10047
-10440
-10553
-10187
-9199
-8261
-6756
-4872
-3436
-3086
-3671
-4134
-3519
-2328
-702
1324
3659
6077
8159
10024
11343
11462
10563
9509
8290
7213
6623
5470
3414
1955
618
-1087
-3075
-4980
-6303
-7090
-7350
-7499
-8056
-9138
-10004
-10807
-11568
-11788
-11308
-10297
-8691
-7093
-6081
-5244
-4327
-3196
-1715
107
1653
2704
3330
3613
3624
3615
3441
3174
3167
3352
3288
3069
2625
1803
844
-1
-748
-1666
-2778
-3842
-4748
-5821
-6809
-7510
-8690
-10179
-10969
-10736
-9815
-8516
-7144
-6332
-5846
-5174
-4143
-3638
-3844
-4074
-3620
-2677
-2125
-2348
-3108
-3947
-4274
-3796
-3442
-3463
-3767
-3703
-3504
-3711
-4548
-5221
-5407
-5354
-5065
-4741
-4939
-4820
-3996
-3476
-3483
-3274
-2812
-2380
-1617
-1301
-1644
-2366
-2752
-2858
-2948
-3410
-3655
-3392
-3178
-3041
-2896
-3006
-3113
-2714
-2151
-1921
-1977
-2003
-1819
-1696
-1854
-1857
-1463
-870
-235
379
1074
1900
2561
2929
3454
3655
3915
4200
4319
4507
5082
5651
5935
5903
6187
6950
7906
8632
9026
9534
10223
10754
10542
10003
9755
9894
10064
9699
9115
8684
8436
8083
7806
6301
2560
-2845
-8424
-12289
-13584
-13043
-12272
-11815
-11715
-11671
-11401
-10542
-8768
-6429
-3680
-1163
1052
2770
3668
3991
4408
4722
5138
6137
7663
9439
11463
12981
13421
12602
11079
9240
7642
6690
5658
4064
2551
1193
-847
-3461
-5750
-7092
-7680
-7659
-7435
-6963
-6751
-6897
-7368
-7687
-7574
-7250
-6576
-5091
-3320
-1276
643
1978
2859
3542
4829
6474
7801
9137
9995
9898
9431
8370
6718
5349
4267
3347
2613
1626
712
-143
-1135
-1948
-2761
-3583
-4254
-4552
-4313
-4097
-4266
-4007
-3851
-3937
-3744
-3143
-2241
-1338
-295
627
1123
876
-475
-2739
-4489
-3919
-2057
-1086
-1908
-2985
-2906
-1677
-636
-1453
-2433
-2009
-551
945
1209
-289
-1236
-1116
-505
-61
-273
-307
199
709
504
-168
-875
-1477
-2013
-1894
-1698
-2054
-2373
-2598
-2749
-2648
-2590
-2018
-1059
-301
181
580
882
832
541
124
-374
-325
371
1068
1396
1439
1282
1404
1702
2024
2543
3127
3393
3664
4152
4345
3982
3782
3873
4322
5052
5569
5812
6189
6828
7508
8024
8552
9212
9967
10813
11534
11961
12290
12430
12126
12086
12369
12366
12569
12631
12653
12685
12336
11806
11271
10545
7871
3068
-3975
-11474
-16610
-18346
-17576
-15589
-13502
-12167
-10945
-9582
-7461
-4847
-1920
1556
4299
5962
7054
7537
6996
6425
6290
6362
6306
6710
8327
10555
12174
12773
11824
9619
6696
4181
2249
716
-867
-2834
-5519
-8423
-11118
-12924
-13327
-12643
-11576
-10118
-8673
-7633
-6597
-5494
-4529
-3865
-2998
-1913
-562
946
2600
3962
4710
5220
5742
6078
6181
6620
7357
7105
5428
3161
1013
-954
-2578
-3778
-4597
-5184
-5757
-6422
-6629
-6437
-6630
-6634
-6163
-5814
-5567
-5010
-4403
-3831
-3393
-2988
-2524
-2031
-1111
-307
-646
-1217
-1533
-2055
-2430
-2774
-3627
-4592
-5067
-5303
-5620
-6294
-7043
-7574
-7634
-7351
-6921
-6748
-6462
-5911
-5123
-4346
-4381
-4610
-4143
-3872
-3570
-3232
-3272
-3676
-3675
-3687
-3920
-4116
-4107
-4136
-4420
-4726
-4900
-5148
-5751
-5981
-5616
-5157
-5099
-4991
-4399
-3722
-3378
-3150
-2698
-2173
-1749
-1347
-1106
-961
-885
-971
-1253
-1566
-1840
-1997
-1906
-1777
-1431
-1099
-956
-782
-440
-77
247
573
1020
1422
2018
2769
3156
3393
3679
4053
4693
5381
5658
6145
7449
8351
8824
9289
9254
9607
10318
10224
9494
9151
9430
10130
11065
11199
10575
10260
9960
9345
8239
5611
434
-6243
-12713
-17358
-18904
-18018
-15965
-13692
-11958
-10271
-8154
-6193
-3404
-86
3043
5726
7569
8416
8600
8004
7581
7338
6766
6454
6800
7696
9381
10755
11506
10656
7672
4653
2303
131
-1583
-3248
-5391
-7515
-9388
-10573
-10934
-10052
-7963
-5787
-3366
-1036
664
2086
3423
4096
4709
5044
4802
4942
5489
6099
6743
6924
6929
6482
5433
5147
5160
4699
3965
2098
-243
-2298
-4286
-5355
-5857
-6311
-6425
-6644
-5995
-4548
-3452
-2341
-1238
-469
597
1563
2139
2684
3444
4021
4117
4164
4293
4624
4993
5481
5384
4212
2511
524
-929
-2073
-3123
-4409
-5913
-6935
-7195
-6822
-6456
-6647
-6582
-5899
-4591
-3071
-2256
-2020
-1423
-612
-18
307
343
92
191
533
595
-149
-1377
-2159
-2827
-3248
-3486
-3700
-3703
-3708
-3625
-3295
-2931
-2392
-1673
-783
261
1181
1761
2459
3123
3382
3291
2574
1880
1526
922
156
-476
-823
-1109
-1433
-1546
-1458
-1406
-835
9
491
1115
1954
2521
3371
4151
4873
5694
6334
6642
6919
7394
7723
8040
8609
9055
9004
8783
9236
10010
10566
10975
11171
11428
12094
12990
13253
13171
13380
13424
13205
13109
12940
12180
11511
10532
8685
5796
1472
-4926
-12200
-17681
-19958
-19293
-17223
-14565
-12161
-9762
-7045
-4351
-1630
953
3556
6297
8319
9340
9736
9217
8642
8121
7574
7324
7102
7492
8826
9952
10597
9941
7497
4075
529
-2072
-3776
-5235
-6723
-8608
-10801
-11876
-12159
-11582
-10108
-8275
-6228
-4337
-2379
-558
815
1655
2023
1930
2013
2321
2622
3102
3820
4511
4499
3761
3062
2541
2154
1358
141
-1388
-3024
-4805
-6705
-8284
-9322
-9660
-9623
-8875
-7945
-6830
-5190
-3582
-2435
-1490
-646
-185
211
711
1063
1249
1193
1177
658
186
34
-324
-966
-1506
-2213
-3251
-4826
-6896
-8971
-10426
-11060
-11056
-10753
-10814
-10758
-10188
-9221
-8125
-7513
-7385
-7047
-6035
-4503
-3532
-3369
-3675
-3839
-3605
-3423
-3354
-3561
-3637
-3553
-3382
-3554
-4136
-5027
-5784
-6237
-6340
-6477
-6532
-6735
-6730
-6131
-5650
-5334
-4915
-4368
-3511
-2714
-2385
-2525
-2438
-2310
-2805
-3614
-4059
-4151
-4342
-4407
-4371
-4576
-4612
-4246
-3910
-3321
-2729
-1981
-908
325
1230
2041
2836
3814
4651
5267
6118
6799
7001
7175
7435
7798
8028
7637
7013
6465
6426
6629
6519
6175
6374
6926
7594
7884
8104
8229
8510
8994
9135
8731
8376
8001
7246
6389
5185
2648
-1519
-6957
-12435
-16644
-18395
-16920
-14512
-11963
-9295
-6882
-4668
-1848
1031
3487
5436
7487
9415
10332
10565
10789
10474
9780
9116
8309
7949
8229
8820
9378
9031
7262
4612
1097
-2498
-5054
-6579
-7831
-9270
-10458
-11371
-12134
-11989
-10691
-9004
-7001
-5044
-3119
-1296
113
1353
2300
2943
3526
4190
4939
5978
7139
8294
9148
9322
8963
8083
7024
5957
4747
3435
1991
154
-1392
-3060
-4555
-5073
-5400
-5789
-5524
-4906
-4209
-3493
-2731
-2072
-1496
-945
-472
-235
316
1111
1641
2049
2464
2921
3459
3604
3632
3694
3348
2804
1888
824
-212
-1349
-2823
-4412
-5525
-5696
-5532
-5058
-4218
-3338
-2205
-1013
-316
168
308
406
764
1432
1930
1756
1352
1072
947
603
265
-369
-1158
-1353
-1563
-2244
-3307
-4140
-4531
-5089
-5533
-5226
-4636
-4295
-3794
-3270
-2368
-1260
-707
-483
-235
364
1000
1120
1281
1220
1058
1340
1491
1596
1735
1622
1902
2236
2030
2108
2353
2190
2149
2344
2939
3614
3915
4276
4948
5566
6040
6465
6514
6381
6331
6656
6982
7264
7245
7260
7402
7851
8218
8570
8931
9263
9716
10282
10690
10456
10163
10178
9936
9720
9846
9479
8938
8354
6399
2771
-2210
-7279
-10813
-12399
-12067
-10512
-8950
-7414
-5558
-3848
-2123
-595
877
2289
3620
4803
5803
6097
6087
6188
5897
5355
5113
5311
5827
6652
7617
7780
6355
4054
1452
-1235
-3618
-5495
-6609
-6946
-6859
-6692
-6698
-6946
-6726
-6020
-4802
-3428
-2324
-1280
-154
1033
1913
2499
2932
3394
3803
4558
5384
6241
7102
7256
6310
5090
3952
2631
1020
-361
-1718
-3096
-4299
-5226
-6044
-6776
-7217
-7199
-7065
-7183
-7115
-6377
-5655
-5266
-4840
-4502
-4333
-3547
-2378
-1471
-664
168
803
1636
2568
3216
3808
4035
3818
3373
2822
1816
656
-185
-959
-1911
-3102
-4736
-6384
-7165
-7391
-7545
-7926
-8492
-8617
-8194
-7570
-7363
-7767
-7824
-7246
-6374
-5433
-4939
-4917
-4644
-3944
-3267
-3025
-3492
-4118
-4809
-5163
-5045
-5253
-5896
-6202
-5936
-5458
-4771
-4312
-4356
-4236
-3606
-3106
-3078
-3080
-2878
-2526
-2284
-2285
-2291
-2290
-2042
-1994
-2242
-2408
-2368
-2242
-2098
-2157
-2456
-2594
-2659
-2809
-3039
-2876
-2328
-1586
-978
-339
417
1058
1478
2030
3068
3865
4088
4796
5823
6619
7159
7545
8063
8831
9830
10581
10854
10935
11362
11733
11924
11406
10445
9581
9130
8464
7044
4984
1761
-2575
-7593
-12183
-15205
-16203
-15690
-14397
-12883
-11491
-9565
-7451
-5614
-4037
-2671
-1198
271
1623
2851
3692
4368
4999
5594
6152
6975
8012
9144
10250
10907
10712
9566
7625
5418
3352
1675
49
-1301
-2141
-2601
-2775
-2564
-2371
-2391
-2552
-2531
-2375
-2420
-2637
-2770
-2707
-2737
-2923
-2551
-1740
-700
773
2533
3870
4865
5653
5775
5479
5012
4132
3112
1939
926
232
-454
-1011
-1411
-1386
-1191
-1094
-868
-749
-1014
-1144
-1244
-1604
-2125
-2346
-2260
-2095
-1679
-1150
-436
489
1343
1848
2166
2293
2521
2583
2332
1877
1386
958
657
451
79
-551
-1226
-1742
-1942
-2056
-2570
-3235
-3847
-4382
-5022
-5692
-5989
-5901
-5748
-5400
-4620
-3547
-2587
-1540
-481
401
1312
2004
2559
2669
2800
3138
3248
3122
2929
2673
2371
2154
2012
1778
1145
673
513
-19
-798
-1384
-1883
-2334
-2639
-2872
-2809
-2457
-2189
-2101
-1818
-1407
-1096
-722
-322
121
770
1488
1976
2426
3009
3493
3859
4387
4888
5333
5985
6470
6824
7373
8169
8792
9423
10232
10640
11007
11719
12191
12207
11911
11818
11892
11705
11507
11376
11173
11239
11128
10660
9976
9123
8137
7260
5642
2462
-2332
-7009
-10210
-11619
-11398
-10468
-9871
-9241
-7822
-5866
-3985
-2603
-1782
-1275
-641
668
1959
2405
2628
3262
4205
5272
6470
7617
8544
9686
10727
10902
9994
8469
6922
5202
3291
1539
91
-1281
-2453
-3026
-3007
-3214
-3461
-3409
-3508
-4057
-4431
-4909
-5397
-5730
-6048
-6259
-6415
-6164
-5190
-4026
-3049
-1818
-348
1088
2215
3143
3803
4172
4191
4142
3792
3353
2974
2956
2986
2817
2613
2278
1553
858
259
-349
-1215
-2455
-3694
-4773
-5688
-6399
-6898
-7278
-7568
-7556
-6962
-6296
-5931
-5358
-4649
-4485
-4445
-4588
-4887
-4993
-4801
-4593
-4066
-3460
-2717
-1934
-1284
-718
-434
-453
-614
-919
-1271
-1656
-2057
-2432
-2836
-3254
-3399
-3379
-3448
-3452
-3410
-3393
-3410
-3592
-3894
-4375
-4758
-4862
-4814
-4927
-4953
-4657
-4175
-3706
-3193
-2866
-2466
-2104
-2117
-2232
-2107
-2088
-2076
-2125
-2120
-2005
-1774
-1488
-1170
-1055
-979
-739
-445
-459
-457
-398
-372
-377
-687
-971
-821
-687
-824
-974
-1099
-1157
-1005
-859
-607
-285
-226
-170
197
566
870
1267
1838
2485
2977
3555
4132
4354
4472
4830
5151
5326
5433
5485
5640
5683
5765
5955
5969
5834
5869
5538
3639
789
-1709
-3371
-4347
-4441
-4124
-4182
-4399
-4022
-3318
-3201
-3707
-4066
-4288
-4475
-4162
-3841
-3976
-4319
-4359
-4131
-4005
-3524
-2467
-1423
-407
742
1933
2602
2702
2845
2980
2801
2683
2615
2343
2062
1974
1922
1648
1466
1670
1815
1823
1743
1454
985
441
-26
-663
-1376
-1930
-2259
-2422
-2553
-2628
-2613
-2434
-2222
-2168
-2165
-1993
-1817
-1562
-1245
-1191
-1357
-1332
-1135
-787
-314
163
444
737
1184
1669
2016
2297
2302
2066
2084
2236
2347
2419
2620
2679
2739
2983
3144
3237
3406
3459
3423
3386
3327
3250
3090
2957
2906
2536
2205
2119
2067
1990
1957
2000
1918
1750
1562
1365
1071
934
983
940
869
658
621
833
1025
971
908
1048
1162
1269
1473
1607
1491
1384
1580
1856
2156
2480
2862
3021
3259
3481
3551
3655
3653
3660
3602
3588
3606
3390
2971
2784
2640
2424
2246
2085
1982
1791
1500
1395
1324
1391
1103
374
133
75
-256
-530
-379
-397
-279
385
1023
1340
1604
1868
2111
2186
2378
2556
2741
3018
3312
3503
3626
3626
3690
3882
4042
3850
3649
3520
3565
3660
3435
2904
2292
1858
1404
905
431
174
-86
-419
-631
-807
-891
-993
-1253
-1439
-1355
-1173
-1212
-1113
-832
-568
-536
-403
-349
-257
6
229
436
710
1169
1689
1888
1982
2225
2517
2704
2667
2605
2566
2541
2388
2470
2220
1918
1535
1134
1000
674
134
3
-163
-516
-843
-1023
-1177
-1510
-1624
-1639
-1907
-2030
-2112
-2374
-2386
-2404
-2360
-2349
-2332
-2235
-2089
-1971
-1716
-1416
-1004
-923
-952
-556
-202
-175
232
461
286
78
-73
-47
-129
-369
-476
-715
-1022
-1159
-1293
-1603
-2108
-2081
-2457
-2934
-3116
-3151
-3547
-3553
-3381
-3407
-3427
-3660
-3751
-3714
-3564
-3682
-3663
-3570
-3414
-3385
-3355
-3313
-3206
-2882
-2583
-2675
-2401
-1989
-1923
-1644
-1234
-1131
-731
-491
-742
-629
-540
-699
-800
-932
-1125
-1290
-1411
-1474
-1840
-2103
-2287
-2590
-2563
-2683
-2854
-2830
-2980
-3001
-2966
-3257
-3439
-3374
-3429
-3473
-3610
-3608
-3340
-3480
-3742
-3404
-3205
-3097
-2699
-2786
-2487
-2112
-1956
-1773
-1649
-1188
-766
-862
-535
-192
-166
171
259
176
40
-134
-229
-398
-757
-805
-773
-893
-1347
-1563
-1667
-1876
-2042
-2006
-2066
-2389
-2508
-2421
-2478
-2549
-2418
-2503
-2960
-3174
-2965
-2967
-2924
-2597
-2332
-2091
-1713
-1224
-683
-278
206
663
732
1280
1657
1652
1767
1925
1899
1909
1743
1683
1624
1339
1055
655
324
-7
-312
-507
-846
-1118
-1110
-1318
-1718
-2020
-2319
-2586
-2602
-2688
-2789
-3063
-3204
-3110
-2965
-2894
-2896
-2845
-2638
-2334
-2009
-1440
-865
-506
-134
307
804
1252
1694
2123
2260
2351
2474
2519
2516
2497
2471
2220
1884
1682
1542
1060
584
326
12
-354
-812
-1209
-1348
-1330
-1427
-1718
-2133
-2115
-1918
-2007
-2033
-2015
-2085
-1910
-1625
-1553
-1421
-1178
-770
-289
17
471
1129
1575
2017
2355
2590
2873
3215
3268
3198
3347
3385
3139
2835
2449
1843
1697
1549
1177
934
839
532
173
-204
-406
-542
-778
-907
-988
-1025
-1041
-1373
-1644
-1588
-1547
-1443
-1433
-1582
-1329
-1154
-994
-718
-435
-25
542
1012
1670
2368
2738
3069
3405
3637
3930
4271
4478
4325
4223
4378
4481
4486
4271
4107
4023
3771
3376
2920
2534
2328
2088
1806
1610
1487
1413
990
656
634
573
187
-99
-355
-472
-432
-598
-534
-404
-402
256
313
155
889
1241
1557
2179
2401
2519
2803
3104
3377
3421
3172
2979
3068
3012
2554
2304
2060
1817
1562
1355
969
566
351
90
-394
-522
-365
-542
-877
-1049
-1054
-1252
-1464
-1514
-1583
-1808
-1876
-1684
-1605
-1633
-1597
-1212
-800
-652
-354
23
256
641
1206
1583
1616
1686
1795
1831
1700
1643
1561
1308
1092
787
339
-4
-245
-516
-824
-1149
-1242
-1335
-1667
-2003
-2184
-2320
-2468
-2583
-2610
-2784
-3178
-3307
-3109
-3331
-3591
-3602
-3699
-3847
-3755
-3590
-3433
-3375
-3156
-2764
-2367
-1945
-1642
-1545
-1440
-1167
-859
-645
-388
-268
-280
-328
-283
-341
-705
-1143
-1248
-1074
-1351
-1598
-1680
-2115
-2411
-2336
-2496
-2609
-2623
-2764
-2988
-3233
-3321
-3195
-3290
-3345
-3345
-3452
-3336
-3239
-3104
-2928
-2770
-2485
-2158
-1910
-1577
-1067
-640
-288
48
317
462
661
827
684
363
163
75
-146
-454
-681
-1083
-1528
-1728
-2011
-2413
-2753
-3034
-3424
-3740
-3823
-3777
-3886
-3914
-3952
-3888
-4021
-4194
-4347
-4263
-4114
-4050
-3783
-3582
-3584
-3278
-2910
-2767
-2433
-1910
-1480
-1186
-895
-398
31
95
267
327
345
525
428
98
7
-158
-321
-503
-780
-1025
-1268
-1412
-1632
-1817
-1619
-1669
-1930
-1970
-2082
-2257
-2313
-2524
-2803
-2982
-3059
-3305
-3536
-3517
-3595
-3844
-3919
-3831
-3657
-3331
-2859
-2632
-2382
-1991
-1511
-1030
-784
-631
-381
56
334
459
601
520
390
286
70
-222
-348
-577
-678
-760
-833
-828
-1148
-1362
-1411
-1554
-1589
-1701
-2031
-2025
-2100
-2225
-2222
-2378
-2602
-2692
-2862
-2821
-2655
-2498
-2212
-1841
-1473
-808
-225
198
817
1370
1779
2204
2568
2808
3084
3449
3619
3528
3362
3158
2781
2537
2343
2036
1921
1766
1410
1211
1170
959
720
636
298
-106
-158
-306
-523
-569
-653
-854
-1058
-1147
-1136
-1283
-1537
-1417
-1282
-1098
-778
-458
-175
242
671
954
1214
1590
2056
2382
2445
2405
2616
2840
2600
2461
2504
2380
2230
2200
2085
2033
2089
2134
2127
1942
1828
1932
1964
1939
1932
1724
1533
1344
1145
921
555
269
171
-46
-135
-35
-51
-111
130
422
631
894
1203
1670
1944
2217
2531
2741
2972
3309
3336
3193
3150
3150
2928
2747
2742
2636
2512
2364
2041
1935
2001
1878
1731
1667
1548
1422
1468
1386
1214
947
610
355
245
-71
-515
-712
-713
-688
-560
-379
-270
-121
146
410
644
971
1289
1717
2051
2416
2687
2737
2794
2848
2682
2592
2670
2596
2344
2098
2005
1777
1726
1757
1528
1354
1355
1292
1172
1123
1087
1196
1255
1088
925
744
513
484
450
196
12
77
134
107
132
163
92
141
366
634
924
1217
1383
1432
1535
1596
1423
1329
1236
921
493
226
-14
-205
-293
-384
-660
-966
-1120
-1129
-1127
-1063
-1117
-1138
-1096
-1096
-1116
-1247
-1492
-1616
-1717
-1711
-1774
-1950
-1963
-1844
-1837
-1818
-1826
-1764
-1525
-1164
-918
-742
-465
-275
-103
122
332
529
532
458
349
299
146
-130
-346
-416
-639
-785
-838
-1000
-1270
-1544
-1561
-1619
-1884
-2019
-1858
-1797
-1807
-1812
-1941
-2104
-2231
-2242
-2337
-2447
-2523
-2427
-2227
-2253
-2288
-2115
-1840
-1712
-1545
-1264
-913
-619
-356
-26
65
106
231
242
106
-12
-69
-65
-328
-587
-691
-792
-1066
-1422
-1708
-1945
-2002
-1910
-1947
-1993
-2007
-2057
-2038
-2080
-2041
-2142
-2282
-2235
-2122
-2088
-2032
-1997
-1966
-1666
-1462
-1405
-1279
-996
-712
-269
33
242
553
985
1252
1378
1392
1499
1630
1490
1330
1318
1128
924
697
349
252
-4
-325
-411
-430
-730
-910
-1014
-1182
-1333
-1480
-1786
-1929
-1956
-2187
-2437
-2605
-2708
-2709
-2700
-2740
-2744
-2666
-2320
-1870
-1647
-1480
-1325
-965
-549
-284
-46
133
205
444
541
601
758
806
666
599
491
295
145
-79
-143
-165
-248
-370
-408
-413
-460
-607
-756
-982
-1281
-1512
-1649
-1658
-1650
-1817
-1934
-1886
-1775
-1559
-1291
-1133
-1059
-846
-477
-181
239
675
878
1170
1628
1751
1811
1817
1835
1919
1828
1549
1304
1082
1105
1109
790
605
582
330
309
311
231
81
79
54
-95
-186
-218
-386
-506
-560
-849
-921
-699
-699
-784
-812
-758
-532
-229
84
471
903
1269
1645
2030
2384
2691
2970
3107
3178
3378
3538
3487
3312
3331
3521
3621
3502
3311
3221
3210
3215
3066
2992
3039
3093
3059
3084
2998
2739
2527
2431
2363
2258
2205
2053
1787
1626
1548
1382
1437
1634
1915
2071
2139
2269
2538
2694
2725
2807
3006
3104
3190
3370
3341
3242
3351
3383
3057
2717
2589
2381
2036
1822
1697
1576
1610
1598
1491
1350
1338
1406
1407
1451
1343
1155
1340
1500
1253
1083
1070
1059
953
904
1066
1341
1561
1689
1922
2060
2171
2439
2557
2593
2750
2794
2886
2905
2748
2563
2455
2353
2196
2047
1828
1488
1231
1151
996
778
544
528
571
710
563
480
517
428
274
208
-22
-140
-270
-492
-709
-803
-937
-1003
-1021
-1018
-981
-742
-557
-428
-213
90
432
848
94
347
405
612
383
678
490
365
295
163
-18
-251
-476
-535
-573
-553
-549
-478
-279
-103
-156
-210
-339
-401
-518
-596
-741
-729
-845
-1103
-1267
-1360
-1446
-1675
-1908
-2009
-1805
-1446
-1091
-755
-341
-4
459
757
837
974
1148
1282
1423
1309
1145
1020
787
615
424
210
48
-153
-155
-135
-241
-233
-327
-448
-480
-600
-804
-1051
-1320
-1629
-1865
-1895
-2057
-2361
-2729
-2993
-3083
-3173
-3142
-2862
-2606
-2426
-2217
-1971
-1671
-1229
-771
-527
-282
9
202
403
566
622
598
526
499
385
117
-32
-132
-259
-416
-571
-684
-826
-1074
-1183
-2000
-3802
-3325
-2400
-2416
-2992
-2864
-2571
-2606
-3130
-3268
-3356
-3681
-3787
-3573
-3622
-3551
-3227
-2781
-2350
-2041
-1940
-1932
-1607
-1090
-912
-870
-1054
-753
-557
-602
-789
-931
-1042
-1260
-1472
-1593
-1662
-1931
-1879
-1857
-1974
-1920
-1805
-1894
-2073
-2051
-1899
-1919
-1961
-2002
-2000
-2349
-2863
-2948
-2943
-3147
-3300
-3226
-3391
-3096
-2875
-3343
-3501
-2671
-1730
-1842
-1843
-1485
-672
-306
-119
295
557
651
958
974
698
577
565
682
718
609
576
590
748
898
985
1024
1248
1347
1255
1230
1306
1367
938
543
608
645
400
-42
-270
-468
-867
-1081
-946
-718
-752
-770
-734
-482
-264
-130
126
409
318
333
602
472
335
447
335
130
231
348
450
475
269
329
691
871
942
1048
1186
1410
1662
1759
1744
1722
1718
1814
1601
1420
1386
1055
593
540
771
913
777
543
717
863
1179
1565
1704
1762
1886
1964
2093
2195
2057
1861
1785
1619
1734
1759
1303
1219
1356
1204
1266
1465
1460
1402
1471
1398
1628
1864
1789
1758
1920
2157
2039
1506
1043
951
851
423
134
262
187
-53
-57
241
290
65
222
472
290
430
1004
1203
1022
1072
1256
1237
1194
1091
947
824
798
1026
1074
1050
1251
1581
1634
1406
1746
1970
1694
1863
2224
2655
2622
2260
2267
2216
2247
2186
2071
1875
1658
1843
1995
1882
1876
2022
2008
1964
2128
2165
1955
2173
2236
2054
2256
2413
1476
1248
1517
1092
834
1088
637
99
145
337
172
-25
-40
140
69
28
332
676
569
561
694
905
511
427
714
96
-457
-89
-254
-683
-567
-93
70
-185
-131
499
585
562
886
1098
795
683
1049
1039
580
309
375
368
-60
-454
-620
-760
-1068
-1054
-1105
-1403
-1726
-1653
-1404
-1245
-1057
-852
-761
-860
-800
-736
-1081
-1266
-1104
-1138
-1181
-934
-804
-899
-1024
-1010
-1032
-1124
-1126
-955
-559
-405
-630
-526
-351
-472
-463
-660
-967
-1049
-1161
-1418
-1877
-2258
-2416
-2630
-3107
-3460
-3579
-3644
-3650
-3528
-3178
-3022
-3243
-3277
-3120
-3089
-3145
-3083
-3134
-3222
-3134
-3006
-3109
-3286
-3322
-3463
-3262
-2828
-2637
-2577
-2466
-2483
-2405
-2224
-2367
-2282
-1815
-1690
-1998
-2009
-1949
-2455
-2828
-2963
-3137
-3219
-3238
-3314
-3371
-3364
-3561
-3819
-3652
-3528
-3503
-3369
-3165
-2786
-2994
-3418
-2954
-2678
-3010
-3216
-3365
-3550
-3481
-3476
-3664
-3570
-3296
-3280
-3334
-3359
-3432
-3451
-3176
-3083
-2962
-2657
-2760
-3049
-3026
-3158
-3140
-3082
-3303
-3625
-3556
-3244
-3314
-3411
-3069
-2559
-2183
-2049
-1581
-1166
-967
-607
-22
595
880
920
1293
2002
2305
2311
2713
3257
3341
3536
3880
4106
4298
4716
5071
5392
5984
6647
6840
6680
6754
6250
4695
3189
2994
3357
3575
3692
3442
2783
1908
1408
1154
434
-519
-1228
-2049
-2837
-3279
-3446
-3293
-2990
-2684
-2548
-2661
-2742
-2692
-3001
-3626
-4288
-4826
-4932
-4593
-3989
-3423
-3222
-3122
-2738
-2295
-1818
-1288
-865
-580
-578
-654
-347
142
582
1070
1604
2104
2532
2849
2878
2542
2020
1623
1576
1544
1573
1642
1935
2510
3010
3341
3565
3521
3266
2941
2402
1863
1420
1207
1000
916
1015
1082
890
691
526
161
-321
-814
-1102
-1354
-1664
-1709
-1631
-1601
-1475
-1345
-1446
-1727
-2288
-2883
-3527
-4014
-4108
-4029
-3978
-3863
-3582
-3134
-2596
-2164
-1792
-1600
-1440
-1163
-868
-624
-386
95
664
1255
1865
2298
2469
2617
2792
2871
2915
3065
3412
3793
3945
4186
4638
5040
5553
5776
5764
5614
5380
5180
4912
4567
4178
4094
3984
3922
3992
3968
3950
4013
4282
4256
4287
4789
5328
6224
7118
7612
8496
9520
10382
11465
12095
12359
13084
13705
13925
13722
12013
10307
9438
9013
9942
10950
11474
11637
10876
9700
9017
7956
6663
5621
4369
3448
2619
1358
377
-386
-1063
-1635
-2475
-3105
-3702
-4652
-5592
-6502
-7266
-7692
-7582
-6633
-5270
-4436
-3931
-3678
-3701
-3529
-3063
-2241
-1373
-871
-416
78
764
1630
2582
3749
4984
5814
6611
7310
7599
7725
7702
7755
8314
9006
9549
9901
9840
9539
8958
8080
7206
6436
5752
5177
4501
3862
3083
2276
1767
1554
1485
1339
847
267
-211
-1035
-1907
-2656
-3201
-3601
-4175
-4629
-4875
-5082
-5373
-5616
-5988
-6458
-6829
-6854
-7003
-7262
-7135
-6732
-6196
-5742
-5361
-5114
-5000
-4916
-4736
-4930
-5318
-5584
-5748
-5589
-5360
-5279
-5185
-5080
-4819
-4441
-4211
-4116
-4100
-4001
-3695
-3592
-3405
-2962
-2664
-2449
-2216
-2176
-2084
-2017
-2082
-2111
-2089
-1988
-1811
-1540
-1109
-691
-318
40
431
845
1118
1154
1176
1214
1293
1276
1108
1218
1171
956
1012
854
730
959
1300
1313
1366
1859
2683
3598
4217
4914
5883
6589
7604
8384
8986
9773
10242
10495
10801
11023
10987
10225
8500
7498
6934
6217
6882
7762
7398
6799
5822
4781
3914
2737
1746
944
-392
-1512
-2161
-3271
-4254
-5258
-6317
-7058
-7816
-8439
-9097
-9900
-10394
-10872
-11568
-11636
-11007
-9944
-8918
-8385
-7907
-7508
-7545
-7181
-6455
-5680
-4704
-3870
-3079
-2374
-1849
-927
151
1008
2101
3091
3902
4617
5057
5237
5397
5619
6056
6537
6798
6841
6547
6019
5229
4148
3022
2123
1590
1305
896
316
-366
-1037
-1580
-1895
-2094
-2281
-2734
-3271
-3732
-4376
-5030
-5400
-5589
-5774
-6158
-6630
-6886
-7042
-7147
-7330
-7646
-7717
-7488
-7316
-7212
-7259
-7116
-6594
-5993
-5588
-5475
-5639
-5667
-5527
-5465
-5458
-5527
-5678
-5686
-5534
-5521
-5522
-5561
-5499
-5236
-4858
-4513
-4237
-3937
-3572
-3089
-2661
-2336
-2016
-1596
-1263
-1205
-1166
-1080
-1012
-833
-543
-305
-66
235
574
1001
1384
1707
2057
2295
2518
2872
3117
3242
3368
3267
3037
2957
2872
2635
2367
2263
2184
2169
2453
2771
2756
2867
3568
4677
5510
6119
7205
8114
8998
10111
10923
11823
12649
13127
13746
14516
14816
14775
15035
14811
13544
12604
12168
11699
12053
12736
12832
12757
11946
10678
9816
8289
6532
5368
3786
2379
1583
304
-1093
-2181
-3415
-4539
-5625
-6631
-7027
-7587
-8483
-9069
-9642
-9957
-9468
-8609
-7656
-7031
-6803
-6488
-6230
-6049
-5750
-5419
-4999
-4246
-3168
-2050
-1117
-139
898
1723
2664
3827
4786
5470
5906
6213
6651
7097
7624
8334
8686
8674
8489
8039
7433
6584
5780
5266
4882
4581
4263
3889
3376
2814
2351
1904
1400
954
460
-194
-1003
-1928
-2620
-3110
-3715
-4101
-4254
-4775
-5284
-5983
-6658
-6832
-7255
-7768
-7576
-7499
-7515
-7326
-7361
-7186
-7105
-7232
-6920
-6680
-6843
-6875
-6947
-6976
-7030
-7224
-6870
-6385
-6210
-5951
-5826
-5774
-5369
-4840
-4134
-3530
-3272
-2851
-2518
-2134
-1745
-1663
-1544
-1262
-1117
-1007
-1044
-1115
-963
-885
-815
-625
-391
-42
202
334
556
615
716
971
1030
990
840
739
778
594
488
523
206
188
309
273
332
346
399
935
1523
2233
3595
4480
4863
5781
6663
7380
8400
9073
9491
10349
11243
11940
12958
13455
13648
13938
13848
13243
11916
10769
10249
9768
9998
10511
10312
9669
8469
6841
5437
3824
1998
681
-816
-2285
-3096
-4256
-5517
-6353
-7337
-8315
-8960
-9546
-9919
-10367
-11167
-11764
-12164
-12346
-11751
-10806
-9950
-9347
-9037
-8701
-8534
-8520
-8066
-7353
-6763
-5904
-4797
-3724
-2613
-1533
-640
155
928
1744
2364
2719
2920
2982
2974
2920
3118
3542
3800
3852
3716
3268
2653
2061
1574
1144
1066
1125
1029
912
869
817
671
479
214
-195
-693
-1130
-1776
-2515
-2966
-3293
-3652
-3791
-3800
-4044
-4462
-4973
-5502
-5985
-6449
-6893
-6922
-6884
-7113
-7385
-7642
-7839
-7940
-8132
-8357
-8439
-8597
-8781
-8991
-9562
-10115
-10102
-9661
-9072
-8465
-7816
-7361
-6944
-6523
-6186
-5835
-5401
-4646
-3832
-3155
-2680
-2288
-1775
-1220
-683
-142
253
485
887
1360
1737
2114
2589
3169
3695
4066
4414
4704
4646
4319
3956
3475
3182
3109
2828
2553
2196
1787
1481
1066
747
547
321
264
256
297
472
903
1573
2178
2701
3281
3533
4093
4931
5670
6486
7133
7773
8782
9692
10465
11477
12272
13108
13871
14231
14808
15164
14358
13410
12713
11901
11937
12453
12430
12037
11039
9394
7866
6163
4498
3395
2174
1123
769
-96
-1243
-1804
-2694
-3599
-4109
-4624
-4970
-5352
-6065
-6717
-7368
-7993
-7942
-7479
-6932
-6315
-5950
-5910
-5903
-5923
-5755
-5209
-4525
-3618
-2589
-1628
-777
-46
563
1126
1632
2123
2586
2904
2941
2780
2684
2687
2810
3176
3567
3886
4151
4329
4173
3794
3453
3319
3493
3826
4097
4144
4050
3953
3876
3694
3525
3332
2878
2416
1992
1550
1134
465
-126
187
581
243
-26
-579
-1559
-2327
-2803
-3196
-3514
-4167
-4636
-4806
-5195
-5673
-6245
-6754
-7016
-7380
-7692
-7918
-8208
-8086
-7622
-7183
-6713
-6144
-5661
-5141
-4778
-4478
-4126
-3868
-3245
-2318
-1647
-1211
-735
-217
170
476
1014
1649
2091
2509
2947
3270
3481
3621
3768
3940
3974
3826
3694
3420
2792
2148
1688
1100
599
168
-437
-916
-1008
-1146
-1371
-1500
-1687
-1442
-1012
-1747
-2183
-1092
-191
-692
-653
492
973
1200
1905
2398
2558
3368
4295
5030
6035
6649
7577
8635
9354
10669
11434
11469
12208
13049
13564
13787
13409
13401
13568
12130
10201
9282
8114
7545
7731
7419
7120
6355
4798
3785
2957
1562
699
234
-662
-1046
-1635
-2650
-2908
-3345
-4104
-4466
-4945
-5384
-5548
-6113
-6939
-7297
-7642
-7656
-7072
-6466
-5811
-5386
-5333
-5384
-5782
-6149
-6064
-5845
-5636
-5375
-5188
-5160
-5020
-4991
-5028
-5025
-4844
-4498
-4155
-3928
-3859
-3743
-3530
-3223
-2531
-1689
-1042
-482
56
249
158
145
214
437
791
1162
1604
1877
2057
2262
2329
2387
2522
2797
3008
2987
2428
1417
695
501
233
-246
-791
-1360
-2084
-3168
-4260
-5179
-6387
-7407
-7804
-8311
-8803
-9299
-9664
-9694
-9768
-9971
-10024
-9985
-9959
-9921
-9859
-9556
-9115
-8725
-8286
-7728
-7156
-6608
-6094
-5580
-5072
-4391
-3429
-2503
-1517
-680
-214
336
1172
1849
2218
2407
2599
2801
2491
1889
1439
1119
814
282
-214
105
-703
-2705
-2938
-2088
-2831
-4074
-4535
-3471
-2982
-4517
-4436
-3308
-3226
-3858
-4174
-3359
-2568
-2914
-3631
-2810
-1685
-2059
-1836
-356
284
439
1190
1842
1994
3155
4385
4449
4432
5796
6686
6143
6148
7026
7418
7394
7539
7689
7600
7758
7850
8062
8549
8461
8213
8654
9102
8962
7904
6689
6138
5924
5938
6313
6753
6624
6070
5437
4719
3707
3006
2790
2502
2465
2372
1820
1463
1291
1102
1090
899
550
358
-26
-702
-1432
-2357
-3319
-3841
-4036
-4102
-4064
-4081
-4479
-5241
-5907
-6212
-6173
-5822
-5410
-5176
-4919
-4686
-4433
-4098
-3578
-2878
-2261
-1818
-1311
-961
-752
-417
-85
441
1320
2303
3174
3853
4419
4757
4980
5244
5478
5661
5849
5949
5898
5653
5225
4720
4014
3121
2527
2100
1301
448
-134
-878
-1683
-2266
-2809
-3239
-3653
-4174
-4554
-4812
-5201
-5589
-5664
-5666
-5785
-5963
-6042
-6057
-6038
-5878
-5659
-5299
-4668
-3988
-3417
-2858
-2281
-1577
-876
-224
208
593
1105
1579
2003
2315
2189
2127
2345
2217
1739
1199
991
1353
970
-680
-1393
-225
-331
-1976
-2122
-1275
-971
-1531
-2666
-2047
-1346
-1826
-1792
-2451
-2172
-1022
-1642
-1183
-1485
-1741
1041
-86
-2351
1349
1311
100
2623
1664
1081
3970
3169
1830
3990
4066
1932
2472
3588
3463
3171
2866
2570
3186
3762
2840
1571
2560
3496
2919
2918
3522
3714
4557
4910
4578
5370
6129
5461
5904
7121
7380
7781
8362
8514
9659
10561
10522
11074
11971
11479
10326
9491
9068
9545
10221
10513
10671
10431
9452
7977
6949
6306
5115
4055
3159
2058
1091
255
-693
-1205
-1659
-2318
-3085
-3507
-3596
-4219
-4994
-5784
-6707
-7469
-7327
-7182
-6672
-5750
-5615
-5931
-5963
-6155
-5815
-5049
-4513
-3980
-3505
-3130
-2313
-1602
-1178
-268
138
490
1010
927
759
626
237
-199
-600
-524
-227
-288
-416
-784
-1180
-1656
-2237
-2563
-2693
-3090
-3178
-3038
-3322
-3903
-4418
-4771
-4877
-4859
-4979
-5028
-5494
-5938
-5937
-5999
-5706
-5422
-5220
-4998
-4660
-4217
-3829
-3924
-3726
-3693
-3671
-3391
-3387
-3395
-3572
-3860
-3654
-3522
-3958
-3968
-3799
-4235
-5050
-5072
-5163
-5315
-5242
-5373
-5531
-5414
-5340
-6100
-6670
-5651
-5392
-6942
-7054
-4868
-5283
-6725
-6389
-5287
-4620
-4340
-5175
-4057
-2633
-3145
-2916
-1444
-302
-1304
-832
198
-653
-127
693
-1557
-1488
1457
443
-1744
-302
1756
100
-1726
-65
97
-1198
-1451
-1297
-478
-349
-2154
-1926
-230
-160
-1096
-805
-791
-1284
-223
-441
-1528
-175
1567
775
870
2713
3070
2998
3636
4024
4651
5189
5626
6026
7010
6940
5966
7403
7806
6825
6822
6711
6580
7077
7231
6860
7043
7305
7071
7259
7582
7232
6867
6747
5253
3964
4159
3627
2959
3678
4129
3240
2279
1887
1559
1402
915
385
671
560
-23
67
427
476
327
490
585
428
405
82
-738
-1625
-2338
-2819
-2980
-2856
-2767
-2766
-2966
-3471
-3955
-4095
-4280
-4636
-4471
-4674
-5066
-4886
-4692
-4597
-4347
-4056
-3932
-4128
-3994
-3836
-3912
-3808
-3777
-3587
-3067
-2546
-1883
-1182
-425
191
748
1081
1333
1551
1812
1843
1690
1742
1659
1641
1631
1400
1201
1031
692
232
-377
-976
-1481
-2087
-2342
-2543
-2837
-3026
-3697
-3829
-3216
-3385
-4596
-5047
-4158
-5002
-5501
-4454
-4571
-4901
-4854
-4063
-2795
-3251
-4690
-2850
48
-1657
-3700
-853
1409
356
584
731
984
2101
2800
983
241
2648
668
516
1849
-1198
-60
213
-1520
1173
1163
-4091
-1513
1428
-1562
-1166
-1698
-2733
343
905
-2405
-2732
370
-802
-2453
478
-818
-2570
-334
272
190
705
897
2092
2950
3271
3747
3793
3440
4410
4924
4568
4772
5342
5991
4500
4712
6290
5246
5037
3838
4357
6933
4303
1745
4281
4990
3007
3308
2471
2882
5264
2603
816
3126
3489
1396
1740
2598
1658
2263
2073
1176
3037
4115
3923
4856
6214
6666
6889
7002
7592
8438
7546
6823
7096
7491
7414
5729
4743
4646
3869
3882
3761
3313
3265
2210
540
557
699
-104
-583
-932
-1328
-1842
-2892
-3323
-3438
-3381
-3649
-4359
-4409
-4374
-4899
-5243
-5267
-5069
-5189
-5139
-4649
-4157
-3688
-3331
-3569
-3430
-2796
-2656
-2353
-2201
-2608
-2518
-2585
-3001
-2962
-3105
-3710
-3828
-3732
-3951
-3999
-4052
-4139
-3975
-3832
-4002
-4172
-4081
-4129
-4480
-4482
-4255
-4326
-4445
-4601
-5099
-5561
-5486
-5542
-5879
-5991
-6841
-6463
-4522
-4300
-6280
-6007
-4355
-3664
-3155
-5429
-4874
-2640
-4879
-3781
-2320
-6721
-4999
-2507
-5030
-5298
-3961
-6089
-4228
-3040
-6516
-5758
-3635
-5068
-4669
-5992
-4875
-1448
-2722
-7263
-6221
-3030
-4640
-6690
-6075
-7010
-5010
-3127
-5588
-5812
-3787
-4147
-5523
-3268
-2423
-5058
-3292
229
-1992
-2281
915
-383
-46
-229
83
-572
-2038
1046
-851
-4503
3146
-337
-4427
766
-648
-1153
-606
-3367
-2902
-656
-594
-3327
-3730
-882
-875
-3100
-1874
-2624
-3698
-2267
-3360
-2863
-2887
-3850
-2217
-1152
-1574
-1613
102
163
-492
1957
724
315
2873
715
924
3960
2240
1275
2307
1187
2053
2835
-132
-411
1304
534
-105
414
764
1330
993
848
1907
1535
536
1678
2428
2194
1230
994
2364
2355
1208
1015
1471
1825
1925
2762
3287
3363
4236
4616
3699
3190
4057
4345
3466
3664
4584
4203
2825
2567
2753
2177
1261
-30
7
190
-1020
-1681
-1888
-2087
-2499
-3008
-2872
-2400
-2418
-2757
-2926
-3331
-3750
-3747
-4058
-4541
-4458
-4007
-4285
-4529
-3638
-3054
-2944
-2471
-1609
-864
-833
-680
-104
283
366
589
1048
1596
1551
510
155
1230
562
-1182
-1766
-1493
-984
-1528
-3217
-3970
-1742
-556
-3861
-4130
-1617
-2877
-2519
-4073
-6505
-2493
-1359
-2533
-5569
-5803
-831
-2813
-4784
-3715
-4742
-2722
-3305
-3826
-1690
-2114
-3012
-1313
274
-1754
-1126
1103
-897
-2034
2191
1470
-4719
1779
2860
-3027
-2012
-497
809
-2148
-4910
625
-456
-1777
-2570
-3862
1103
-2205
-5635
-1559
1562
-2640
-5945
-2694
245
-2139
-3828
-3338
-1092
-2575
-3781
567
-1048
-2446
800
739
1552
1532
3208
816
623
5873
4881
1193
2897
2407
3082
2932
3262
2284
-2297
439
1932
-1529
539
-189
-3941
-596
3037
-3795
-4442
1659
-2771
-1313
2153
-3685
-1964
841
-1484
-2611
-1128
172
-821
-1037
-1544
1219
3648
-1682
-2856
3827
4424
-99
-138
3106
3378
1327
2666
3512
1117
3292
3996
317
2063
3300
1408
1297
1045
1991
2383
584
-161
939
1680
1248
-96
771
3287
1647
378
1515
1868
1395
638
1331
2299
1530
981
2587
3287
1601
1637
3000
2181
2513
3596
2900
2963
5080
5015
3084
3734
4539
3942
3481
2796
2149
2203
1856
769
634
1027
208
-491
-515
-690
-1041
-1267
-1493
-2124
-1715
-1639
-2101
-1855
-1991
-1953
-2139
-2698
-2771
-2927
-3087
-3197
-3292
-2893
-3087
-3409
-2466
-1586
-2381
-2599
-1584
-1035
-684
-732
-1869
-1826
120
-47
-2345
-2835
-1153
-1436
-3355
-2578
-3570
-4882
-3162
-4238
-5419
-4073
-7169
-6667
-2263
-6114
-7810
-4442
-5174
-6311
-5174
-4761
-6754
-6752
-5828
-5245
-4034
-6289
-7391
-4447
-4421
-3030
-2947
-6937
-3091
-14
-2478
-3337
-3810
3451
1380
-7516
1130
2192
-2755
-2050
-5935
-3664
4476
-4161
-11472
-901
-336
-6002
-4519
-6050
-6946
-872
-2854
-8982
-4089
-4435
-5876
-1166
-7411
-10196
-107
-2898
-9698
-4559
-1576
-2585
-6287
-7947
-428
-1830
-5331
-3179
-3142
-1802
2510
-1488
-3095
391
-737
-1733
70
-976
-2513
-2210
-704
104
-1614
-4422
-2805
163
-4290
-5937
47
-325
-5746
-2983
-648
-3113
-688
-3081
-5911
2060
437
-6225
-1884
1679
-2787
-3799
1400
-1781
-5166
1441
-649
-1569
2937
-60
741
4550
1455
789
5370
5361
2747
3972
7457
5744
4298
7183
5997
5042
5788
6352
7156
4954
4613
6658
7090
6821
5881
6885
8392
7863
6639
6715
7692
7064
5237
5359
6623
6473
5587
5974
6658
6324
5877
5788
5534
5632
6532
6722
5973
6319
7117
6997
6685
7385
7583
6768
7056
6412
5404
5730
4670
2862
3188
3057
2004
2152
2077
1342
1538
1380
615
793
846
190
70
270
112
-213
-434
-32
127
-628
-351
-281
-1185
-1428
-883
-445
-929
-1297
-888
418
2000
699
-1076
827
2861
2888
195
-1093
1489
1584
328
546
-1351
-2336
-88
1468
-2375
-5214
-2052
-2214
-3067
-4076
-6202
-3438
-2901
-4577
-3155
-5073
-6032
-3418
-2545
-4985
-8589
-5042
-2976
-7299
-6779
-3309
-5934
-4647
-2114
-6566
-6426
-1447
-1231
-6519
-4199
2012
-812
-5625
-1485
4332
-4242
-7169
1734
-2026
-1873
-151
-6880
-3384
29
-4947
-5354
-2320
-6295
-6241
-4288
-5240
-6369
-7013
-7998
-6901
-7228
-4608
-8401
-10351
-6624
-6444
-5389
-6528
-11935
-3733
-4180
-11570
-4902
-1274
-8115
-7037
-1376
-1993
-4032
-755
-2362
-3327
2287
135
-4372
1812
3714
-2283
946
4077
-1284
-1141
3814
2419
-2738
638
3036
-294
-734
-1102
87
2254
-986
-2674
1468
1623
665
1648
1382
2870
3431
1627
2156
3272
4065
3426
3163
5371
6295
5244
5999
7228
6548
8021
8649
7220
9565
10402
9964
11227
11187
11762
12100
11153
10858
10568
9386
7589
7305
7946
7829
7689
7788
7314
6521
6173
5340
4035
4199
4603
3219
2105
2966
2527
1412
1947
1909
1817
2391
1665
1184
1589
1698
1533
1600
2219
2834
3430
3968
4369
4598
4569
4328
4315
4470
4085
3758
3700
3477
3565
3374
2875
2944
2839
2202
1523
1199
572
-444
-643
-585
-460
-903
-1711
-2069
-1977
-1964
-3940
-4720
-2803
-2881
-4959
-5150
-4520
-4013
-3240
-3897
-4612
-3081
-2295
-3577
-3953
-2579
-2244
-3679
-3820
-2935
-2813
-2788
-3942
-5643
-4636
-3891
-6602
-7288
-6990
-7608
-6629
-7613
-10761
-9112
-7515
-10903
-10537
-6777
-9892
-12236
-9041
-8959
-10903
-11514
-10931
-9444
-10623
-9835
-9950
-12689
-11043
-12017
-10784
-7776
-11802
-11800
-7687
-7346
-9621
-10447
-7908
-7368
-8979
-9268
-7808
-7233
-8903
-9839
-7583
-4663
-8345
-9799
-6968
-9150
-10068
-10215
-10777
-9465
-9858
-8952
-9396
-9125
-8516
-9415
-9158
-8783
-8616
-8289
-7128
-7482
-7679
-6381
-6064
-6092
-6474
-5247
-5956
-6220
-3045
-3508
-3669
-2659
-1296
208
370
-262
-78
1619
1028
777
1222
346
1701
908
-1527
-311
2006
1581
-319
896
2747
2215
1033
1339
3366
3854
3399
3364
4663
5949
4998
5081
6849
7278
7152
8053
9347
9313
9940
11919
12771
13639
14807
15546
15521
15070
14343
13849
13129
12578
14230
15751
15150
14604
14228
13453
11832
10035
9577
9517
8246
6611
6214
5881
5057
4927
4731
4379
3909
3290
2678
1999
1375
862
502
350
1052
2139
2550
2834
3309
3322
3271
3414
3795
4509
5168
5473
6348
7429
7841
8915
10165
10696
11182
11257
10868
10923
10720
10317
10593
10515
10412
10494
9736
8913
8164
7067
6090
5222
4601
4027
3433
3088
2841
2805
2402
1924
2007
1659
1150
775
237
-105
-248
-413
-321
-152
138
395
-135
-521
-485
-563
-1024
-1457
-1159
-978
-1200
-1256
-1760
-2108
-2230
-2305
-2045
-3385
-4182
-4557
-5661
-6255
-6371
-6183
-6094
-7309
-7313
-6836
-8270
-8534
-7748
-7881
-8108
-7802
-7677
-8048
-8283
-7393
-6987
-6505
-7054
-7172
-7051
-8970
-10414
-10662
-11372
-12426
-12349
-11873
-12319
-12967
-13164
-13217
-13301
-12810
-13286
-13749
-14096
-15820
-15664
-13461
-14575
-16276
-15567
-16208
-17403
-17529
-18038
-18681
-17856
-17176
-17251
-16020
-15093
-16025
-16230
-16449
-17006
-16755
-16231
-16591
-15499
-12779
-12913
-13322
-13432
-12807
-11092
-10901
-10982
-10227
-9566
-8586
-7608
-6684
-4487
-2540
-445
2257
4245
5632
5889
5343
6256
7498
8057
8111
8290
9089
9975
10875
11074
11815
13336
13397
13949
15530
15724
15616
16260
15914
15609
14273
12151
12197
12561
13743
16060
15573
14521
14532
13501
12665
12313
11120
10430
9901
8498
8551
9074
8380
8925
9269
8657
8230
7646
7059
6355
5483
4583
3959
3894
4142
4644
4967
4771
4327
3954
3601
3409
3690
3788
3844
4117
4617
5666
6538
7232
7787
8124
8675
8892
8812
8990
9117
9283
9867
10719
11428
12078
12529
12504
12545
12721
12605
12447
12239
11727
10928
9935
9178
9040
8420
7518
6684
5209
4135
3277
1789
783
-195
-1351
-1898
-2150
-2511
-2911
-3360
-3620
-3926
-4398
-4569
-4778
-4853
-4746
-5041
-4973
-4596
-4283
-3917
-3578
-3342
-3173
-2638
-1994
-1640
-1021
-371
43
371
616
789
791
704
668
613
393
-114
-937
-1703
-2378
-3493
-4592
-5535
-6499
-7812
-8388
-8663
-9941
-10801
-11399
-12089
-12623
-13343
-13739
-13937
-14447
-15273
-16181
-15867
-15140
-15568
-15543
-15072
-15329
-15726
-16059
-16593
-16965
-17078
-17437
-17478
-15772
-14937
-15618
-14836
-13156
-12395
-12010
-11592
-11031
-10084
-8749
-8154
-8026
-6885
-5733
-5470
-4619
-3734
-3530
-2695
-2048
-1335
-362
751
1286
2022
3453
5072
6020
7304
8438
8703
9035
10231
11267
11701
12500
14012
14843
15462
16059
16602
17229
17425
17101
17498
17763
16891
16966
16562
13785
10977
9334
8420
9808
11254
11008
10073
7646
4643
3165
1702
105
-131
-1040
-2745
-3242
-3467
-3730
-3530
-3892
-4478
-5022
-5876
-6456
-6291
-6243
-6329
-5934
-4981
-3182
-1130
362
1406
1716
1370
1560
2104
2923
4461
5924
6938
8447
9882
11024
12087
12609
13150
13839
14014
14261
14567
14602
14787
15045
15323
15547
15600
15265
14536
13264
11946
10898
9926
9278
8910
8346
7808
7336
6811
6146
5326
4484
3274
1821
560
-114
-521
-1032
-1293
-1868
-2819
-2983
-3373
-3981
-4432
-5211
-5427
-4995
-4634
-4206
-3726
-3430
-2738
-2184
-1644
-1041
-595
-135
673
1078
1423
2195
3087
4109
4597
4810
5003
4965
4898
5069
4985
5025
5266
5403
5561
5810
5782
5521
5400
4963
4216
3471
3051
2452
1578
823
382
-95
-783
-1462
-2285
-3150
-3836
-4480
-5157
-5576
-5797
-5807
-5664
-5913
-6022
-5678
-5745
-5827
-5877
-5795
-5256
-5018
-4622
-4216
-4285
-3617
-2874
-2919
-2689
-2574
-2478
-2025
-1955
-1210
39
788
1996
3282
3815
4559
5169
5036
5658
5790
5617
6284
6105
5995
5984
5518
5844
6456
7226
8137
8797
10076
11248
12159
13217
14821
16476
17316
18377
18384
17852
17383
16886
17081
17323
16971
15599
10898
5847
4000
3613
5463
9046
10183
8262
4558
-189
-3096
-3976
-4690
-4005
-3977
-5746
-6798
-7288
-7453
-6872
-7170
-8387
-9462
-10455
-10689
-10039
-10026
-10093
-9392
-8468
-6308
-3301
-943
458
585
-188
-297
420
1841
4279
6978
8858
10210
11109
11561
11997
12162
12202
12410
12284
11771
11507
11418
11360
11451
11451
11439
11443
10849
9820
8319
6594
5044
3680
2641
2059
1538
763
-81
-1098
-2586
-4118
-5556
-7185
-8179
-8699
-9050
-8766
-8597
-8734
-8266
-8195
-8413
-7919
-8213
-8168
-7402
-7377
-6824
-5886
-5121
-3946
-3251
-3216
-2988
-3240
-3712
-3528
-3010
-2315
-1284
-563
203
962
1041
1235
1068
633
180
-288
-447
-519
-1019
-1360
-1343
-1637
-2095
-2521
-3248
-4117
-5085
-6197
-6725
-7028
-6922
-6347
-6156
-6115
-6118
-6260
-6438
-6432
-6414
-6360
-5943
-5500
-5158
-4609
-3930
-3475
-3068
-2643
-2396
-2348
-2213
-1779
-1332
-909
-244
567
1446
2221
2503
2867
3175
3114
3337
3364
3408
4045
4342
4757
5147
5127
5192
5444
5724
5664
5726
5962
6051
6285
6791
7624
8259
9268
10302
10249
10640
11033
11689
12651
12557
13974
15711
16218
17426
18525
19053
19638
19963
20550
20270
19581
19897
20059
20799
21681
22025
21867
19922
14185
7977
4766
3444
5944
9990
11513
10438
5835
410
-2670
-4372
-4676
-3998
-4170
-6271
-8154
-8638
-7809
-5826
-4964
-5129
-6026
-7142
-7086
-6245
-5354
-4986
-4683
-4026
-2193
1331
4916
7226
7346
5594
3876
2925
3708
6262
9035
11010
11786
11504
10830
10794
11081
11559
11939
11295
10257
9260
8296
7821
8062
8487
8672
8641
7780
6129
3799
1080
-807
-2097
-2811
-2624
-2340
-2539
-3337
-4382
-5454
-6363
-7332
-7919
-7994
-8335
-8392
-8151
-7868
-7322
-6750
-6112
-5305
-4604
-4300
-4391
-4761
-4940
-4326
-3037
-1200
-17
-1667
-3108
-2020
-1383
38
1618
1594
1599
1074
-71
251
74
482
2186
2218
1369
205
-1034
-1188
-927
-1675
-1718
-2064
-2663
-2920
-4021
-4976
-5463
-5814
-5270
-4824
-5347
-5686
-6311
-6938
-7031
-6667
-6079
-5617
-5455
-5567
-5776
-6116
-6123
-5878
-5366
-4539
-3829
-3247
-2946
-2707
-2201
-1387
-464
519
1294
2002
2641
3129
3247
3905
5190
6262
7236
7530
7062
6529
6143
6304
6604
6432
6684
6721
6126
5623
5223
5298
5434
5280
5436
5710
5522
5445
5487
5574
6198
6555
7047
7764
7930
8103
8327
8878
9721
10979
12188
13680
15438
16027
16539
17701
18121
18121
18828
19452
20371
22058
23221
23947
23856
21519
16249
8846
3454
1905
4010
8688
12097
11062
5556
-2079
-8315
-11129
-11272
-10311
-9404
-11200
-14480
-16397
-16548
-14753
-12463
-11728
-12631
-14365
-15647
-15432
-14292
-13210
-12198
-10906
-8834
-4964
-501
2845
4040
2768
647
-187
1303
5380
10616
14708
16631
16343
14750
13812
14112
15126
16084
15762
14167
12123
10269
9335
9330
9361
8776
7373
5135
2595
85
-2568
-5265
-7846
-9302
-9711
-9347
-8754
-9176
-10136
-12040
-14321
-15602
-16259
-15959
-14929
-13979
-12969
-12004
-11208
-10043
-8568
-7398
-6156
-5060
-4236
-3266
-2513
-1259
796
2990
5469
7533
8276
7092
5641
4413
3344
3501
3625
3568
3052
2251
1679
1226
4
-1312
-3104
-5308
-7404
-9360
-10330
-10258
-9906
-9714
-9788
-10604
-11299
-12018
-12898
-13752
-14621
-14655
-13769
-12506
-11168
-10111
-9380
-8774
-8375
-8006
-7517
-6762
-5991
-5359
-4477
-3411
-1980
-494
942
1839
1912
1659
1245
988
1041
1563
2292
3044
3706
3997
3672
2945
2565
2336
1878
1784
1470
1091
1328
1081
1335
2019
1910
2113
1932
1119
518
364
491
944
1832
2736
3831
4179
4660
5409
5626
6306
6793
6950
7980
8923
9918
10834
11494
12845
14877
16571
17078
17772
17545
17344
18229
18903
19524
20735
21112
21315
21474
21098
21506
21667
20722
18590
12920
5561
265
-1706
403
5247
8842
8316
3473
-4363
-11110
-14565
-14955
-13183
-11711
-12635
-14672
-16042
-15856
-14004
-11759
-11091
-11902
-13449
-14464
-13609
-11529
-9342
-7455
-5754
-3433
208
4308
7591
8699
7182
4772
3431
4503
8447
13566
17590
19327
18221
15778
13890
13274
13683
14237
13702
12157
10357
8862
8181
8139
7887
7012
5256
2758
156
-2359
-4654
-6632
-8272
-9350
-9368
-8646
-7796
-7423
-8281
-10507
-12951
-14445
-14266
-12841
-11623
-10497
-9127
-8037
-6392
-4651
-3614
-2793
-2437
-2129
-1240
-52
1505
3414
5228
7101
9050
10727
11872
11977
11069
10081
9350
9416
10249
9921
8156
6076
2813
1389
1459
666
-353
-2781
-6390
-8692
-10670
-12055
-12339
-13261
-13620
-14398
-15739
-16440
-16712
-16813
-16232
-16162
-15833
-14589
-13562
-12174
-11098
-10719
-9577
-8182
-6660
-4710
-3463
-2602
-1727
-1044
209
1999
3568
4748
5164
5027
5042
5074
5291
5517
5373
5408
5280
4766
4163
3653
3112
2595
1874
723
-133
-818
-1586
-2440
-3256
-3308
-3279
-3224
-2633
-3301
-4254
-4306
-4439
-3894
-3421
-3147
-2132
-1212
-581
200
1973
3305
4110
5102
5649
6321
7708
9397
10895
12032
13020
14202
15755
17371
19107
20387
20512
20123
19192
19626
21315
22912
24282
24362
22832
21446
19454
18232
17769
14810
8912
2345
-4276
-6735
-4799
-1376
1799
410
-5331
-12393
-18857
-22324
-21557
-19215
-17720
-17775
-19362
-20367
-18947
-16730
-13875
-12375
-13219
-14235
-14227
-12738
-9521
-6011
-3279
-995
1307
4222
8007
11048
12175
11280
8893
7471
8493
11724
16119
19526
20091
18016
14344
10966
9354
8850
8506
7584
5151
2199
111
-1176
-1783
-2380
-3870
-6194
-8932
-11610
-13514
-14704
-15657
-16312
-16639
-16342
-15124
-13777
-13010
-13183
-14379
-15525
-15791
-14717
-12224
-9119
-6554
-4784
-3834
-3127
-1954
-337
1462
2842
2699
2888
4225
5577
7959
9937
10513
10465
9647
8834
8218
6873
5813
5127
4190
3795
3717
3307
2772
1230
-2094
-5790
-8726
-10512
-10889
-12258
-14413
-15968
-16345
-15915
-15258
-15853
-16959
-18024
-18726
-18750
-18915
-18497
-16709
-14547
-12542
-10744
-9271
-7558
-6110
-5620
-5502
-4989
-3592
-1364
473
1571
2420
2962
3638
4306
4472
4286
3526
2542
1788
1422
1701
2262
2389
2071
1252
200
-695
-1693
-2717
-3572
-3815
-3587
-3461
-3658
-3515
-3377
-3276
-3392
-3934
-3944
-3662
-3268
-2838
-2304
-1565
-399
1290
2530
3192
3663
4158
4973
5724
6754
7698
9017
10754
12172
13544
14461
14996
15576
15881
15989
16625
17060
18129
19793
20903
21692
22174
22191
21989
21563
21367
21047
20423
19216
18018
16667
13260
8656
4415
-89
-2549
-2295
-1653
-837
-2081
-5823
-10227
-14616
-17478
-17518
-16633
-15930
-15434
-15892
-16441
-15866
-15018
-13250
-11642
-10888
-10004
-9164
-7849
-5648
-3509
-1232
1622
4300
7301
10425
12596
13745
13796
12982
12829
13700
15489
18049
19828
20020
18894
16522
14076
12474
11274
10133
8755
6730
4584
2376
141
-1451
-2745
-4317
-6085
-8069
-10153
-11917
-13501
-14739
-15293
-15372
-14839
-13893
-13089
-12443
-12134
-12229
-12122
-11448
-9930
-7491
-4824
-2375
-230
1343
2708
4313
6040
7782
9381
10516
11300
11659
11806
12201
12863
13538
13933
13692
12835
11620
10027
8325
6719
5263
4332
3672
2549
766
-1453
-4097
-5523
-6233
-7225
-7948
-9887
-12028
-14005
-16054
-16764
-17221
-17388
-16320
-15856
-15743
-15253
-15079
-14237
-13226
-12504
-11095
-9595
-8170
-6350
-5176
-3988
-2287
-993
774
2212
2838
3260
3167
3047
3556
3917
4527
5159
4866
4145
3013
1693
761
-215
-1064
-1615
-2554
-3493
-4399
-5437
-6090
-6549
-7027
-7522
-8279
-8743
-8953
-9007
-8443
-7797
-7249
-6078
-5213
-4735
-4150
-3562
-2614
-1247
-125
1108
2488
3614
5013
6120
6836
7873
8616
9566
10094
10177
11062
11384
11871
12492
12780
13061
13116
13636
13885
13930
13783
13669
13643
13165
13497
13810
13913
14601
14467
14087
13071
11579
10307
9357
8475
5872
2050
-1893
-5786
-6945
-5726
-3683
-2075
-3235
-6864
-11225
-15034
-16786
-16157
-14880
-13787
-13283
-13539
-13359
-12462
-11001
-9468
-8856
-8917
-8726
-7995
-6282
-4043
-2189
-711
785
2497
4959
7402
9152
9698
8563
6919
6047
6389
8308
10499
11934
11913
10380
7998
5819
4281
3150
2344
1224
-428
-2002
-3515
-4750
-5532
-6318
-7304
-8500
-9856
-11125
-12240
-13255
-13966
-14257
-14078
-13304
-12071
-10699
-9561
-9144
-9239
-9231
-8760
-7568
-5807
-3769
-1703
-74
1100
2150
3219
4341
5472
6454
7109
7401
7449
7457
7493
7727
8063
8123
7835
7171
6031
4640
3166
1669
400
-558
-1240
-1763
-2308
-3187
-4444
-5831
-7093
-8023
-8898
-9589
-10226
-11721
-12287
-11834
-12697
-13555
-14110
-14783
-14545
-13838
-12741
-11882
-11461
-10606
-9434
-8880
-7861
-6768
-5356
-3730
-2701
-1903
-856
0
1026
1847
2037
2512
2450
2157
2030
1470
843
362
-135
-292
-526
-969
-1459
-2449
-3413
-4129
-4812
-5052
-5198
-5489
-5547
-5719
-6059
-6105
-6116
-5972
-5512
-5077
-4593
-4012
-3466
-2659
-1845
-934
301
1349
2221
3340
4260
5091
6292
7426
8665
9515
10002
10658
11148
11346
11755
12035
12013
12292
12337
12584
13130
13179
13672
13545
13510
13912
13755
13365
13484
13548
13658
13967
14394
14465
13976
13039
11866
10728
9925
8810
6105
2324
-1953
-5420
-5950
-4627
-2380
-881
-1939
-4865
-8571
-11751
-12939
-12308
-11262
-10307
-9881
-9859
-9302
-8149
-6680
-5288
-4456
-4005
-3579
-2853
-1507
-104
1110
2352
3791
5754
8241
10608
12014
11891
10609
9075
8024
8085
9296
10689
11475
11050
9568
7623
5901
4557
3411
2303
1027
-501
-2088
-3503
-4565
-5298
-5850
-6180
-6559
-7152
-7798
-8503
-9236
-9879
-10117
-9807
-8953
-7756
-6430
-5266
-4502
-4171
-4029
-3578
-2561
-1217
215
1608
2709
3513
4131
4763
5669
6615
7274
7610
7492
6952
6372
5790
5446
5284
5064
4711
4135
3293
2146
767
-497
-1592
-2488
-3238
-3874
-4488
-5159
-5897
-6639
-7280
-7840
-8303
-8658
-8920
-9094
-9819
-11408
-12911
-13345
-12426
-10898
-9783
-9104
-8829
-8553
-8169
-8230
-8200
-7706
-6578
-5444
-4939
-5078
-4757
-3660
-2290
-1481
-1353
-1337
-1229
-1353
-1896
-2557
-2765
-2563
-2407
-2496
-2804
-3217
-3734
-4549
-5409
-6118
-6578
-6738
-6922
-7259
-7320
-7097
-6830
-6715
-6571
-6151
-5828
-5690
-5515
-5357
-4774
-3837
-3077
-2313
-1696
-833
195
595
710
907
1461
2571
3452
3789
3975
4370
5132
5945
6248
6536
7026
7301
7780
7412
7248
7644
8028
8536
9189
9464
9851
9757
9672
9315
9008
9129
9720
10264
10884
11519
11178
10595
9431
8437
8253
6965
3661
-615
-5461
-8182
-7754
-5721
-3213
-2326
-4005
-7405
-11315
-14206
-14833
-14153
-13088
-12649
-12905
-12873
-11812
-9996
-7787
-6274
-5748
-5629
-5660
-5010
-3636
-2258
-1241
-519
586
2716
5532
8157
9757
9622
8003
6118
4987
5091
6211
7630
8360
7810
6266
4731
3689
2792
1870
634
-1115
-3003
-4845
-6392
-7475
-8078
-8321
-8442
-8526
-8616
-8889
-9391
-9958
-10731
-11335
-11197
-10289
-8817
-7102
-5584
-4479
-3694
-3253
-2734
-1739
-518
725
1836
2560
3124
3633
4251
5095
6066
7080
7617
7488
6869
5879
4940
4307
3817
3372
2977
2439
1707
852
-178
-1190
-2185
-3279
-4152
-4927
-5694
-6377
-6960
-7434
-7802
-8038
-8021
-7983
-8413
-10573
-13131
-13831
-12838
-10628
-8506
-7664
-7996
-8376
-7990
-7262
-7133
-6471
-5173
-3765
-2978
-3148
-3146
-2129
-480
1013
1655
1434
1254
1047
502
-228
-958
-1118
-558
67
138
-411
-1159
-1863
-2633
-3089
-3207
-3300
-3366
-3748
-4329
-4564
-4302
-3878
-3369
-2945
-2699
-2419
-2332
-2314
-2057
-1597
-853
71
852
1696
2534
3190
3724
4151
4572
5370
6228
6806
6851
6740
7120
7846
8515
9195
9688
9870
9934
9819
9364
9134
9097
9273
9816
10160
10867
11147
11219
11531
11679
11632
11775
11640
11966
12080
12357
12771
12584
12302
12305
12156
11785
10732
8211
4519
626
-2571
-3782
-3188
-1678
-219
-465
-2324
-5053
-7563
-9193
-9707
-9610
-9446
-9469
-9391
-9137
-8130
-6668
-5174
-4034
-3021
-2067
-1357
-704
-121
302
625
1310
2812
5127
7642
9875
11056
10758
9450
8241
7643
7772
8336
8729
8501
7662
6546
5410
4584
4068
3528
2656
1395
-206
-2068
-3958
-5477
-6617
-7235
-7339
-7138
-6880
-6774
-6931
-7463
-8160
-8718
-8958
-8591
-7666
-6498
-5344
-4410
-3614
-2821
-1769
-518
730
1766
2493
2869
2981
3101
3512
4156
4894
5630
6313
6707
6529
5920
5142
4303
3402
2603
1972
1420
850
244
-359
-1069
-1920
-2715
-3440
-4193
-4962
-5828
-6704
-7551
-8649
-9851
-10249
-10144
-10348
-10946
-11250
-11061
-10495
-9583
-8912
-9028
-9277
-8830
-7987
-7219
-6660
-5935
-5010
-3880
-3200
-2883
-2618
-1982
-1293
-905
-901
-1029
-1046
-1026
-1029
-1277
-1710
-2069
-2213
-2526
-3217
-3888
-4309
-4700
-5239
-5768
-6161
-6375
-6536
-6758
-7015
-7044
-6750
-6351
-6136
-6017
-5813
-5380
-4815
-4236
-3696
-3135
-2433
-1753
-1284
-892
-302
241
551
1073
1584
2106
2497
2952
3498
3639
3721
3938
4360
4635
4999
4821
4903
5007
5598
5691
5484
5453
5800
6034
6297
6881
7468
8104
8462
8506
8319
8301
8846
9290
9495
9671
9405
8985
8747
8523
8212
6565
3252
-709
-4802
-7245
-7281
-5624
-4002
-3662
-5050
-7533
-10286
-12212
-12886
-12799
-12691
-12922
-13361
-13700
-13268
-11942
-10070
-8611
-7504
-6637
-5640
-4395
-3228
-2485
-2058
-1699
-1053
424
2829
5701
8012
8983
8859
8251
7683
7462
7651
7837
7623
6832
5693
4523
3612
3249
3232
3011
2242
925
-808
-2621
-4330
-5770
-6820
-7553
-7966
-7997
-7866
-7759
-7668
-7807
-8044
-8315
-8574
-8533
-7959
-7164
-6450
-5863
-5158
-4197
-2920
-1343
330
1786
2636
2909
3041
3170
3379
3917
4778
5671
6267
6571
6743
6817
6562
6020
5433
4784
3871
2918
2010
1185
539
-31
-458
-906
-1398
-1990
-3081
-4752
-6198
-7081
-7661
-8220
-9162
-10473
-11415
-11641
-11147
-10484
-10023
-9549
-9025
-8655
-8521
-8604
-8409
-7469
-6316
-5261
-4535
-3808
-2753
-1502
-574
-103
99
460
847
848
516
75
-145
-125
-115
-99
26
57
-128
-590
-1145
-1691
-2158
-2496
-2815
-3214
-3680
-3828
-3700
-3500
-3350
-3179
-2750
-2292
-2070
-2071
-2119
-2121
-1947
-1547
-925
-136
696
1497
2063
2605
3163
3689
4156
4317
4414
4736
5118
5440
5902
6538
7289
7859
8213
8338
8486
8723
9022
9256
9536
9861
10305
10826
11142
11317
11636
12221
12722
12897
12800
12767
12699
12962
12916
12560
12200
12052
11926
11704
11319
10614
8856
5860
2404
-971
-3093
-3453
-2514
-1740
-2005
-3226
-4979
-6842
-8252
-8846
-8873
-8827
-9008
-9464
-9855
-9641
-8835
-7671
-6429
-5128
-3710
-2358
-1129
-76
651
964
1088
1413
2285
3709
5557
7232
8354
8927
9095
9199
9359
9502
9287
8642
7730
6599
5327
4210
3466
3051
2791
2483
1809
659
-699
-2094
-3276
-4381
-5543
-6534
-7184
-7519
-7703
-7852
-7943
-7990
-7999
-7887
-7680
-7370
-6924
-6504
-6216
-6020
-5698
-5085
-4052
-2620
-1192
-12
831
1527
2089
2480
2859
3291
3710
4007
4152
4159
4080
4056
4023
3927
3824
3674
3246
2610
1819
873
-514
-2140
-3477
-4236
-4503
-4572
-4704
-5399
-6626
-8239
-9754
-10820
-11163
-11010
-10763
-10769
-11074
-11435
-11511
-11119
-10576
-9793
-8941
-8321
-8000
-7731
-7429
-6873
-6222
-5589
-4827
-3970
-2993
-2095
-1360
-949
-700
-583
-441
-255
-188
-303
-538
-757
-1153
-1593
-1793
-1681
-1452
-1423
-1702
-2109
-2526
-2908
-3096
-3100
-3156
-3290
-3289
-3227
-3210
-3162
-3032
-2954
-2836
-2682
-2562
-2458
-2391
-2341
-2215
-1960
-1579
-1088
-472
137
703
1128
1495
1877
2232
2572
3073
3558
3967
4205
4373
4702
5230
5821
6154
6480
6725
6776
6808
6958
7263
7714
8219
8653
9004
9423
9874
10316
10644
10664
10622
10523
10427
10127
9880
9676
9390
8719
7205
5064
2440
92
-1253
-1450
-1024
-641
-928
-2042
-3760
-5447
-6461
-6746
-6528
-6424
-6783
-7520
-8353
-8908
-8968
-8718
-8146
-7418
-6632
-5682
-4543
-3554
-2927
-2456
-2157
-1931
-1460
-564
565
1731
2692
3370
3782
4165
4807
5661
6514
7055
7147
6837
6287
5674
5206
4876
4572
4305
4143
3977
3738
3316
2808
2125
1274
428
-367
-1162
-1895
-2593
-3191
-3776
-4330
-4727
-4872
-4846
-4683
-4541
-4580
-4709
-4782
-4864
-4955
-4952
-4868
-4624
-4310
-4005
-3652
-3091
-2470
-1881
-1319
-905
-554
-92
466
1029
1508
1759
1810
1825
1786
1667
1520
1472
1754
2233
2524
2449
2049
1497
877
376
-28
-386
-972
-1681
-2289
-2787
-3183
-3514
-3662
-3587
-3473
-3367
-3499
-3714
-3859
-3944
-4002
-4034
-4096
-4058
-3760
-3250
-2766
-2432
-2017
-1492
-1062
-810
-634
-398
-127
96
302
504
730
1017
1316
1641
1872
1983
2044
2055
2014
1941
2004
2209
2436
2648
2750
2773
2750
2630
2525
2527
2541
2595
2761
3072
3342
3467
3507
3566
3660
3706
3743
3782
3798
3844
3881
3977
4093
4183
4232
4270
4271
4348
4534
4743
4881
5084
5362
5518
5533
5534
5508
5597
5860
6023
6039
6174
6298
6255
6223
6279
6419
6559
6658
6769
6924
7023
6953
6735
6541
6498
6566
6679
6727
6765
6755
6502
6002
5308
4286
3284
2527
1938
1494
1265
1014
596
89
-375
-827
-1228
-1512
-1800
-2248
-2757
-3172
-3637
-4146
-4498
-4742
-5113
-5455
-5585
-5476
-5214
-4937
-4839
-4791
-4635
-4437
-4179
-3940
-3834
-3796
-3756
-3624
-3368
-3010
-2665
-2285
-1873
-1481
-1069
-601
-162
301
678
762
704
656
537
376
349
418
554
719
867
969
939
793
559
241
-48
-193
-207
-371
-686
-925
-1081
-1388
-1790
-2070
-2319
-2585
-2735
-2796
-2793
-2932
-3268
-3673
-4087
-4311
-4383
-4392
-4427
-4334
-4310
-4343
-4452
-4475
-4579
-4583
-4500
-4403
-4252
-3973
-3787
-3686
-3595
-3792
-4030
-4141
-4069
-3992
-3907
-3770
-3612
-3492
-3513
-3728
-3871
-3954
-3934
-3841
-3623
-3474
-3528
-3550
-3610
-3755
-3743
-3661
-3545
-3408
-3271
-3112
-2965
-2830
-2794
-2828
-2877
-2869
-2894
-2775
-2759
-2941
-3075
-3214
-3321
-3249
-3074
-3016
-3035
-2841
-2621
-2600
-2670
-2703
-2685
-2656
-2651
-2744
-2944
-3099
-3009
-2910
-2948
-2977
-2891
-2625
-2340
-2197
-1946
-1591
-1374
-1288
-1147
-873
-616
-333
-28
146
221
354
616
963
1104
1164
1327
1559
1613
1714
1926
2081
2176
2271
2362
2494
2498
2346
2251
2281
2384
2435
2497
2669
2870
2952
2963
2986
3092
3127
3172
3283
3471
3671
3854
3906
3902
3916
3861
3831
4003
4269
4441
4505
4517
4461
4338
4065
3697
3322
2984
2756
2419
2055
1790
1532
1209
834
534
360
272
167
-14
-190
-438
-784
-1125
-1345
-1641
-2012
-2185
-2316
-2645
-2953
-3027
-3013
-3069
-3080
-2981
-2817
-2739
-2789
-2826
-2900
-2912
-2649
-2313
-2114
-2071
-2015
-1884
-1759
-1700
-1530
-1185
-904
-637
-189
240
480
707
832
840
828
868
936
1067
1191
1215
1278
1231
1072
964
1038
1104
1206
1342
1343
1218
1020
859
709
657
697
684
700
802
957
953
685
477
617
854
1008
1189
1262
1170
1133
1110
985
805
679
694
778
743
618
648
771
847
804
676
446
213
81
194
402
554
560
534
549
507
442
550
894
1136
1098
1042
1153
1245
1271
1243
1184
1174
1269
1411
1551
1603
1633
1700
1689
1462
1241
1273
1449
1629
1699
1650
1586
1509
1382
1269
1135
965
998
1119
1315
1494
1587
1530
1430
1362
1305
1239
1132
1078
1109
1183
1177
1128
1158
1101
913
835
955
1064
1131
1084
989
1155
1427
1531
1578
1594
1524
1513
1545
1590
1617
1631
1737
1972
2221
2289
2216
2117
2079
2220
2424
2630
2814
2933
3098
3286
3388
3422
3360
3242
3145
3146
3258
3366
3399
3377
3314
3169
3028
2992
3090
3136
3033
2961
2845
2729
2667
2554
2523
2366
2069
1864
1736
1560
1278
899
452
-1
-256
-238
-186
-331
-614
-825
-972
-1082
-1290
-1399
-1360
-1501
-1773
-2021
-2027
-1930
-2098
-2454
-2718
-2814
-2861
-2917
-2930
-2906
-2821
-2695
-2734
-2846
-3045
-3296
-3292
-3118
-3110
-3187
-3186
-3031
-2856
-2866
-2909
-2788
-2627
-2507
-2307
-2079
-2071
-2260
-2480
-2630
-2748
-2873
-2903
-2785
-2598
-2398
-2185
-1907
-1717
-1678
-1693
-1757
-1900
-2003
-2036
-2040
-2029
-2008
-2010
-2036
-2088
-2152
-2203
-2190
-2151
-2122
-2141
-2169
-2046
-2017
-2061
-2008
-1976
-1973
-1935
-1972
-2074
-2366
-2738
-2908
-2910
-2985
-3126
-3174
-3223
-3341
-3396
-3420
-3457
-3529
-3633
-3715
-3796
-3908
-3970
-3959
-3879
-3819
-3810
-3787
-3819
-3927
-3944
-3833
-3667
-3602
-3519
-3375
-3185
-3079
-3103
-3119
-3077
-3044
-2914
-2702
-2549
-2445
-2344
-2189
-2098
-2087
-2136
-2211
-2210
-2185
-2215
-2242
-2242
-2244
-2258
-2260
-2222
-2148
-1937
-1704
-1707
-1825
-1822
-1792
-1693
-1506
-1427
-1503
-1575
-1596
-1521
-1356
-1196
-1139
-1047
-761
-497
-375
-327
-239
-187
-2
350
746
1075
1271
1327
1309
1218
1105
1010
1000
1001
980
998
1207
1480
1678
1797
1924
2080
2290
2553
2842
2899
2717
2515
2447
2551
2673
2853
3039
3143
3166
3246
3352
3385
3370
3398
3475
3556
3587
3496
3311
3087
3024
3159
3227
3077
2826
2710
2686
2559
2291
1994
1662
1331
1160
1015
869
737
608
436
83
-454
-952
-1346
-1527
-1545
-1620
-1772
-1878
-1951
-1973
-1997
-2084
-2228
-2190
-1957
-1775
-1635
-1485
-1414
-1330
-1153
-868
-413
-47
176
274
441
676
860
1082
1426
1686
1763
1708
1728
1756
1608
1457
1301
1032
776
543
287
169
150
230
298
265
144
-107
-329
-352
-453
-640
-772
-769
-634
-485
-356
-244
-161
-137
-183
-286
-297
-210
-198
-263
-180
43
220
399
602
688
757
783
709
563
391
272
223
269
382
454
385
313
234
177
272
399
434
318
251
389
472
457
478
530
483
416
489
597
649
601
419
288
283
514
886
1097
1205
1083
817
638
568
467
519
744
892
898
877
898
1014
1036
848
695
678
703
647
609
654
568
356
141
-56
-324
-580
-651
-652
-689
-737
-723
-768
-794
-747
-730
-873
-1015
-951
-710
-520
-426
-290
-82
144
461
784
897
865
911
1113
1341
1526
1618
1650
1645
1633
1570
1455
1297
1183
1078
969
877
924
1026
1030
921
799
776
733
718
839
908
791
677
675
687
687
662
526
366
333
431
524
526
383
154
23
-14
64
165
116
50
108
146
42
-125
-412
-867
-1231
-1527
-1786
-1886
-1896
-1990
-2078
-2070
-2114
-2293
-2607
-2890
-3077
-3121
-2907
-2578
-2316
-2080
-1963
-2043
-2088
-2036
-2021
-2025
-1882
-1685
-1498
-1296
-1057
-901
-833
-708
-601
-703
-736
-712
-771
-900
-1096
-1285
-1420
-1438
-1332
-1260
-1240
-1240
-1319
-1357
-1369
-1597
-1874
-1946
-1937
-1973
-2106
-2228
-2229
-2183
-2264
-2406
-2497
-2605
-2803
-2940
-2905
-2863
-2947
-2972
-2896
-2928
-3006
-2969
-2901
-3049
-3307
-3380
-3220
-3175
-3312
-3431
-3369
-3244
-3106
-2914
-2588
-2388
-2365
-2394
-2354
-2291
-2248
-2191
-2173
-2204
-2131
-1958
-1765
-1708
-1862
-2085
-2220
-2212
-2101
-1977
-1967
-1981
-1992
-1992
-2027
-2131
-2292
-2411
-2389
-2254
-2045
-1904
-1925
-1855
-1680
-1483
-1398
-1470
-1576
-1496
-1255
-870
-532
-311
-144
-117
-297
-478
-591
-633
-640
-548
-400
-300
-164
-9
131
217
338
432
386
338
376
335
203
93
89
228
455
614
799
1073
1302
1422
1581
1777
1969
2075
2119
2178
2273
2270
2234
2321
2467
2530
2648
2763
2726
2636
2586
2544
2439
2375
2365
2356
2298
2232
2223
2287
2337
2275
2171
2191
2223
2155
1976
1700
1461
1376
1269
1220
1298
1401
1353
1196
1082
964
791
697
663
593
614
660
642
500
306
271
455
611
560
420
407
406
319
235
295
404
393
368
402
369
357
461
601
707
733
765
834
867
827
817
824
723
553
574
676
683
628
488
292
83
-122
-234
-195
-89
-54
13
113
160
186
228
296
266
143
84
178
210
102
-90
-211
-295
-348
-360
-272
-136
-2
101
218
279
240
175
127
-32
-270
-365
-195
166
410
388
234
178
133
48
140
455
769
1015
1135
1147
1232
1280
1223
1280
1329
1333
1313
1299
1333
1352
1124
887
807
782
735
695
650
676
675
525
231
-9
-209
-338
-304
-206
-143
-56
44
108
71
-61
-253
-412
-407
-404
-518
-612
-602
-635
-671
-655
-643
-669
-654
-736
-898
-934
-814
-557
-218
-108
-72
157
431
483
424
432
425
407
398
393
384
450
495
416
375
560
828
1005
1112
1123
1160
1280
1501
1624
1658
1737
1794
1784
1836
1927
1915
1785
1640
1467
1276
1163
1126
1139
1146
1029
760
511
263
-22
-291
-474
-759
-1139
-1444
-1675
-1968
-2054
-2065
-2123
-2165
-2114
-2098
-2157
-2215
-2399
-2661
-2863
-2936
-2951
-2931
-2863
-2742
-2572
-2387
-2230
-2155
-2113
-2062
-2051
-2143
-2172
-2071
-2010
-2051
-2117
-2150
-2026
-1867
-1747
-1735
-1707
-1707
-1721
-1708
-1643
-1638
-1681
-1679
-1584
-1514
-1424
-1318
-1379
-1620
-1847
-2059
-2305
-2492
-2619
-2651
-2638
-2618
-2568
-2550
-2552
-2518
-2553
-2620
-2686
-2757
-2843
-2910
-2847
-2700
-2602
-2706
-2858
-2945
-2934
-2901
-2986
-3065
-3053
-3148
-3339
-3356
-3196
-2976
-2768
-2568
-2413
-2327
-2222
-2132
-2188
-2248
-2262
-2171
-1964
-1814
-1883
-2050
-2143
-2096
-2008
-1880
-1727
-1681
-1670
-1598
-1455
-1409
-1534
-1604
-1545
-1474
-1400
-1337
-1164
-1024
-1138
-1191
-1166
-1237
-1247
-1111
-1006
-1011
-943
-729
-478
-222
-91
-68
-20
-78
-138
-84
23
102
118
13
38
287
677
928
1134
1343
1523
1681
1848
2092
2341
2432
2485
2699
3018
3235
3401
3674
3892
3971
4072
4196
4152
4015
3877
3831
3762
3569
3503
3653
3831
3963
4025
4057
4069
4095
4116
4076
4078
4180
4232
4263
4341
4284
3973
3581
3236
2952
2675
2421
2199
2107
1952
1647
1323
1027
690
353
162
179
192
23
-120
-205
-269
-456
-698
-932
-1111
-1180
-1126
-1017
-931
-841
-651
-451
-337
-243
-21
170
291
375
363
295
164
85
-3
109
435
685
844
1048
1215
1198
1134
1201
1262
1230
1205
1248
1263
1291
1371
1335
1192
1013
811
738
817
941
947
821
682
568
414
277
240
182
35
-98
-89
-33
-40
-146
-182
-137
-74
6
139
321
362
288
348
555
670
593
500
574
744
816
854
1016
1142
1196
1295
1431
1498
1536
1488
1441
1535
1747
1940
2013
2018
1989
2029
2091
2038
1934
1786
1564
1506
1597
1608
1518
1407
1256
1082
864
823
975
1149
1280
1388
1509
1600
1694
1851
2000
2169
2278
2351
2463
2645
2698
2684
2671
2507
2360
2417
2497
2510
2587
2572
2491
2435
2505
2538
2482
2341
2176
2120
2154
2147
2118
2111
2043
1875
1902
2074
2230
2406
2643
2740
2759
2881
3122
3260
3256
3310
3358
3445
3496
3390
3199
3066
2995
2931
2919
2964
3007
3007
2910
2643
2324
1992
1558
1037
488
-43
-466
-773
-995
-1215
-1439
-1777
-2231
-2644
-2892
-3136
-3523
-3837
-4004
-4085
-4152
-4261
-4365
-4422
-4413
-4340
-4166
-3807
-3412
-3081
-2783
-2517
-2346
-2215
-2052
-1895
-1825
-1696
-1437
-1279
-1221
-1013
-740
-609
-572
-514
-420
-244
-20
5
-150
-302
-482
-764
-1121
-1477
-1845
-2231
-2506
-2670
-2813
-3007
-3198
-3403
-3512
-3553
-3623
-3731
-3861
-4012
-4218
-4428
-4556
-4639
-4725
-4769
-4697
-4643
-4641
-4486
-4254
-4117
-4049
-3940
-3790
-3697
-3617
-3521
-3489
-3592
-3697
-3658
-3536
-3434
-3277
-3121
-3073
-3222
-3344
-3345
-3297
-3289
-3256
-3381
-3469
-3381
-3106
-2921
-2897
-2937
-2951
-2902
-2860
-2799
-2682
-2522
-2320
-2200
-2167
-2045
-1765
-1618
-1628
-1766
-1858
-1685
-1491
-1413
-1142
-735
-516
-484
-381
-139
112
341
298
83
55
210
419
606
641
695
845
972
954
1047
1229
1300
1235
1311
1622
1908
2147
2443
2761
2915
2874
3078
3560
3947
4113
4286
4337
4564
4788
4864
4899
4992
5087
5103
5150
5433
5807
5953
5860
5823
5826
5907
6147
6324
6314
6254
6223
6057
5766
5463
5084
4444
3650
2678
1705
947
415
6
-368
-785
-1269
-1791
-2303
-2820
-3249
-3399
-3404
-3528
-3695
-3851
-4091
-4387
-4666
-4837
-4866
-4742
-4519
-4240
-3814
-3197
-2607
-2127
-1714
-1229
-673
-75
500
979
1312
1635
2014
2317
2531
2816
3302
3802
4172
4467
4583
4586
4666
4653
4451
4225
3949
3523
3053
2675
2438
2231
2046
1927
1817
1526
1133
821
519
240
41
-203
-552
-858
-1131
-1477
-1814
-2139
-2441
-2623
-2530
-2320
-2229
-2267
-2372
-2451
-2483
-2540
-2523
-2324
-2037
-1837
-1763
-1701
-1666
-1571
-1297
-925
-499
-50
332
637
849
863
660
439
376
405
489
581
592
582
667
767
762
684
653
682
666
586
525
481
437
447
379
217
21
-228
-458
-553
-454
-352
-277
-443
-292
60
194
186
263
400
574
818
1039
1179
1346
1603
1911
2132
2219
2332
2550
2828
3029
3268
3484
3537
3689
3950
4206
4359
4341
4323
4493
4874
5170
5269
5413
5790
6193
6464
6672
6766
6802
6982
7267
7452
7647
7937
8228
8514
8829
9046
9181
9344
9381
9189
8825
8500
8304
8185
8002
7588
6971
6206
5093
3589
1656
-342
-1940
-2857
-3296
-3472
-3651
-4125
-4837
-5548
-6176
-6561
-6495
-6247
-6068
-6088
-6363
-6767
-6936
-6894
-6737
-6612
-6303
-5688
-4752
-3698
-2661
-1751
-1167
-819
-495
-122
327
922
1406
1712
1882
1880
1803
1910
2131
2207
2070
1906
1839
1798
1609
1198
496
-458
-1415
-2277
-2998
-3530
-3921
-4300
-4723
-5184
-5699
-6244
-6664
-6899
-7106
-7421
-7654
-7792
-7897
-7974
-8114
-8223
-8185
-7913
-7551
-7134
-6545
-5928
-5419
-5003
-4673
-4497
-4380
-4251
-4229
-4322
-4372
-4374
-4383
-4459
-4680
-4885
-4979
-4860
-4631
-4487
-4578
-4630
-4599
-4625
-4853
-5190
-5463
-5617
-5619
-5641
-5817
-6033
-6150
-6160
-6103
-6054
-5922
-5706
-5494
-5392
-5406
-5427
-5445
-5481
-5543
-5600
-5573
-5266
-4707
-4144
-3733
-3451
-3152
-2742
-2310
-2068
-1966
-1847
-1671
-1432
-1089
-823
-604
-332
-78
94
250
441
695
1073
1331
1388
1320
1259
1357
1599
1737
1587
1373
1332
1514
1808
2102
2309
2542
2842
3026
3044
2995
3191
3490
3827
4082
4337
4612
5035
5665
6113
6397
6570
6896
7281
7663
8095
8582
8909
9299
9706
9976
10166
10193
10126
9952
9917
9771
9663
9527
9395
9008
8332
7182
5418
2817
-52
-2529
-4163
-4827
-4680
-4252
-4323
-5087
-6120
-6741
-6835
-6268
-5508
-5068
-5140
-5439
-5837
-6096
-6042
-5696
-5200
-4461
-3394
-1976
-302
1451
2836
3561
3919
4289
4642
4996
5691
6467
6786
6626
6234
5524
4890
4716
4855
4862
4732
4650
4432
3825
3011
1937
656
-484
-1252
-2066
-2865
-3374
-3589
-3693
-3764
-3949
-4195
-4107
-3621
-2987
-2492
-2082
-1758
-1672
-1533
-1326
-1205
-807
-638
-325
325
1040
1684
2306
2869
3256
3384
3557
3650
3390
3086
2392
1240
109
-1038
-1796
-2260
-2748
-3131
-3454
-3773
-4008
-4282
-4574
-4690
-4766
-4843
-5243
-5556
-5724
-5706
-5593
-5148
-4769
-4508
-4179
-3867
-3394
-2852
-2278
-1930
-1697
-1519
-1177
-794
-699
-645
-433
-257
102
485
753
1078
1503
1690
1919
1933
1858
1867
1881
1904
1803
1722
1423
1211
1180
1335
1498
1553
1525
1507
1525
1759
1835
1629
1386
940
694
571
181
35
439
508
852
1420
1763
2087
2578
2931
3044
2915
3250
3557
3659
4038
4395
5365
6113
6768
7618
8497
9061
9690
10082
10207
10451
10955
11583
12185
12398
12527
12732
12546
12627
12540
12226
12305
11884
11183
10593
9950
9353
8563
6833
4537
987
-2592
-5700
-7988
-8425
-7612
-6727
-6156
-6479
-7578
-8324
-8229
-7514
-6353
-5109
-4539
-4584
-5069
-5043
-4866
-4514
-3778
-2786
-1761
-384
1480
3436
4959
5839
6049
5704
5389
4882
4231
3731
3104
2207
1172
157
-282
-626
-788
-725
-995
-1390
-1626
-1899
-2398
-3349
-4598
-5654
-6531
-6903
-6868
-6665
-6435
-6088
-5697
-5248
-4729
-4096
-3371
-2775
-2386
-2301
-2480
-2554
-2650
-2796
-2849
-3094
-3388
-3301
-3026
-2665
-2082
-1637
-1437
-1428
-1576
-1630
-1959
-2433
-2946
-3565
-4159
-4899
-5764
-6430
-6891
-6917
-6703
-6528
-6348
-6180
-6149
-6239
-6373
-6322
-6258
-6491
-6382
-5974
-5631
-5416
-4955
-4428
-4054
-3744
-3228
-2895
-2566
-2111
-1970
-2134
-2378
-2790
-3209
-3410
-3613
-3952
-4012
-3819
-3663
-3517
-3409
-3328
-3291
-3276
-3358
-3691
-3963
-4109
-4214
-4269
-4123
-4108
-4164
-4034
-3767
-3545
-3319
-3041
-2971
-2767
-2242
-1780
-1546
-1480
-1491
-1358
-1181
-964
-519
-26
638
1562
2258
2714
3028
3273
3830
4221
4367
4646
4714
4977
5567
6163
6630
7202
7752
8346
8792
9203
9314
9131
9117
9336
9521
9529
9624
9853
10087
10214
10080
9579
9053
8559
8120
7928
7950
7617
7151
6773
6226
5297
4475
3248
1066
-1812
-4959
-7857
-9556
-9275
-7642
-5744
-4626
-4693
-5411
-5991
-5493
-3812
-1660
344
1719
1868
1202
674
685
1293
2301
3507
4635
5765
7252
9054
10492
11013
10615
9362
7961
6635
5577
4737
3620
2542
1330
64
-999
-1461
-1303
-1061
-1150
-1499
-1944
-2553
-3272
-4292
-5363
-6160
-6354
-6103
-5788
-5478
-5117
-4699
-4437
-4025
-3335
-2250
-963
296
1041
1323
1566
1425
1089
783
532
797
1413
2126
2563
2952
3018
2917
2647
2423
1909
1585
1454
1244
850
413
-114
-694
-1489
-2256
-2868
-3248
-3521
-3880
-4284
-4713
-4701
-4702
-4566
-4572
-4592
-4637
-4631
-4814
-4786
-4761
-4776
-4632
-4459
-4185
-3536
-2687
-2170
-1806
-1565
-1594
-1910
-1816
-1300
-836
-654
-421
-145
108
357
806
936
889
1007
1257
1425
1493
1412
1355
1295
1253
1350
1191
923
921
1076
1189
1221
1180
1326
1396
1393
1394
1080
756
721
682
542
475
526
688
1020
1337
1525
1677
1876
2222
2397
2439
2356
2354
2731
3207
3813
4406
4715
4952
5264
5647
6142
6600
7076
7569
7721
7950
8395
8766
9000
9225
9322
9429
9611
10109
10421
10653
10871
10788
10338
10050
9792
9590
9463
9233
8738
7857
6392
4008
373
-3479
-6789
-8705
-8812
-7730
-6298
-5301
-5451
-6313
-7008
-6794
-5438
-3737
-2113
-1411
-1974
-3089
-4066
-4520
-4087
-3233
-2157
-1005
353
2011
3778
5024
5611
5193
4057
2806
1844
1237
943
677
80
-888
-2028
-2888
-3387
-3175
-2579
-1913
-1422
-1341
-1515
-1848
-2540
-3411
-4274
-5095
-5518
-5464
-5095
-4592
-4179
-3666
-3025
-2346
-1429
-587
9
321
46
-579
-1230
-1942
-2443
-2670
-2948
-2999
-2859
-2775
-2634
-2580
-2688
-2873
-3266
-3658
-4104
-4626
-5025
-5286
-5534
-5679
-6015
-6395
-6834
-7055
-7048
-6774
-6376
-5869
-5554
-5562
-5702
-6259
-6703
-6929
-7048
-7012
-6623
-6223
-5747
-5268
-4807
-4656
-4374
-4137
-4107
-4097
-4010
-4021
-3948
-3731
-3548
-3434
-3563
-3548
-3414
-3432
-3528
-3508
-3551
-3440
-3327
-3334
-3341
-3452
-3539
-3572
-3909
-4488
-4867
-4964
-5073
-4946
-4628
-4465
-4245
-3765
-3513
-3563
-3560
-3597
-3520
-3224
-2872
-2434
-1846
-1272
-632
22
597
969
1248
1731
2130
2326
2654
3164
3711
4204
4632
4860
4945
5016
4985
4967
5123
5577
6102
6532
6873
7252
7880
8435
8853
9144
9186
8754
8443
8198
8168
8163
8390
9009
9469
9626
9541
9025
8613
8800
9138
9172
8888
8415
8114
7885
8018
7802
6981
5358
2293
-1713
-5700
-8696
-9745
-8806
-6886
-5047
-4086
-4410
-5183
-5553
-4753
-2866
-569
1163
1900
1697
1070
562
638
1271
2096
2991
4031
5438
7399
9381
10833
11384
10750
9504
8199
6920
5751
4947
4011
3110
1977
490
-710
-1132
-1201
-1027
-681
-709
-980
-1568
-2295
-3381
-4411
-5285
-5775
-5815
-5527
-5034
-4439
-4094
-3694
-3163
-2352
-1005
343
1339
2068
2333
2338
2294
2003
1805
1549
1466
1828
2089
2411
3090
3875
4486
4502
4332
4134
3487
2843
2454
1807
1090
179
-646
-1109
-1379
-1609
-1728
-2092
-2366
-2813
-3363
-3718
-4124
-4671
-4904
-5252
-5617
-5849
-6256
-6202
-5840
-5606
-5330
-4973
-4549
-3894
-3569
-3167
-2693
-2627
-2739
-2854
-2810
-2394
-2133
-1771
-1287
-991
-687
-165
298
494
738
690
450
187
30
-59
-171
-69
92
184
13
-108
-185
-233
-18
271
237
239
310
169
77
39
-180
-300
-447
-412
-21
144
647
1185
1300
1375
1651
1987
2142
1996
2123
2088
1984
2272
2813
3043
3166
3454
3778
3898
3957
4137
4538
5030
5504
5746
6062
6482
6958
7662
8143
8385
8743
9125
9412
9748
9944
10113
10509
11085
11778
12229
12242
12311
12237
11771
11378
10942
10488
10230
9886
9338
8253
6159
3047
-734
-4898
-8272
-9841
-9580
-8369
-7176
-6882
-7693
-8756
-9322
-8651
-7130
-5186
-3669
-3267
-4027
-4995
-5380
-5057
-4258
-3300
-2304
-1127
511
2763
5101
6812
7554
7215
6383
5562
5022
4816
4511
3583
2290
831
-474
-1169
-1320
-903
-325
76
118
-230
-948
-1586
-2387
-3502
-4423
-5126
-5526
-5653
-5534
-5453
-5455
-5361
-4942
-4315
-3673
-2740
-1872
-1383
-1143
-1100
-1305
-1750
-2275
-2395
-2494
-2604
-2379
-1996
-1659
-1253
-918
-587
-482
-646
-935
-1350
-1654
-1942
-2365
-2926
-3704
-4477
-4867
-4807
-4307
-3922
-3880
-4152
-4478
-4511
-4266
-4201
-4433
-5109
-5968
-6686
-7022
-6903
-6612
-6224
-5934
-5731
-5622
-5516
-5140
-4561
-4083
-4029
-4347
-4922
-5274
-5228
-5194
-5316
-5419
-5408
-5382
-5200
-4849
-4351
-4135
-4245
-4379
-4754
-5215
-5456
-5614
-5799
-5932
-6066
-6125
-6137
-6014
-5611
-5331
-5010
-4761
-4682
-4494
-4286
-4033
-3642
-3440
-3217
-2769
-2375
-1781
-1022
-289
266
622
1020
1473
1768
2195
2661
2911
2980
3101
3302
3512
3472
3429
3582
3798
4264
4621
4935
5251
5491
5573
5759
5677
5714
6052
6405
6558
6869
7233
7591
8111
8417
8532
8901
9627
10314
10822
11144
11258
11392
11338
11152
10689
10043
9776
9964
9891
9761
9087
7562
5196
1920
-1598
-4371
-5610
-5376
-4272
-3499
-3461
-4147
-4790
-4933
-4122
-2411
-478
770
1221
980
219
-96
196
744
1202
1724
2449
3490
4955
6744
8098
8534
8045
7267
6570
6011
5672
5424
4509
3098
1382
-194
-1200
-1603
-1481
-1116
-1008
-1108
-1271
-1674
-2022
-2438
-3159
-3829
-4236
-4500
-4692
-4724
-4596
-4258
-3874
-3229
-2219
-1086
12
1013
1575
1836
1822
1564
1441
1507
1590
1813
2233
2591
2848
3028
3304
3483
3844
4166
4404
4340
3955
3354
2789
2147
1304
404
-263
-481
-475
-275
-106
-267
-620
-1070
-1658
-2141
-2409
-2509
-2661
-3072
-3608
-4247
-4768
-4882
-4794
-4416
-3967
-3716
-3442
-3077
-2794
-2612
-2467
-2355
-2210
-1963
-1572
-1281
-1048
-849
-675
-385
16
405
853
1271
1604
1728
1569
1085
615
253
57
-191
-581
-1063
-1498
-1734
-1815
-2026
-2222
-2340
-2376
-2331
-2377
-2538
-2844
-3170
-3206
-3041
-3037
-2879
-2493
-2028
-1532
-1145
-906
-724
-468
-2
515
880
1232
1375
1524
1624
1576
1765
2066
2264
2819
3302
3545
4027
4527
5044
5416
5567
5668
5946
6210
6485
6740
7042
7239
7595
8032
8362
8662
9028
9197
9323
9610
9557
9255
8928
8599
8161
7694
7173
6733
6349
6030
5411
4078
1836
-1013
-3847
-6177
-7349
-7437
-7214
-7092
-7244
-7899
-8430
-8512
-8048
-6955
-5444
-4285
-3773
-3786
-3995
-3989
-3708
-3226
-2828
-2399
-1730
-514
928
2330
3607
4248
4169
3960
3920
3878
3984
3949
3404
2487
1147
-397
-1436
-1934
-2133
-2106
-2162
-2365
-2562
-2892
-3209
-3795
-4514
-4996
-5448
-5928
-6260
-6590
-6781
-6786
-6690
-6382
-5972
-5287
-4308
-3301
-2597
-2102
-1807
-1726
-1686
-1657
-1651
-1485
-1366
-1419
-1722
-2004
-2008
-1487
-556
147
431
246
-219
-496
-407
-292
-357
-878
-1665
-2392
-2963
-3411
-3770
-4043
-4141
-4058
-3920
-3956
-4142
-4504
-4930
-5380
-5879
-6430
-6901
-7068
-7198
-7231
-7193
-7290
-7379
-7039
-6664
-6188
-5701
-5387
-5271
-5153
-4896
-4747
-4760
-4694
-4507
-4221
-3735
-3410
-3230
-3049
-2752
-2403
-2442
-2646
-2652
-2703
-2769
-2784
-2949
-3203
-3430
-3533
-3667
-3950
-4082
-4058
-4094
-4052
-3951
-3902
-3785
-3647
-3454
-3194
-3022
-2821
-2533
-2267
-1863
-1456
-1109
-774
-431
0
629
1208
1617
1954
2266
2584
2938
3301
3533
3803
4228
4666
5121
5474
5707
6087
6436
6751
7179
7322
7334
7597
7862
8220
8505
8438
8455
8642
8835
9249
9597
9775
9776
9647
9605
9448
9215
9187
9005
8751
8522
8137
7618
6794
5539
3827
1591
-730
-2291
-2932
-2963
-2744
-2646
-3027
-3773
-4240
-4155
-3577
-2683
-1710
-1154
-1008
-1030
-1070
-1034
-881
-740
-433
99
749
1876
3424
4844
5876
6570
6739
6757
6815
6719
6557
6459
6197
5636
4767
3769
3018
2509
2219
2135
2098
1933
1829
1609
1191
557
-114
-747
-1368
-1932
-2328
-2719
-3051
-3181
-3226
-3234
-3188
-2797
-2061
-1364
-816
-298
-70
-2
94
222
533
803
1040
1327
1467
1566
1757
1786
1726
1752
1757
1961
2342
2587
2560
2260
1810
1447
890
245
-180
-428
-582
-687
-958
-1467
-2052
-2479
-2788
-3022
-3319
-3723
-4174
-4483
-4544
-4403
-4221
-4209
-4308
-4306
-4191
-4066
-3901
-3841
-3727
-3570
-3400
-3301
-3181
-2980
-2658
-2384
-2218
-2092
-1816
-1587
-1304
-891
-713
-639
-512
-416
-240
-139
-168
-179
-83
-53
-168
-325
-308
-298
-324
-396
-613
-827
-830
-908
-1071
-1164
-1229
-1192
-1003
-941
-938
-944
-878
-719
-648
-562
-363
-271
-55
281
504
667
780
971
1289
1311
1375
1517
1735
2083
2368
2665
3050
3448
3894
4144
4344
4601
4697
4735
4984
5210
5394
5613
5929
6321
6629
6880
6948
6985
7065
7151
7152
7131
7062
7040
6891
6555
6135
5632
5070
4524
3626
2356
894
-648
-1816
-2515
-2962
-3255
-3600
-4051
-4475
-4999
-5348
-5417
-5305
-5001
-4715
-4569
-4506
-4627
-4732
-4802
-4920
-4869
-4687
-4293
-3682
-2906
-2085
-1428
-1034
-623
-183
163
536
843
1035
1205
1218
1033
798
574
576
449
370
493
538
548
497
244
187
155
69
15
-288
-744
-1256
-1825
-2314
-2822
-3310
-3512
-3676
-3779
-3721
-3920
-4243
-4367
-4443
-4598
-4724
-4712
-4530
-4362
-4312
-4444
-4689
-4827
-4802
-4726
-4761
-4844
-4743
-4543
-4272
-3801
-3519
-3399
-3298
-3259
-3213
-3096
-3075
-2980
-2932
-2884
-2574
-2230
-2047
-2087
-2322
-2565
-2949
-3315
-3496
-3411
-3287
-3180
-3154
-3185
-3296
-3392
-3310
-3209
-3101
-2865
-2751
-2791
-2687
-2630
-2698
-2688
-2589
-2604
-2587
-2537
-2468
-2390
-2330
-2196
-2147
-2104
-2013
-2010
-2103
-2048
-1964
-2025
-2131
-2219
-2192
-2075
-1856
-1670
-1432
-1268
-1281
-1160
-991
-842
-559
-187
46
170
377
779
1252
1582
1933
2276
2467
2689
3007
3221
3341
3464
3614
3845
3949
3922
3967
4023
4015
3688
3345
3343
3399
3481
3548
3504
3341
3133
2883
2734
2609
2489
2393
2364
2365
2311
2264
2367
2404
2465
2539
2618
2763
2899
3069
3327
3536
3773
3914
4052
4278
4570
4764
4844
4851
4813
4795
4853
4825
4736
4724
4778
4769
4578
4444
4317
4200
4073
3985
3846
3675
3563
3564
3344
3078
2864
2609
2389
2225
2026
1762
1467
1242
1110
1018
972
746
508
435
309
251
184
42
94
194
230
251
186
20
-147
-369
-533
-652
-728
-726
-672
-584
-618
-638
-586
-450
-211
-184
-218
-174
-128
-76
-8
3
40
132
264
311
271
356
489
738
936
1011
1023
1090
1231
1393
1431
1277
1156
1182
1146
1106
1109
921
687
591
492
209
-108
-329
-434
-577
-727
-853
-1036
-1387
-1699
-1844
-1997
-2130
-2314
-2547
-2737
-2963
-3102
-3082
-3128
-3105
-3060
-2883
-2754
-2633
-2435
-2267
-2167
-2036
-1966
-1859
-1581
-1376
-1226
-1079
-912
-850
-822
-767
-707
-613
-597
-733
-901
-852
-652
-615
-602
-665
-762
-821
-873
-1050
-1201
-1310
-1369
-1357
-1450
-1583
-1620
-1688
-1744
-1863
-2004
-1993
-1882
-1773
-1672
-1568
-1460
-1395
-1481
-1621
-1658
-1453
-1289
-1213
-1089
-946
-820
-693
-532
-414
-322
-195
-62
23
104
292
401
434
503
549
656
802
873
940
923
905
908
936
962
933
863
872
947
1011
987
902
916
989
976
970
913
801
876
1040
1171
1288
1231
1081
1074
1145
1096
937
846
898
848
689
553
330
110
42
53
-16
-226
-328
-405
-556
-545
-617
-883
-1109
-1360
-1524
-1724
-2084
-2335
-2539
-2767
-2890
-2964
-2995
-3008
-3140
-3153
-3190
-3353
-3532
-3618
-3628
-3536
-3465
-3442
-3537
-3628
-3587
-3671
-3912
-4089
-4142
-4058
-3938
-3951
-4026
-4027
-3983
-3984
-3997
-4015
-4027
-4008
-3982
-4028
-4030
-4031
-4126
-4077
-3917
-3968
-4042
-4014
-3934
-3757
-3634
-3596
-3411
-3121
-2883
-2716
-2571
-2418
-2313
-2208
-2003
-1857
-1770
-1586
-1346
-1062
-808
-596
-464
-436
-430
-462
-528
-486
-398
-401
-337
-262
-261
-343
-436
-580
-778
-1034
-1172
-1314
-1458
-1386
-1217
-1190
-1306
-1509
-1663
-1775
-1839
-1931
-2029
-1930
-1759
-1631
-1590
-1654
-1665
-1576
-1468
-1333
-1147
-1011
-803
-655
-456
-267
-131
85
346
567
728
758
857
997
1145
1350
1519
1646
1793
1885
1936
1990
2002
1913
1837
1900
2021
2107
2020
1956
1997
1901
1852
1799
1631
1590
1694
1769
1739
1675
1797
1830
1664
1578
1537
1485
1499
1461
1456
1492
1554
1588
1749
1949
2005
1994
1985
2030
2243
2431
2413
2531
2899
3257
3574
3782
3870
4022
4269
4580
4781
4860
4987
5224
5431
5606
5687
5810
5890
5951
6021
5917
5720
5612
5606
5623
5591
5425
5260
5100
4860
4582
4280
3940
3740
3631
3482
3323
3246
3004
2628
2293
1913
1538
1291
1136
824
591
429
233
103
134
37
-151
-355
-563
-630
-627
-691
-766
-699
-531
-414
-287
-216
-313
-458
-517
-527
-552
-552
-579
-523
-388
-340
-381
-384
-299
-150
-19
72
100
114
87
51
40
-93
-156
-142
-171
-175
-237
-442
-565
-541
-536
-627
-680
-744
-828
-809
-781
-888
-997
-1142
-1203
-988
-770
-774
-819
-861
-900
-849
-867
-938
-925
-704
-418
-228
-140
-77
-14
50
173
227
236
288
204
198
192
123
107
126
168
241
228
159
61
-59
-90
-79
-112
-93
-65
-81
-162
-363
-664
-893
-988
-1086
-1198
-1241
-1253
-1305
-1379
-1441
-1510
-1591
-1695
-1724
-1674
-1696
-1751
-1798
-1826
-1789
-1678
-1653
-1629
-1552
-1515
-1522
-1575
-1605
-1577
-1452
-1324
-1215
-1188
-1120
-989
-896
-990
-1046
-1096
-1130
-1052
-882
-798
-795
-843
-875
-771
-639
-562
-491
-376
-309
-259
-251
-297
-366
-338
-240
-204
-337
-412
-353
-291
-250
-298
-373
-389
-250
-96
15
52
16
-38
22
69
138
155
115
187
299
380
423
506
656
808
925
1015
1065
1152
1330
1424
1362
1364
1352
1269
1290
1309
1166
1077
1140
1157
1103
1077
914
796
760
649
441
363
250
210
188
19
-294
-622
-885
-1069
-1328
-1622
-1819
-1919
-2048
-2266
-2483
-2667
-2902
-3017
-3026
-3071
-3148
-3280
-3425
-3645
-3813
-3958
-4064
-4004
-3844
-3617
-3541
-3605
-3591
-3545
-3540
-3409
-3355
-3374
-3266
-3032
-2835
-2687
-2576
-2408
-2227
-2136
-2076
-1991
-1929
-1813
-1595
-1378
-1323
-1301
-1225
-1103
-922
-753
-728
-742
-728
-671
-618
-594
-645
-694
-652
-611
-592
-627
-660
-683
-728
-725
-690
-707
-650
-539
-479
-454
-415
-390
-330
-266
-140
-65
-59
26
190
319
421
400
367
418
501
614
726
730
764
921
1044
1058
1057
1050
1005
1018
1090
1162
1158
1120
1138
1137
1149
1206
1278
1352
1480
1641
1675
1577
1555
1607
1635
1519
1373
1351
1393
1410
1429
1425
1396
1390
1404
1455
1511
1498
1452
1403
1331
1317
1348
1354
1279
1167
1166
1191
1194
1182
1139
1170
1225
1291
1391
1409
1387
1450
1566
1649
1664
1715
1764
1759
1859
1916
1866
1940
2063
2076
2078
2140
2242
2213
2184
2211
2223
2242
2297
2401
2510
2613
2635
2618
2607
2555
2550
2558
2659
2859
3024
2996
2852
2755
2718
2690
2680
2531
2373
2406
2494
2521
2401
2201
2053
1935
1965
2001
1843
1694
1652
1658
1739
1860
1870
1882
1949
2005
1897
1687
1528
1467
1485
1548
1598
1603
1503
1398
1355
1228
994
847
759
633
494
438
343
211
122
6
-169
-320
-421
-532
-735
-898
-986
-1037
-1107
-1097
-998
-946
-941
-963
-995
-1074
-1123
-1147
-1117
-1135
-1237
-1270
-1213
-1215
-1150
-993
-808
-707
-681
-702
-602
-448
-453
-507
-427
-310
-190
-140
-137
-198
-211
-141
-125
-145
-113
-90
-47
82
186
208
75
24
57
21
29
106
28
-160
-309
-409
-539
-577
-670
-832
-875
-857
-854
-861
-954
-1060
-1104
-1182
-1253
-1351
-1430
-1564
-1679
-1710
-1775
-1901
-1874
-1824
-1844
-1908
-1984
-2034
-2088
-2136
-2069
-2043
-2068
-2057
-2054
-2079
-2059
-1984
-1918
-1900
-1926
-1957
-1951
-1882
-1882
-2009
-2066
-2062
-2013
-1950
-1984
-1956
-1926
-1880
-1804
-1829
-2008
-2051
-2033
-2035
-2091
-2165
-2223
-2323
-2423
-2409
-2301
-2221
-2208
-2196
-2083
-1948
-1895
-1903
-1908
-1833
-1679
-1542
-1364
-1196
-1157
-1101
-1000
-931
-883
-764
-607
-377
-203
-110
3
166
271
368
542
717
782
811
825
871
970
1069
1161
1288
1298
1189
1076
995
931
898
961
1053
1076
1107
1103
928
777
678
601
611
666
782
764
699
764
774
673
600
575
584
605
642
692
645
484
297
184
149
139
39
-137
-348
-566
-722
-796
-843
-865
-919
-1006
-1078
-1196
-1313
-1364
-1459
-1599
-1664
-1689
-1713
-1749
-1794
-1868
-1989
-2130
-2289
-2412
-2382
-2259
-2209
-2257
-2304
-2284
-2259
-2198
-2123
-2134
-2123
-2100
-2086
-2115
-2196
-2167
-2003
-1873
-1720
-1567
-1515
-1385
-1344
-1333
-1201
-1024
-907
-782
-575
-384
-269
-222
-133
-34
21
96
208
345
391
417
530
675
786
845
857
854
920
910
814
803
841
904
956
953
895
803
724
724
723
661
625
672
710
654
621
607
486
369
338
362
362
252
310
524
597
547
475
428
508
636
666
630
710
852
895
886
954
1061
1103
1197
1332
1359
1345
1417
1486
1495
1548
1727
1859
1902
1918
1836
1804
1852
1820
1757
1739
1708
1655
1578
1493
1448
1477
1587
1651
1595
1556
1581
1653
1591
1441
1390
1445
1481
1533
1560
1558
1493
1387
1414
1512
1525
1533
1685
1879
2012
2068
2081
2094
2159
2210
2222
2304
2409
2497
2577
2662
2703
2782
2911
3066
3213
3389
3485
3471
3478
3557
3630
3712
3781
3770
3801
3831
3751
3594
3428
3328
3259
3199
3177
3073
2950
2805
2669
2500
2203
1944
1831
1645
1444
1287
1105
885
640
433
182
2
-83
-203
-357
-487
-599
-692
-772
-742
-635
-598
-648
-643
-509
-326
-225
-201
-140
-76
-6
108
173
223
406
604
679
776
800
750
720
677
548
434
474
588
586
463
351
299
154
22
-91
-308
-593
-760
-829
-936
-1022
-1092
-1165
-1175
-1186
-1232
-1359
-1481
-1581
-1669
-1725
-1736
-1721
-1668
-1490
-1350
-1263
-1263
-1350
-1410
-1419
-1404
-1384
-1288
-1119
-952
-794
-730
-787
-851
-880
-911
-898
-819
-717
-729
-837
-881
-813
-714
-698
-771
-881
-914
-896
-936
-1023
-1129
-1299
-1407
-1448
-1479
-1598
-1792
-1966
-2053
-2119
-2321
-2562
-2689
-2703
-2735
-2910
-3051
-3123
-3177
-3162
-3054
-3072
-3327
-3473
-3371
-3326
-3357
-3389
-3434
-3330
-3116
-2913
-2824
-2896
-2898
-2736
-2535
-2324
-2194
-2096
-2001
-1855
-1702
-1582
-1555
-1508
-1353
-1061
-758
-575
-546
-480
-326
-216
-111
-1
128
367
673
868
875
786
671
585
668
751
800
854
911
962
996
951
873
840
836
831
816
787
805
798
744
753
810
898
958
1035
1040
1014
942
843
857
980
1099
1270
1442
1485
1505
1520
1399
1331
1405
1521
1683
1721
1729
1794
1783
1722
1743
1814
1819
1744
1732
1742
1696
1532
1297
1160
1091
932
711
506
409
256
27
-142
-281
-487
-618
-606
-679
-905
-1028
-1027
-979
-977
-1118
-1313
-1412
-1352
-1318
-1422
-1567
-1605
-1540
-1448
-1449
-1481
-1453
-1385
-1292
-1167
-1093
-1010
-866
-722
-651
-678
-727
-675
-451
-243
-152
-138
-118
-57
9
44
11
-79
-163
-69
193
317
298
296
367
503
603
673
668
573
530
559
573
623
666
787
959
1086
1143
1097
985
998
1139
1295
1321
1322
1314
1287
1207
1035
831
646
476
374
430
463
416
371
397
437
395
332
348
365
364
424
486
481
531
577
620
655
650
636
693
720
641
573
524
489
532
689
839
854
765
680
577
402
350
346
348
386
379
334
291
205
169
198
226
318
434
488
527
559
523
565
682
804
854
851
910
1033
1141
1256
1347
1423
1519
1650
1764
1882
1905
1961
2125
2249
2269
2321
2407
2442
2399
2275
2154
2098
2104
2166
2113
1959
1875
1914
1995
2031
1990
1915
1846
1798
1816
1844
1823
1824
1871
1949
1948
1917
1845
1839
2013
2153
2197
2271
2361
2410
2477
2576
2653
2632
2547
2556
2608
2523
2397
2265
2294
2354
2356
2316
2287
2229
2063
1811
1544
1348
1113
888
799
740
530
251
25
-175
-364
-539
-661
-680
-654
-613
-700
-878
-1047
-1157
-1343
-1576
-1769
-1924
-1852
-1642
-1580
-1624
-1676
-1745
-1784
-1766
-1749
-1790
-1884
-1912
-1873
-1918
-2058
-2228
-2262
-2224
-2179
-2136
-2147
-2284
-2369
-2258
-2193
-2227
-2319
-2438
-2300
-1968
-1790
-1892
-2054
-2013
-1814
-1601
-1475
-1576
-1733
-1790
-1723
-1565
-1540
-1666
-1796
-1799
-1655
-1591
-1696
-1843
-1940
-1952
-1957
-2061
-2200
-2333
-2394
-2393
-2397
-2519
-2630
-2686
-2809
-2920
-2976
-3030
-3057
-3103
-3128
-3163
-3303
-3456
-3508
-3505
-3461
-3408
-3332
-3216
-3204
-3228
-3199
-3143
-2985
-2779
-2587
-2403
-2240
-2017
-1796
-1589
-1443
-1437
-1505
-1446
-1266
-1049
-975
-1022
-989
-904
-787
-631
-618
-660
-642
-661
-610
-595
-680
-788
-847
-842
-878
-1095
-1190
-1130
-1104
-1106
-1054
-955
-916
-972
-995
-977
-1042
-987
-986
-968
-762
-476
-192
28
77
105
140
162
111
162
319
420
419
455
486
493
554
680
935
1124
1212
1264
1227
1159
1311
1538
1660
1628
1445
1435
1627
1742
1607
1457
1528
1693
1848
1955
1925
1691
1425
1230
1129
1122
1070
829
490
303
208
57
-64
-82
-132
-65
43
-26
-249
-554
-839
-1082
-1245
-1420
-1657
-1780
-1724
-1612
-1514
-1587
-1772
-1881
-1697
-1361
-1026
-803
-659
-560
-391
-172
-114
-137
-86
60
313
630
720
720
807
978
1292
1685
2074
2344
2572
2825
2990
3000
3028
3034
2936
2851
2773
2672
2517
2351
2113
1846
1617
1502
1404
1329
1276
1116
810
398
55
-183
-499
-866
-1143
-1399
-1759
-2213
-2524
-2793
-3023
-3055
-2878
-2711
-2525
-2298
-2101
-1981
-1726
-1439
-1271
-1056
-762
-532
-379
-220
-151
-47
206
521
780
1013
1289
1549
1874
2143
2221
2121
2068
2214
2351
2371
2365
2314
2235
2295
2418
2472
2396
2305
2371
2549
2729
2861
2906
2915
2943
2931
2921
2871
2739
2645
2740
2820
2791
2706
2668
2779
2948
3046
3085
3217
3353
3362
3366
3494
3502
3349
3371
3611
3927
4198
4458
4585
4517
4502
4672
4980
5336
5589
5955
6417
6806
6996
7111
7354
7624
7957
8421
8925
9311
9554
9809
10053
10378
10707
10738
10876
11032
10970
10713
10589
10381
10227
10182
10009
9042
6858
3978
894
-1456
-2687
-2843
-3016
-3771
-5228
-7185
-8980
-9791
-9478
-8577
-7522
-6896
-6914
-7558
-8219
-8547
-8675
-8690
-8485
-8058
-7361
-6282
-5019
-3821
-2736
-1677
-508
942
2749
4506
5856
6625
6812
6415
5689
5068
4829
4822
4930
5031
4775
4082
3183
2392
1820
1614
1734
1993
1953
1278
-129
-1887
-3614
-5039
-6137
-6923
-7463
-7944
-8366
-8616
-8626
-8654
-8553
-8214
-7624
-6792
-5886
-5296
-5123
-5319
-5690
-5907
-5772
-5450
-4934
-4299
-3809
-3626
-3456
-3343
-3349
-3108
-2360
-1563
-1275
-1363
-1736
-2391
-3191
-3801
-4299
-4593
-4705
-4836
-5191
-5541
-5772
-6003
-6038
-5742
-5345
-5200
-5250
-5474
-5760
-6033
-6313
-6520
-6563
-6430
-6216
-5990
-5822
-5782
-5744
-5339
-4653
-3934
-3178
-2554
-2150
-2086
-2193
-2291
-2357
-2315
-2075
-1846
-1538
-1228
-1121
-1089
-1112
-987
-582
-120
177
307
422
439
272
52
0
184
463
748
892
968
994
1012
1276
1881
2614
3237
3615
3747
3743
3545
3680
3851
3900
4430
5014
5573
6032
6382
6728
7221
7877
8872
9603
10277
11064
11554
11723
11695
11804
12004
12417
12714
12900
12675
12265
11628
11361
11172
9596
6234
1607
-2916
-6114
-7321
-7032
-6859
-7872
-10015
-12552
-14639
-15000
-13283
-10521
-8307
-7610
-8676
-10645
-11946
-11811
-10599
-9020
-7458
-6226
-5036
-3448
-1344
895
3072
5123
6977
8805
10711
12348
13221
13141
12172
10764
9375
8480
8092
8138
8277
8081
7163
5609
3930
2500
1549
1120
804
65
-1375
-3611
-6334
-8918
-10705
-11300
-10968
-10387
-9978
-9793
-9730
-9458
-8738
-7674
-6351
-4914
-3575
-2484
-1608
-1051
-742
-720
-699
-83
1263
3017
4730
5975
6500
6560
6544
6660
6908
7407
7623
6704
4441
1743
-462
-2131
-3230
-4102
-5300
-6773
-7925
-8862
-9686
-10309
-10461
-10454
-10481
-10621
-10904
-11078
-10910
-10507
-10262
-9995
-9449
-8489
-7246
-5723
-4286
-3231
-2399
-1528
-618
157
699
926
999
842
545
109
-202
-206
-6
351
591
526
288
43
-160
-298
-479
-774
-1097
-1404
-1753
-2078
-2243
-2092
-1665
-1226
-909
-615
-276
190
787
1423
1961
2437
2973
3603
4198
4601
4903
5264
5905
6846
7727
8506
9126
9735
10388
11019
11676
12224
12626
13413
14164
14561
14743
14687
14870
15477
16288
17130
17888
18452
18864
18613
17862
17010
16165
15568
15126
14292
11899
7614
2243
-3120
-7120
-8774
-8549
-7731
-7466
-8602
-10779
-12928
-13804
-12954
-10871
-8530
-7111
-7399
-8999
-10540
-11033
-10162
-8316
-5857
-3333
-921
1443
3788
6034
8088
9873
11356
12550
13426
14009
14213
13786
12494
10478
8495
7337
7120
7480
8016
7942
6876
4864
2330
-120
-2082
-3473
-4583
-5847
-7591
-9849
-12392
-14482
-15465
-15286
-14158
-12584
-11278
-10506
-10078
-9893
-9526
-8737
-7702
-6426
-5141
-4057
-3180
-2497
-1838
-885
295
1757
3527
5258
6747
7830
8197
7755
6627
5241
4020
2923
1762
564
-922
-2505
-3772
-4993
-6491
-7786
-8715
-9377
-10063
-11001
-12137
-13389
-14501
-15178
-15658
-15881
-15505
-14808
-13919
-13042
-12183
-11298
-10117
-8663
-7234
-6104
-5163
-4424
-3844
-3298
-2904
-2466
-2046
-1633
-1288
-1014
-697
-368
-376
-474
-634
-1025
-1436
-1929
-2570
-3411
-4267
-5028
-5544
-5991
-6297
-6356
-6270
-5945
-5574
-5322
-5039
-4647
-4238
-3941
-3847
-3841
-3782
-3511
-3017
-2406
-1677
-741
341
1355
2151
2719
3341
4112
4852
5403
5737
6062
6423
6957
7308
7632
7962
8532
9432
10165
10830
11435
12124
12878
13484
13821
14212
14381
14653
14995
15083
15064
14751
14145
13668
13247
12743
11879
9309
4778
-1316
-7025
-10570
-11560
-10666
-9566
-9932
-11946
-14561
-16612
-16514
-14313
-10948
-8566
-8491
-10402
-13007
-14493
-13791
-11553
-9099
-6782
-4771
-2632
-187
2522
5296
7569
9027
10063
10885
11504
11965
11947
11115
9482
7849
6924
7061
8073
9202
9578
8848
7171
5015
2893
1175
-151
-1464
-3016
-4800
-6931
-9011
-10605
-11458
-11318
-10272
-8933
-7745
-6971
-6748
-6798
-6696
-6254
-5595
-4825
-4072
-3394
-2648
-1693
-475
943
2474
4053
5638
7124
8308
9020
9111
8500
7542
6714
6122
5705
5211
4489
3337
1932
852
363
453
628
286
-1275
-3891
-6389
-7956
-8552
-8487
-8482
-9098
-9891
-10494
-10426
-9964
-9118
-7878
-6661
-6060
-6558
-7328
-7680
-7015
-6265
-5641
-5397
-5014
-4193
-3111
-2149
-1488
-941
-307
478
931
999
543
193
9
-324
-729
-1143
-1213
-1016
-905
-1067
-1236
-1545
-1723
-1639
-1595
-1631
-1815
-2053
-2539
-3136
-3345
-3098
-2813
-2456
-1997
-1660
-1291
-911
-386
273
987
1564
1969
2301
2566
2994
3744
4627
5399
5959
6413
7009
7777
8691
9694
10502
11207
11739
12012
12347
13011
13618
14088
14538
15078
15782
16469
16973
17036
16554
16067
15730
15380
15133
14876
14043
11748
7593
2223
-2565
-5294
-5450
-4078
-3031
-3394
-5275
-7435
-8592
-8056
-5982
-3705
-2763
-3562
-5576
-7494
-7929
-6928
-5206
-3484
-2052
-686
1110
3329
5655
7398
8328
8948
9387
9772
10141
10243
9707
8453
7141
6420
6493
7333
8556
9152
8604
7262
5709
4384
3503
2722
1604
41
-1817
-3594
-4967
-5697
-5991
-6138
-6061
-5790
-5562
-5410
-5309
-5306
-5440
-5627
-5759
-5812
-5859
-5837
-5717
-5430
-4895
-4071
-3069
-2040
-1067
-201
596
1138
1336
1232
831
318
27
-109
-252
-453
-679
-783
-737
-694
-735
-772
-881
-1271
-1934
-2926
-4306
-5822
-7045
-7718
-8116
-8473
-8783
-8925
-8792
-8232
-7539
-7084
-6831
-6721
-6757
-6932
-7288
-7727
-8052
-8003
-7470
-6877
-6511
-6079
-5504
-4703
-3682
-2814
-2383
-2182
-1991
-1878
-2020
-2298
-2542
-2710
-2614
-2249
-1842
-1455
-1091
-865
-758
-657
-718
-928
-1121
-1251
-1489
-1813
-2100
-2237
-2173
-1865
-1587
-1564
-1442
-1002
-416
59
247
242
281
362
403
439
626
871
1298
1742
1843
1928
2284
2835
3654
4476
4778
4803
5074
5555
6004
6295
6348
6350
6513
6835
7223
7568
7876
8119
8458
8632
8582
8556
8583
8445
8246
7895
6994
5676
3992
2188
626
-452
-991
-1164
-1237
-1545
-2068
-2516
-2575
-2454
-2390
-2501
-3027
-3792
-4469
-5041
-5510
-5819
-6016
-6083
-6118
-5978
-5508
-4802
-3946
-3068
-2423
-2032
-1794
-1602
-1459
-1464
-1545
-1648
-1694
-1561
-1141
-641
-162
371
927
1436
1901
2288
2511
2535
2397
2128
1752
1299
860
503
264
93
21
77
214
414
596
680
657
570
416
141
-223
-642
-1022
-1196
-1212
-1278
-1453
-1519
-1409
-1154
-759
-288
90
288
321
243
126
-47
-197
-184
-112
-102
-77
35
178
357
581
889
1106
1128
1020
720
339
33
-229
-560
-829
-948
-833
-606
-348
-101
14
-19
-54
-9
-10
-52
-172
-305
-399
-505
-679
-920
-1008
-873
-653
-444
-223
-51
83
146
96
-123
-465
-712
-773
-789
-833
-886
-916
-795
-592
-467
-330
-215
-135
-33
79
120
57
-41
-58
15
35
26
129
317
504
734
963
1087
1254
1498
1747
1967
2167
2278
2359
2536
2724
2910
3091
3354
3654
3855
4043
4244
4380
4518
4753
5038
5211
5416
5668
5858
5900
5766
5691
5719
5762
5778
5830
5975
6012
5815
5536
5114
4499
3952
3638
3466
3322
3265
3344
3467
3614
3774
3832
3719
3461
3251
3082
2887
2761
2673
2402
1964
1480
1099
957
969
1061
1260
1484
1647
1681
1535
1352
1120
795
567
580
556
383
116
-266
-564
-694
-673
-485
-272
-166
-222
-391
-617
-738
-697
-597
-480
-469
-583
-738
-872
-960
-929
-798
-623
-358
-100
93
183
134
50
47
44
82
142
37
-233
-547
-789
-970
-1072
-1042
-941
-917
-1046
-1324
-1641
-1887
-2063
-2200
-2291
-2363
-2446
-2517
-2604
-2686
-2743
-2822
-2909
-2927
-2885
-2937
-3040
-3261
-3613
-3865
-4003
-4140
-4114
-3945
-3829
-3841
-3875
-3870
-3920
-3917
-3771
-3652
-3621
-3637
-3596
-3510
-3511
-3630
-3672
-3607
-3506
-3504
-3602
-3679
-3631
-3552
-3529
-3614
-3797
-3919
-3933
-3898
-3887
-3987
-4103
-4057
-3858
-3760
-3759
-3774
-3678
-3446
-3146
-2923
-2839
-2809
-2672
-2408
-2148
-1935
-1706
-1481
-1308
-1158
-1039
-918
-867
-835
-670
-491
-398
-278
-117
56
186
255
349
521
699
790
875
1047
1257
1477
1625
1664
1788
2084
2445
2718
2873
3027
3202
3473
3813
4070
4195
4344
4570
4767
4897
4952
4807
4510
4274
4068
3801
3590
3507
3553
3682
3787
3742
3353
2783
2303
2012
1826
1598
1188
615
-4
-548
-1021
-1410
-1682
-1784
-1744
-1728
-1822
-2072
-2398
-2696
-2911
-2965
-2952
-2968
-2961
-2980
-3070
-3131
-3163
-3096
-2833
-2432
-2122
-1933
-1875
-1938
-1987
-1912
-1685
-1384
-1217
-1240
-1334
-1409
-1482
-1523
-1467
-1352
-1201
-999
-780
-658
-705
-835
-958
-1129
-1250
-1227
-1249
-1341
-1429
-1542
-1590
-1484
-1244
-993
-844
-795
-786
-779
-736
-707
-676
-637
-600
-522
-423
-339
-245
-207
-153
-4
140
227
268
296
392
431
371
241
64
10
28
-17
-45
-93
-112
-53
89
191
92
-8
-24
-35
-26
-48
-191
-393
-484
-472
-507
-571
-600
-510
-302
-155
-139
-161
-183
-230
-251
-240
-304
-309
-203
-129
-123
-58
61
183
265
310
355
423
506
512
408
278
209
213
249
306
319
289
303
356
414
450
454
466
608
759
874
985
1025
1051
1174
1320
1481
1599
1705
1908
2227
2545
2757
2894
3020
3262
3570
3848
4080
4302
4462
4623
4869
5109
5248
5383
5613
5851
5982
6017
5986
5897
5823
5771
5627
5393
5107
4761
4372
4131
4058
4106
4156
4052
3874
3624
3304
3059
2882
2718
2610
2467
2279
1999
1549
1102
802
678
703
733
785
840
784
654
463
246
57
-95
-139
-68
-45
-134
-340
-526
-558
-472
-398
-350
-407
-542
-577
-513
-528
-682
-862
-1045
-1233
-1312
-1309
-1348
-1399
-1387
-1288
-1184
-1150
-1110
-1047
-1120
-1184
-1213
-1211
-1163
-1123
-1179
-1300
-1412
-1479
-1488
-1459
-1394
-1391
-1432
-1474
-1525
-1576
-1601
-1590
-1561
-1557
-1620
-1693
-1726
-1796
-1871
-1895
-1892
-1836
-1736
-1685
-1616
-1558
-1688
-1866
-1918
-1877
-1920
-2073
-2219
-2372
-2505
-2509
-2423
-2327
-2334
-2350
-2297
-2230
-2133
-2089
-2231
-2334
-2376
-2403
-2562
-2753
-2800
-2767
-2762
-2727
-2711
-2754
-2748
-2670
-2492
-2346
-2389
-2579
-2720
-2684
-2639
-2721
-2868
-2940
-2846
-2692
-2606
-2579
-2481
-2359
-2239
-2119
-1952
-1860
-1881
-1978
-1997
-1861
-1765
-1731
-1652
-1523
-1345
-1219
-1138
-1087
-1081
-1021
-886
-765
-655
-561
-435
-192
32
160
326
587
782
881
1018
1167
1291
1502
1635
1625
1632
1743
1908
2104
2266
2355
2488
2620
2726
2832
2974
3161
3375
3567
3672
3676
3622
3493
3221
2864
2413
1981
1745
1815
1967
2076
2019
1814
1456
993
631
532
517
400
154
-202
-678
-1198
-1570
-1787
-1891
-1751
-1531
-1438
-1403
-1489
-1612
-1717
-1842
-1858
-1776
-1728
-1723
-1783
-1957
-2120
-2105
-1940
-1704
-1521
-1467
-1461
-1406
-1367
-1380
-1405
-1475
-1527
-1467
-1434
-1555
-1667
-1734
-1726
-1568
-1337
-1193
-1164
-1153
-1129
-1186
-1219
-1196
-1098
-1092
-1240
-1361
-1473
-1488
-1338
-1161
-996
-849
-729
-647
-620
-586
-649
-743
-710
-619
-604
-597
-627
-654
-628
-581
-612
-704
-745
-817
-844
-825
-881
-900
-812
-768
-889
-1169
-1465
-1546
-1496
-1414
-1203
-1019
-1015
-1043
-1085
-1117
-1047
-871
-726
-677
-692
-731
-725
-671
-606
-596
-517
-322
-117
53
167
211
254
361
408
316
184
176
225
244
267
264
199
155
92
17
-60
-132
-162
-167
-210
-252
-289
-340
-312
-138
138
435
638
766
816
919
1071
1121
1194
1337
1489
1690
1917
2129
2364
2599
2810
3016
3237
3437
3644
3808
3904
3964
4102
4207
4247
4296
4417
4666
5032
5332
5546
5682
5736
5737
5833
6040
6166
6218
6204
6161
6100
6018
5939
5894
5783
5579
5309
4985
4621
4275
4063
3979
4044
4135
4074
3773
3264
2861
2712
2613
2603
2614
2412
2112
1778
1379
981
720
757
947
1156
1373
1394
1212
1034
922
794
612
436
331
180
-112
-375
-639
-841
-856
-671
-464
-409
-601
-825
-920
-917
-843
-812
-839
-884
-924
-900
-811
-766
-746
-669
-550
-445
-360
-352
-408
-413
-324
-201
-148
-139
-206
-279
-289
-305
-368
-444
-548
-633
-757
-950
-1125
-1295
-1359
-1297
-1258
-1339
-1491
-1642
-1700
-1702
-1695
-1731
-1797
-1857
-1945
-2013
-2020
-2023
-2021
-1976
-1933
-1954
-2021
-2033
-2057
-2261
-2462
-2447
-2393
-2420
-2418
-2462
-2543
-2492
-2351
-2333
-2419
-2499
-2506
-2501
-2466
-2509
-2674
-2779
-2771
-2735
-2754
-2794
-2802
-2771
-2706
-2658
-2770
-2903
-2996
-3066
-3130
-3203
-3264
-3313
-3418
-3498
-3473
-3367
-3176
-3023
-2987
-2984
-2921
-2836
-2697
-2616
-2593
-2438
-2251
-2135
-2077
-2063
-1982
-1883
-1762
-1592
-1470
-1425
-1441
-1265
-945
-747
-634
-561
-511
-405
-232
-108
-90
-72
33
219
441
611
710
744
908
1197
1449
1597
1769
2074
2413
2659
2803
2972
3097
3211
3432
3712
3883
3973
4106
4199
4225
4198
3963
3552
3073
2506
1937
1595
1548
1760
1949
1933
1765
1393
967
644
394
315
217
-113
-555
-1091
-1636
-1978
-2122
-2041
-1855
-1693
-1527
-1409
-1429
-1535
-1712
-1872
-1994
-2092
-2165
-2295
-2594
-2940
-3183
-3163
-2900
-2650
-2503
-2478
-2465
-2441
-2437
-2382
-2316
-2250
-2147
-2098
-2185
-2317
-2415
-2391
-2183
-1981
-1888
-1745
-1654
-1652
-1604
-1538
-1505
-1432
-1294
-1126
-1034
-1060
-1144
-1282
-1292
-1115
-1009
-1015
-1015
-1105
-1204
-1184
-1150
-1189
-1334
-1485
-1574
-1574
-1530
-1575
-1655
-1677
-1734
-1771
-1739
-1680
-1625
-1644
-1642
-1600
-1599
-1548
-1490
-1551
-1583
-1657
-1627
-1348
-1039
-832
-689
-719
-704
-595
-567
-462
-244
-70
-43
-224
-446
-606
-559
-351
-281
-379
-451
-546
-525
-433
-421
-541
-751
-902
-952
-1031
-1092
-1190
-1281
-1213
-1047
-951
-941
-1022
-1057
-941
-769
-686
-675
-663
-570
-386
-140
39
103
171
310
423
558
644
673
752
850
941
955
896
940
1069
1185
1305
1366
1386
1430
1456
1476
1570
1716
1851
2024
2365
2657
2873
3015
3166
3397
3675
4046
4457
4740
4983
5294
5583
5849
6165
6309
6435
6794
7099
7327
7500
7547
7507
7204
6975
6935
6749
6538
6069
5409
4939
4760
4819
4985
5066
5044
4600
3825
3185
2768
2515
2405
2091
1487
769
42
-362
-544
-576
-431
-586
-609
-317
-72
-81
-183
-447
-644
-658
-504
-417
-608
-943
-1187
-1247
-1031
-600
-213
-142
-344
-588
-729
-744
-535
-306
-325
-564
-857
-1118
-1252
-1286
-1280
-1328
-1498
-1621
-1686
-1767
-1916
-2183
-2321
-2273
-2250
-2265
-2328
-2448
-2602
-2766
-2821
-2790
-2708
-2607
-2551
-2650
-2886
-3021
-2926
-2738
-2640
-2674
-2738
-2714
-2590
-2318
-2063
-1983
-1931
-1920
-1961
-2019
-2095
-2161
-2254
-2335
-2365
-2440
-2579
-3155
-3821
-3620
-3390
-3492
-3714
-3995
-4011
-3518
-2915
-2629
-2905
-2946
-2372
-2232
-2410
-2583
-2577
-2346
-2034
-2195
-2672
-2928
-2777
-3012
-2386
-3868
-4626
-4283
-3383
-3308
-4062
-4448
-4230
-3951
-3877
-3950
-4217
-4612
-3846
-3346
-3418
-3598
-3363
-2912
-2715
-2707
-2157
-2001
-1898
-1819
-1437
-1368
-1211
-1052
-897
-841
-955
-867
-573
-837
-848
-682
-280
-2
233
371
661
918
1244
1369
1592
1536
1778
1805
1894
2062
2417
2940
3077
3319
3795
4114
4419
4786
5482
5945
6180
6657
7049
7116
7510
7977
7884
7715
7758
7902
8038
7546
6281
4790
2871
1707
1376
584
-293
-1546
-2654
-2852
-2347
-1641
-780
-832
-1587
-2524
-3435
-3659
-3420
-3370
-3456
-4125
-5065
-5395
-5173
-4484
-3542
-2794
-2196
-1327
-581
-55
74
-132
-355
-434
-306
-33
125
164
220
213
374
987
1894
2581
2761
2502
2086
1976
2010
1972
1860
1393
652
-148
-822
-1199
-1343
-1417
-1579
-1942
-2277
-2525
-2800
-3178
-3674
-4005
-4094
-3920
-3708
-3711
-3943
-4129
-4014
-3617
-2992
-2245
-1767
-1711
-1738
-1548
-1138
-498
48
274
298
413
766
1308
1770
2139
2285
2314
2369
2365
2193
1917
1288
588
105
-503
-918
-1449
-2058
-2563
-3206
-3741
-3814
-4056
-4152
-4334
-4853
-5209
-5329
-5208
-4985
-4866
-4622
-4206
-4048
-3804
-3498
-3199
-2789
-2546
-2399
-2298
-2230
-1951
-1555
-1480
-1508
-1500
-1315
-1002
-837
-785
-654
-444
-215
-146
-326
-563
-765
-787
-707
-693
-748
-818
-709
-585
-494
-302
-227
-251
-117
25
131
91
-195
-273
-36
126
350
441
635
1300
1987
2523
3138
3610
4112
4761
5181
5721
6253
6542
6872
7130
7453
7890
8244
8685
9185
9761
10606
11376
11751
11992
12136
12415
12689
12716
12474
12393
12350
12389
12665
12761
12568
12774
12740
12601
11165
8227
4887
1973
306
-205
-910
-2803
-4825
-5756
-4779
-2637
-365
1202
1269
49
-1055
-1591
-1362
-476
-57
-549
-1676
-2482
-2080
-711
940
2727
3978
4845
5962
6752
7027
6773
5905
4623
3685
3247
3008
2637
2002
1342
1073
1377
2200
3259
3674
3070
1765
451
-376
-784
-1026
-1346
-2373
-3455
-4436
-4869
-4463
-3924
-3638
-3546
-3535
-3348
-3213
-3292
-3486
-4127
-4552
-4352
-4037
-3747
-3665
-3643
-3466
-3278
-2242
-774
336
701
734
370
246
427
1017
1152
697
238
-80
-309
-69
359
469
476
279
-101
-622
-891
-1516
-2619
-3593
-4059
-4962
-6077
-7595
-8651
-8987
-8408
-7900
-8210
-8342
-7823
-7232
-6941
-6460
-6260
-5899
-5501
-5200
-5501
-5467
-4650
-3736
-3094
-2825
-2577
-2446
-2232
-1644
-1557
-1372
-1400
-1824
-2249
-2587
-2837
-2550
-2339
-2603
-2391
-2434
-2331
-1965
-2084
-2231
-2155
-2217
-2449
-3059
-3401
-3085
-2830
-2636
-2608
-2330
-1939
-1858
-1527
-1160
-1405
-1485
-1232
-1209
-1470
-1674
-1627
-1191
-689
-509
89
431
714
1426
1733
2322
2719
2610
2709
2977
3198
4179
4321
4520
5012
5459
6185
6191
6313
6909
7070
7373
8084
7950
8257
8874
9093
8767
8423
8062
8437
8576
8793
8990
8318
7717
5865
2342
-1157
-3394
-4438
-4696
-5781
-7518
-9035
-9015
-7106
-4707
-2505
-1252
-1765
-3303
-4692
-5125
-4251
-3527
-3130
-3780
-5038
-5569
-4580
-3018
-1308
-17
1118
2078
2874
3740
4203
3658
2186
803
-1
-83
38
95
-283
-933
-1153
-359
1091
2443
2584
2038
1000
-113
-375
-145
-430
-1165
-2321
-3469
-3986
-3846
-3113
-2445
-2243
-2163
-2030
-1724
-1426
-1518
-1821
-2284
-2789
-2837
-2623
-2476
-2432
-2496
-2395
-1670
-135
1778
2666
2705
2430
2160
2241
2685
3157
3221
2589
1987
1770
1751
2254
2861
2960
2789
2421
1873
1325
527
-659
-1695
-2449
-3285
-4025
-4953
-5821
-5784
-5553
-5424
-5331
-5404
-5314
-5184
-5323
-5293
-4964
-4125
-3263
-3052
-2927
-2818
-2369
-1802
-1270
-775
-311
-321
-382
-578
-593
-347
-328
-580
-851
-1175
-1189
-1106
-931
-703
-882
-878
-773
-1048
-1064
-1048
-1310
-1362
-1291
-1363
-1273
-1108
-1045
-917
-681
-329
-1
131
63
272
389
282
86
-14
-42
-33
239
542
788
1256
2006
2598
2961
3302
3863
4330
4973
5501
5786
5866
6346
6824
7288
7532
8043
8746
9183
9658
9951
10219
11061
11682
11843
12201
12395
12712
13032
12988
13079
13231
13277
13109
12711
12637
12927
12530
10631
7350
3641
972
-209
-708
-1604
-3677
-5382
-5973
-4861
-2614
-176
981
557
-746
-1832
-2454
-2097
-1078
-789
-1664
-2919
-3735
-3446
-1894
312
1909
2785
3569
4706
5715
6109
5986
5059
3540
2436
1919
1464
1143
717
-21
-280
-19
995
2233
2784
2296
1033
-285
-841
-856
-776
-1382
-2631
-3889
-4606
-4825
-4493
-4028
-3723
-3602
-3528
-3357
-3143
-2931
-2898
-3114
-3555
-3437
-3395
-3371
-3389
-3141
-2911
-2411
-1548
-468
511
1123
1428
1308
1302
1738
2256
2353
1802
1107
715
598
746
1240
1432
886
68
-443
-677
-1536
-2301
-3251
-4475
-5346
-6321
-7808
-8718
-9043
-8906
-8464
-8405
-8084
-7348
-6698
-5885
-5595
-5311
-4514
-3799
-3193
-3033
-3536
-3252
-2616
-2157
-1792
-1492
-1140
-773
-736
-798
-981
-1090
-1075
-1418
-2159
-2664
-2729
-2622
-2624
-2919
-3087
-3220
-3256
-3372
-3533
-3662
-3672
-4125
-4421
-4499
-4592
-4354
-4242
-4246
-3939
-3715
-3298
-3063
-3130
-2974
-2937
-2866
-2741
-2827
-2702
-2467
-2276
-1561
-1121
-676
-180
392
1413
2070
2184
2790
3155
3484
4009
4026
4283
4562
4780
5535
6086
6299
6653
7013
7370
7625
7950
8404
8628
8888
9377
9692
9626
9608
9319
8706
8572
8640
8679
8503
8261
7610
5122
1573
-1319
-3107
-4001
-4004
-4844
-6757
-8435
-8398
-6789
-4574
-2490
-1302
-1708
-3277
-4154
-3851
-3095
-2107
-1676
-2469
-3756
-3959
-3258
-1846
-90
1203
2013
2685
3496
4306
4708
4556
3506
2093
1363
1134
953
637
-115
-909
-903
-175
1136
2228
2440
2157
1439
616
299
321
286
-33
-1056
-2188
-2842
-2971
-2605
-1918
-1496
-1445
-1445
-1231
-931
-982
-1050
-1201
-1592
-1832
-1973
-2069
-1829
-1560
-1341
-770
390
1508
2461
3009
2949
2834
3075
3445
3910
3938
3515
3160
2781
2760
3057
3087
2895
2529
2063
1747
1239
373
-358
-930
-1367
-1848
-2561
-3463
-4063
-4071
-3947
-4222
-4209
-4124
-4008
-3560
-3406
-3631
-3338
-2733
-2227
-1921
-1989
-1984
-1617
-951
-422
-387
-391
-93
-289
-612
-701
-835
-736
-766
-1259
-1666
-1821
-1733
-1498
-1599
-1826
-2010
-1958
-1858
-1840
-2122
-2214
-2244
-2315
-2467
-2600
-2613
-2306
-2075
-2060
-1906
-1459
-971
-788
-892
-926
-729
-295
15
-13
181
565
928
1627
2254
2708
3467
4184
4459
4456
4836
5511
5958
6494
6513
6640
7208
7573
7755
8173
8598
9092
9625
9939
10050
10005
10465
11084
11025
11049
11285
11245
11561
11851
11974
12225
11902
11841
11893
11503
11274
10523
8043
4823
1392
-1068
-1966
-2429
-2962
-4099
-5575
-5799
-4462
-2271
198
1578
1347
-196
-1695
-1912
-1303
-432
84
-669
-1846
-2242
-1635
-14
1792
3256
4208
4781
5405
6055
6009
5431
4604
3388
2461
2175
1989
1648
1066
410
20
280
1288
2376
2960
2637
1545
485
-147
-465
-388
-736
-1799
-3093
-4074
-4323
-3885
-3346
-2999
-2965
-2988
-2877
-2882
-2847
-2863
-3272
-3769
-4105
-3966
-3597
-3620
-3903
-3677
-3044
-2026
-594
327
588
502
475
871
1483
1580
1311
735
367
241
236
570
880
859
784
483
-61
-377
-680
-1013
-1337
-1839
-2721
-4501
-6226
-6805
-6892
-7017
-7553
-9123
-10388
-9868
-8551
-7902
-8384
-8602
-8331
-7852
-7126
-6808
-6867
-6330
-5526
-5227
-5448
-5686
-5072
-4462
-4416
-4718
-4676
-4423
-4287
-4461
-4601
-4652
-4433
-4150
-4460
-5045
-5240
-4909
-4447
-4383
-4821
-4917
-4882
-4956
-4974
-4849
-4753
-4551
-4191
-4061
-4187
-4019
-3744
-3543
-3170
-2960
-3206
-3400
-3422
-3324
-2988
-2862
-2755
-2494
-2337
-1924
-1141
-568
21
728
1383
2097
2591
2759
3263
4214
4652
4999
5501
5508
5936
6796
7074
7616
7993
8271
8741
8982
9159
9395
9410
9590
9592
9408
9339
8926
8678
9076
8973
8780
8786
8456
7682
5672
3191
950
-1615
-2908
-3478
-4814
-6342
-7178
-7343
-6490
-4901
-2996
-1803
-1637
-1929
-2654
-3214
-2828
-2130
-1893
-1987
-2446
-2566
-2312
-1441
40
1333
2550
3675
4270
4713
5014
4826
4051
2954
2139
1614
998
547
250
-296
-692
-402
354
1273
1591
1098
477
-201
-641
-831
-1063
-1500
-2100
-2767
-3413
-3716
-3500
-2909
-2363
-1877
-1633
-1385
-1102
-988
-908
-881
-1158
-1278
-1119
-1013
-823
-699
-870
-813
8
1117
1960
2584
2594
2387
2427
2780
3157
3151
2764
2301
1865
1588
1578
1770
1939
1723
1368
1097
820
884
870
282
-597
-1471
-2221
-2906
-3853
-4845
-5420
-5853
-5820
-5741
-5798
-5585
-4977
-4306
-3887
-3905
-3446
-3044
-3004
-2705
-2563
-2336
-1883
-1425
-1158
-1005
-933
-669
-591
-501
-345
-459
-514
-576
-968
-1284
-1291
-1095
-955
-1455
-1737
-1688
-1695
-1710
-1609
-1782
-1955
-1948
-1936
-1797
-1761
-1420
-1213
-1145
-835
-704
-585
50
423
303
361
419
413
311
366
574
779
1051
1327
1599
1998
2307
2874
3423
4006
4668
4992
5208
5531
5929
6268
6520
6742
6990
7581
7961
8072
8521
8930
9419
9589
9652
9791
10132
10895
10939
10509
10263
9893
9902
10280
10078
9805
9841
9841
9531
8149
5836
3418
964
-213
-963
-2227
-3521
-4725
-5316
-4814
-3631
-1973
-661
-598
-1125
-1775
-2316
-1946
-1396
-1053
-978
-1670
-2196
-2136
-1679
-553
650
1754
2728
3229
3771
4337
4267
3875
3331
2720
2345
1966
1766
1604
1002
599
678
839
1626
2036
1856
1386
648
126
26
-52
-303
-859
-1642
-2371
-2907
-3022
-2864
-2676
-2598
-2814
-2979
-2792
-2664
-2565
-2644
-2799
-2741
-2577
-2398
-2402
-2538
-2490
-2395
-2025
-1556
-1259
-857
-718
-860
-849
-857
-866
-585
-294
-405
-752
-1120
-1486
-1470
-1268
-1354
-1680
-2019
-2378
-2582
-2697
-2719
-3148
-3810
-4456
-4862
-5053
-5662
-6925
-7451
-7385
-7293
-7172
-7704
-8586
-8793
-8218
-7426
-7300
-7520
-7350
-7016
-6561
-6219
-6175
-5878
-5320
-4963
-4864
-5090
-5152
-4738
-4259
-4007
-4128
-4313
-4382
-4385
-4195
-3808
-3540
-3456
-3452
-3589
-3722
-3675
-3466
-3251
-3253
-3392
-3583
-3584
-3414
-3343
-3205
-2873
-2602
-2366
-2216
-2056
-1793
-1546
-1445
-1446
-1483
-1396
-1318
-1330
-1228
-1004
-768
-462
-166
271
693
942
1234
1620
2032
2297
2325
2496
2841
3222
3493
3917
4356
4450
4620
4793
4997
5555
5886
5931
6214
6577
6811
7111
7498
7745
7794
7958
7909
7669
7681
7799
7633
7301
6940
5823
4608
3391
2119
1369
707
-139
-1205
-2089
-2302
-2214
-1603
-724
-597
-1132
-1817
-2392
-2538
-2143
-1785
-1495
-1818
-2374
-2781
-2875
-2412
-1664
-1057
-510
64
452
934
1304
1572
1772
1714
1510
1694
1913
2001
1792
1483
1425
1422
1576
1875
2166
2116
1753
1617
1489
1553
1708
1502
1100
628
87
-31
76
28
-156
-343
-586
-738
-875
-1045
-1096
-940
-953
-939
-959
-1003
-969
-1104
-1149
-1024
-913
-821
-581
-324
-440
-612
-606
-618
-606
-230
81
155
193
322
554
702
742
917
871
695
678
769
711
628
698
548
441
651
658
352
288
157
-240
-548
-887
-1265
-1509
-1784
-1862
-1583
-1225
-1095
-1027
-988
-1001
-1090
-1034
-902
-788
-690
-575
-660
-598
-512
-427
-105
179
172
91
265
335
227
221
200
181
78
-183
-67
63
-88
-25
194
213
94
166
319
301
87
144
258
443
761
755
505
654
935
1184
1321
1357
1427
1377
1549
1806
1784
1922
2176
2134
2292
2516
2650
2741
2908
3250
3459
3403
3514
3583
3646
3804
3989
3949
3885
3896
3946
4076
4154
4266
4375
4559
4798
4922
5123
5326
5321
5310
5513
5415
4994
4810
4815
4682
4439
3983
3277
2798
2302
1752
1498
1735
2187
2477
2699
2775
2471
2020
1467
1048
1066
974
732
458
-650
-1876
-1432
-197
-710
-2450
-2463
-1148
-532
-937
-1525
-1950
-2268
-2255
-2034
-1878
-1917
-2317
-2640
-2632
-2552
-2490
-2104
-1877
-1772
-1754
-1858
-1865
-1765
-1473
-1153
-1107
-1100
-1089
-1300
-1519
-1529
-1492
-1382
-1338
-1423
-1575
-1468
-1367
-1574
-1630
-1491
-1708
-1967
-1827
-1921
-2303
-2376
-2405
-2556
-2633
-2457
-2537
-2857
-2998
-3018
-3375
-3556
-3394
-3548
-3759
-3860
-3888
-3950
-4023
-4029
-3967
-3866
-3825
-3931
-3951
-3825
-3915
-3862
-3782
-3794
-3922
-3965
-3821
-3715
-3563
-3449
-3432
-3434
-3441
-3464
-3466
-3455
-3302
-3233
-3264
-3195
-3318
-3469
-3411
-3285
-3125
-3017
-2933
-2930
-3056
-3115
-3171
-3251
-3352
-3293
-3335
-3563
-3617
-3497
-3701
-3608
-3441
-3644
-3535
-3459
-3649
-3626
-3402
-3226
-3165
-3129
-3169
-3199
-2920
-2737
-2669
-2557
-2395
-2286
-2238
-2106
-1848
-1676
-1638
-1400
-1059
-943
-874
-703
-598
-385
-176
-88
53
279
446
523
800
1202
1323
1487
1771
1803
1925
2005
2068
2216
2337
2302
2399
2603
2759
3036
3377
3618
3755
3906
4031
4213
4482
4622
4545
4495
4458
4147
3821
3474
3061
2629
2004
1478
1144
971
1079
1441
1782
2022
1895
1528
1129
603
257
326
222
-7
-349
-852
-1361
-1750
-2027
-2110
-1865
-1385
-1210
-1237
-1300
-1338
-1325
-1431
-1513
-1522
-1448
-1544
-1629
-1555
-1688
-1851
-1746
-1471
-1009
-697
-752
-718
-598
-441
-296
23
212
248
52
-45
9
34
60
211
222
154
102
18
-89
-175
-212
-477
-504
-408
-504
-718
-736
-770
-880
-840
-874
-856
-883
-946
-1039
-1225
-1326
-1207
-1071
-990
-896
-861
-987
-901
-662
-463
-239
-70
-147
-66
76
54
2
143
115
-105
-188
-53
11
-121
-243
-202
-129
-153
-98
-130
-313
-232
-174
-322
-236
-336
-536
-570
-643
-620
-600
-570
-594
-667
-571
-510
-608
-476
-325
-494
-642
-467
-383
-395
-354
-337
-412
-300
-261
-376
-245
-51
-28
-39
109
249
210
139
251
391
283
419
526
400
595
868
912
867
984
1028
957
1141
1204
1139
1296
1526
1633
1658
1782
1982
2069
2158
2407
2536
2854
3017
3170
3480
3632
3773
4034
4258
4465
4691
4910
5024
5024
5138
5511
5728
5760
6011
6171
6155
6302
6361
6174
6059
5886
5534
5062
4514
3801
3175
2453
1639
959
595
465
635
1008
1301
1104
511
-53
-619
-754
-393
-176
-220
-624
-1379
-1827
-2249
-2328
-2067
-1724
-1472
-1269
-1203
-1096
-1039
-1084
-1089
-1180
-1344
-1331
-1196
-1259
-1360
-1498
-1501
-1371
-1117
-852
-743
-781
-1046
-1312
-1379
-1197
-1251
-1341
-1401
-1705
-2005
-2037
-2161
-2211
-2039
-2070
-2386
-2579
-2578
-2745
-2861
-2849
-2971
-3121
-3137
-3143
-3118
-3096
-3159
-3383
-3424
-3351
-3208
-3197
-3185
-3272
-3567
-3582
-3377
-3373
-3353
-3210
-3344
-3355
-3130
-2953
-2881
-2618
-2465
-2572
-2657
-2716
-2847
-2935
-2895
-2939
-3186
-3348
-3429
-3371
-3397
-3313
-3174
-3108
-3238
-3358
-3430
-3496
-3501
-3543
-3453
-3405
-3557
-3581
-3493
-3328
-3138
-3036
-2898
-2820
-2775
-2705
-2745
-2869
-2926
-2951
-2863
-2881
-2998
-3062
-2984
-2991
-2948
-2776
-2605
-2459
-2378
-2338
-2291
-2161
-2029
-1692
-1649
-1623
-1614
-1517
-1535
-1488
-1384
-1260
-1254
-1016
-767
-782
-696
-299
-193
-322
-194
-18
-4
180
581
804
768
857
1031
1215
1395
1723
1982
2101
2279
2620
2865
2993
3196
3476
3742
4048
4367
4636
4856
5246
5673
5789
5899
6108
6346
6709
6755
6662
6662
6413
6083
5556
4933
4197
3298
2529
2076
1532
931
825
894
987
1284
1501
1199
675
59
-296
-221
-195
-62
-151
-724
-1356
-1800
-1820
-1387
-1041
-676
-225
20
132
189
420
492
400
486
576
484
609
809
610
469
662
950
1164
1325
1451
1461
1364
1522
1481
1304
1561
1726
1496
1208
896
419
324
324
438
426
224
115
-134
-359
-416
-659
-791
-583
-557
-562
-566
-643
-905
-956
-648
-570
-448
-230
-253
-418
-389
-384
-285
-22
273
398
429
558
663
872
1148
1287
1281
1345
1133
650
384
163
-2
3
-269
-748
-936
-1025
-841
-591
-555
-642
-584
-633
-915
-911
-1009
-1265
-1433
-1567
-1627
-1633
-1525
-1261
-1056
-962
-697
-405
-257
-202
-276
-234
-88
-70
-31
1
-3
-32
18
261
733
1095
1187
1435
1579
1607
1781
1905
1947
2048
2006
1973
1995
1977
2062
2221
2527
2670
2654
2620
2784
3061
3228
3431
3636
3454
3318
3292
3451
3729
3904
3822
3688
3841
4080
4322
4771
4980
4935
5030
5288
5486
5787
6088
6290
6432
6804
7466
8381
9102
9139
9035
9206
9364
9374
9055
9091
9115
8533
7717
6728
5154
3179
1693
711
-5
-737
-1654
-2670
-3438
-3196
-2398
-1747
-1471
-1974
-3177
-4161
-4366
-3996
-3518
-3268
-3476
-3924
-4396
-4382
-3910
-3064
-2067
-1380
-748
23
540
908
1038
996
580
257
683
985
697
331
130
-228
-601
-197
412
587
609
495
86
-589
-1061
-1342
-1705
-2154
-2916
-3767
-4378
-4903
-5198
-5124
-5165
-5237
-5290
-5258
-5153
-5215
-5395
-5444
-5479
-5623
-5384
-5038
-5025
-5018
-4910
-4531
-3975
-3279
-2634
-2115
-1785
-1632
-1383
-1323
-1267
-941
-837
-754
-673
-1067
-1571
-1824
-2110
-2585
-2946
-3381
-4074
-4624
-5004
-5803
-6649
-6831
-6912
-7089
-7245
-7641
-8005
-7781
-7322
-6931
-6701
-6609
-6589
-6615
-6446
-6229
-5994
-5544
-4942
-4675
-4591
-4446
-4244
-3980
-3394
-3072
-2953
-2872
-2964
-3045
-3142
-3120
-2941
-2734
-2640
-2688
-2618
-2336
-2051
-1962
-1771
-1543
-1468
-1486
-1490
-1666
-1830
-1838
-1774
-1757
-1632
-1556
-1441
-1209
-927
-670
-328
-135
-19
224
423
407
428
881
1241
1796
2177
2342
2993
3776
4439
5170
5719
6350
7097
7759
8454
8602
8664
9046
9466
9841
9988
10112
10252
10267
10588
10803
10815
10809
10511
10112
9815
8954
7223
4320
587
-2395
-4088
-5018
-5300
-6097
-7053
-7133
-6458
-4671
-2209
-679
280
323
-618
-1207
-1430
-1282
-753
-664
-924
-1087
-863
-73
1172
2648
4032
5144
6293
6901
6930
6598
5422
3923
2574
1352
835
735
481
140
-151
-132
292
974
1759
2279
2082
1300
194
-907
-1707
-2415
-2894
-3368
-3772
-4086
-4048
-3889
-3270
-2574
-1917
-1503
-1288
-850
-705
-1080
-1692
-1977
-1887
-1710
-1387
-1012
-476
113
897
1948
3019
3972
4576
4608
4300
3778
2988
1964
991
366
-36
-31
201
-40
-652
-1173
-1558
-1858
-2163
-3135
-4408
-5702
-6499
-6737
-6552
-6372
-5944
-5284
-4194
-3291
-2883
-2365
-1873
-1338
-782
-657
-1059
-1457
-1538
-1450
-1288
-1188
-856
-394
-122
-44
110
221
261
230
-199
-843
-1305
-1643
-1751
-1674
-1794
-1696
-1200
-935
-729
-481
-363
-161
110
211
-49
-234
-445
-687
-571
-289
56
372
544
750
1272
1781
2217
2595
2880
3307
3739
3870
3774
3861
4302
5103
5829
6375
7189
7934
8700
9511
10286
10661
10990
11458
11590
11474
11804
12091
12265
12290
12128
11927
11928
11892
11686
11392
10901
10591
10260
9483
7227
3566
-736
-4230
-6188
-6415
-5975
-6368
-7106
-7047
-5797
-3425
-407
1791
2672
2431
1556
739
237
456
971
1098
968
709
689
1431
2568
3877
5083
5710
5957
5944
5445
4679
3535
1899
121
-1411
-2523
-2829
-2418
-2012
-1889
-1959
-1927
-1395
-578
81
202
-364
-1558
-2961
-4016
-4642
-4861
-4897
-5047
-5118
-4979
-4725
-4227
-3615
-3149
-2881
-2823
-3041
-3361
-3858
-4400
-4857
-5159
-5136
-4669
-4063
-3415
-2570
-1532
-570
355
1153
1691
1688
1359
857
99
-1123
-2397
-3280
-3672
-3440
-3120
-3138
-3633
-4605
-5247
-5530
-6027
-6746
-7745
-8878
-9490
-9790
-9636
-9219
-8254
-6952
-5849
-5043
-4595
-4193
-3774
-3247
-2944
-3046
-3475
-3719
-3981
-4399
-4367
-4091
-3851
-3347
-3036
-2952
-2924
-2908
-2968
-3172
-3432
-3736
-4112
-4390
-4596
-4677
-4484
-4257
-3816
-3379
-2974
-2615
-2514
-2393
-2258
-2280
-2244
-2358
-2665
-2780
-2751
-2659
-2324
-1979
-1846
-1624
-1091
-476
-227
-76
247
771
1275
1672
2068
2242
2626
3338
3902
4369
5016
5723
6490
7162
7662
7966
8341
8891
9336
9578
9698
9670
9642
9732
9817
9710
9209
8672
8265
8141
7984
7872
7530
6278
3777
105
-3980
-6759
-7718
-7447
-7276
-7840
-8361
-7757
-5731
-2682
239
2084
2711
2362
1688
1194
1270
1588
1740
1517
1078
749
919
1583
2538
3574
4590
5239
5541
5646
5291
4484
3348
1975
739
-153
-667
-876
-815
-714
-598
-259
-24
324
879
1316
1292
848
22
-967
-1771
-2421
-2733
-2915
-3313
-3519
-3329
-3098
-2832
-2431
-1982
-1586
-1586
-1720
-1886
-2264
-2546
-2594
-2579
-2392
-2154
-1761
-1076
-241
576
1505
2414
3040
3393
3459
3018
2165
1455
866
341
-204
-1072
-2105
-2941
-3939
-4941
-5853
-6233
-6319
-6021
-5948
-6208
-6161
-5405
-4345
-3597
-3263
-3287
-2996
-2629
-2175
-1894
-1622
-1163
-594
-59
21
-79
-106
-126
-86
-37
-343
-578
-753
-1155
-1354
-1478
-1347
-1130
-991
-914
-731
-658
-606
-506
-413
-388
-275
-221
-362
-462
-453
-230
-23
298
498
603
545
599
894
955
934
942
1076
1130
1311
1693
2095
2496
2976
3368
3823
4548
5384
6218
6774
7267
8031
8820
9407
9891
10151
10496
10957
11339
11660
11776
11902
11970
12143
12285
12094
11750
11304
10914
10723
10341
9615
7748
3859
-789
-4720
-6946
-7384
-7021
-7110
-7875
-8124
-6765
-4116
-1066
1674
3166
3364
3035
2556
2331
2534
2768
2778
2558
2383
2320
2663
3430
4490
5504
6362
6961
7167
7024
6383
5146
3506
1812
513
-342
-766
-827
-852
-860
-638
-440
-130
605
1172
1307
1230
661
-213
-1041
-1799
-2475
-2912
-3247
-3481
-3574
-3458
-3231
-2987
-2672
-2361
-2055
-1960
-2148
-2595
-3221
-3862
-4215
-4333
-4299
-4141
-3982
-3560
-2841
-2043
-1204
-565
-209
-10
-193
-650
-1293
-2167
-3083
-3992
-4870
-5491
-5735
-5698
-5646
-5660
-5796
-5833
-5615
-5373
-5383
-5742
-6317
-6723
-6844
-7054
-7253
-7212
-6818
-6194
-5527
-4983
-4517
-3962
-3375
-3121
-3295
-3606
-3836
-4000
-4251
-4541
-4831
-4902
-4672
-4380
-4077
-3857
-3529
-3237
-3004
-3012
-3094
-3318
-3487
-3709
-4132
-4500
-4599
-4250
-3847
-3703
-3567
-3271
-2937
-2660
-2345
-2112
-2140
-2275
-2135
-1752
-1612
-1419
-1203
-927
-391
287
968
1397
1742
2281
3041
3765
4060
4305
4718
5293
5749
6029
6110
6382
7013
7450
7688
7867
7996
8215
8569
8413
8223
8055
7779
7496
7108
6651
6290
5394
3273
285
-3146
-5835
-7196
-7423
-7332
-7710
-8079
-7794
-6526
-4356
-2170
-556
407
747
842
816
781
874
993
1076
1060
1100
1214
1467
1983
2874
3636
4129
4534
4705
4481
3881
2980
1838
737
-102
-478
-681
-859
-897
-1022
-912
-579
-348
5
342
424
118
-264
-753
-1309
-1889
-2234
-2423
-2604
-2625
-2487
-2318
-2167
-2010
-1833
-1597
-1510
-1634
-1840
-2160
-2633
-2860
-2950
-2929
-2762
-2565
-2382
-1779
-806
-158
324
644
665
620
561
152
-697
-1696
-2445
-2614
-2640
-2707
-2871
-3055
-2862
-2194
-1887
-2074
-2337
-2682
-2938
-3246
-3860
-4464
-4644
-4438
-4109
-3806
-3428
-2886
-2221
-1522
-1095
-789
-660
-818
-977
-1142
-1370
-1530
-1515
-1397
-1235
-891
-516
-172
169
513
676
674
643
557
382
6
-260
-302
-257
-223
-77
223
590
989
1475
1904
2145
2473
2678
2743
2959
3143
3271
3415
3441
3800
4394
4992
5509
5837
6256
7216
8079
8642
9071
9348
9931
10474
10979
11264
11009
10922
11045
10970
10993
10749
10552
10494
10165
9940
9347
7352
4618
1221
-1751
-3165
-4012
-4463
-5220
-6282
-6419
-5562
-3973
-1947
-663
268
879
999
1350
1517
1454
1560
1549
1678
2000
2234
2746
3364
4076
5081
5812
6586
7142
6860
6319
5403
4130
3067
2176
1577
1274
1112
1181
1194
1258
1496
1588
1790
1972
1894
1646
988
297
-210
-871
-1400
-1826
-2283
-2399
-2336
-2354
-2372
-2345
-2362
-2318
-2191
-2116
-2338
-2691
-3108
-3448
-3660
-3786
-3771
-3666
-3521
-3090
-2568
-2149
-1744
-1267
-1067
-1194
-1521
-2062
-2457
-2676
-2816
-3238
-3701
-3780
-3586
-3262
-3007
-3064
-3130
-2937
-2872
-2974
-3531
-4122
-4497
-4710
-4500
-4501
-4795
-4766
-4442
-4014
-3614
-3402
-3349
-3318
-3230
-3004
-3078
-3172
-3262
-3287
-3316
-3356
-3170
-3070
-3115
-2996
-2786
-2493
-2295
-2208
-2207
-2226
-2221
-2324
-2564
-2774
-2898
-2917
-2714
-2434
-2212
-1885
-1390
-968
-895
-659
-287
-50
90
107
150
441
819
1222
1485
2033
2556
3204
4043
4532
4816
5145
5633
6027
6280
6524
6865
6710
6723
6828
6641
6499
6338
6187
5895
5413
4793
3604
1652
-427
-2591
-4094
-4799
-5507
-6266
-7178
-8006
-8023
-7311
-6230
-5313
-4830
-4372
-4060
-3946
-3700
-3444
-3220
-3044
-2890
-2441
-2089
-1544
-767
-52
829
1777
2610
3325
3694
3684
3503
3101
2634
2125
1683
1458
1278
1166
1185
1107
1163
1237
1245
1360
1276
922
513
32
-472
-966
-1452
-1856
-2306
-2573
-2710
-2900
-3075
-3078
-2991
-2889
-2683
-2488
-2498
-2605
-2761
-2809
-2846
-2981
-3246
-3478
-3695
-3687
-3687
-3624
-3476
-3269
-3088
-2874
-2657
-2507
-2305
-2261
-2282
-2261
-2289
-2286
-2072
-1820
-1668
-1477
-1333
-1294
-1095
-953
-1067
-1252
-1426
-1516
-1431
-1284
-1286
-1422
-1407
-1341
-1274
-1189
-1164
-1206
-1210
-1066
-812
-726
-669
-540
-444
-251
-99
28
304
500
640
856
1145
1397
1553
1681
1930
2269
2594
2822
3092
3334
3458
3633
3830
3871
4020
4273
4400
4470
4531
4568
4518
4464
4529
4584
4623
4586
4586
4621
4719
4863
4993
5171
5316
5394
5407
5401
5339
5375
5406
5395
5439
5474
5474
5553
5633
5488
5146
5147
5184
4953
4660
4269
3828
3431
3211
2959
2578
2187
1895
1698
1628
1680
1669
1646
1638
1530
1398
1470
1661
1730
1826
1847
1695
1529
1429
1293
1150
1162
1348
1571
1861
2006
1909
1704
1726
1953
2134
2180
2143
2078
2071
1929
1694
1672
1731
1717
1727
1850
1977
2159
2315
2239
2099
2248
2501
2494
2538
2630
2523
2402
2334
2223
2064
1911
1823
1847
1838
1737
1607
1403
1413
1393
1274
1122
899
691
622
533
378
224
74
30
56
127
149
69
-40
-158
-230
-379
-569
-660
-620
-610
-582
-421
-313
-315
-295
-217
-256
-319
-276
29
155
124
176
268
256
119
-27
-51
31
103
140
68
80
156
213
334
387
303
292
231
66
-166
-242
-343
-555
-697
-748
-668
-639
-683
-748
-914
-1024
-1042
-1119
-1267
-1263
-1142
-1117
-1177
-1138
-1132
-1181
-1059
-902
-759
-661
-526
-510
-491
-400
-306
-164
99
494
719
717
683
724
747
814
936
1015
1257
1545
1800
1914
1812
1586
1397
1363
1448
1501
1397
1272
1126
1083
938
653
387
182
28
-81
-274
-445
-596
-749
-881
-964
-1056
-1058
-973
-943
-1093
-1385
-1487
-1447
-1474
-1570
-1605
-1606
-1648
-1695
-1698
-1639
-1634
-1701
-1711
-1629
-1612
-1634
-1684
-1807
-1924
-2028
-2100
-2055
-2134
-2214
-2163
-2195
-2318
-2397
-2466
-2500
-2466
-2349
-2219
-2157
-2157
-2118
-2079
-2008
-2129
-2411
-2554
-2524
-2375
-2168
-2004
-2007
-2135
-2271
-2218
-2218
-2311
-2320
-2249
-2090
-2041
-2178
-2303
-2428
-2544
-2535
-2493
-2602
-2688
-2624
-2613
-2630
-2605
-2704
-2898
-2922
-2734
-2494
-2335
-2294
-2322
-2250
-2133
-2022
-1853
-1713
-1660
-1579
-1419
-1249
-1164
-1109
-997
-860
-726
-650
-658
-735
-676
-627
-689
-796
-914
-869
-696
-593
-742
-946
-1081
-1108
-1144
-1236
-1232
-1140
-1021
-882
-769
-797
-902
-943
-942
-912
-755
-511
-257
-24
189
252
205
204
325
504
739
889
973
985
1009
1128
1212
1371
1574
1848
1998
1973
1842
1600
1325
1115
880
730
660
631
664
729
742
710
571
420
398
260
178
164
137
-8
61
278
242
228
385
499
565
604
521
651
903
1100
1253
1338
1519
1583
1561
1605
1568
1334
1207
1243
1265
1246
1280
1274
1234
1245
1254
1248
1143
1001
925
884
816
814
860
949
1086
1164
1225
1329
1337
1335
1436
1523
1546
1454
1305
1275
1308
1320
1322
1306
1288
1206
1168
1244
1249
1176
1101
1131
1136
1040
991
884
733
755
930
911
887
954
1039
1094
1263
1385
1413
1473
1607
1757
1861
1928
2002
2003
1982
2058
2121
2051
2042
2039
2101
2154
2078
1941
1777
1639
1567
1465
1388
1357
1157
836
568
444
331
119
18
178
167
135
149
-18
-308
-511
-530
-499
-424
-395
-309
-193
-91
-177
-324
-458
-370
-14
406
639
641
650
602
562
649
587
388
326
400
501
466
271
115
80
125
169
23
-219
-517
-621
-700
-918
-1185
-1336
-1323
-1182
-1054
-953
-881
-945
-1010
-963
-873
-921
-1004
-945
-792
-582
-351
-272
-170
27
211
367
414
283
196
194
187
142
184
278
253
217
194
168
-69
-356
-509
-454
-287
-248
-244
-188
-228
-360
-524
-681
-699
-608
-584
-598
-447
-257
-231
-253
-265
-420
-609
-600
-549
-602
-458
-179
-109
-165
-275
-430
-559
-721
-1030
-1319
-1397
-1315
-1200
-1079
-1065
-1119
-1137
-1088
-1084
-1179
-1310
-1360
-1312
-1275
-1220
-1179
-1167
-1160
-1223
-1276
-1257
-1258
-1237
-1101
-953
-979
-1076
-1149
-1107
-1078
-1063
-1016
-1113
-1189
-1241
-1343
-1444
-1473
-1388
-1206
-1011
-949
-961
-1005
-1107
-1199
-1280
-1242
-1164
-1135
-1105
-1111
-1087
-1038
-1194
-1291
-1259
-1283
-1239
-1177
-1155
-1290
-1500
-1550
-1547
-1561
-1619
-1572
-1410
-1279
-1227
-1294
-1441
-1445
-1300
-1191
-1168
-1269
-1267
-1162
-1129
-1223
-1255
-1320
-1383
-1182
-894
-725
-579
-385
-191
-117
-117
-226
-349
-362
-317
-301
-222
-185
-154
-192
-252
-404
-500
-505
-651
-768
-848
-884
-1060
-1250
-1449
-1647
-1864
-2031
-2087
-2100
-2165
-2322
-2394
-2350
-2272
-2173
-2029
-1905
-1828
-1768
-1705
-1671
-1631
-1530
-1333
-999
-649
-405
-258
-293
-265
-68
116
85
139
253
284
353
504
662
745
763
763
709
692
744
718
578
377
210
157
212
307
385
449
415
308
281
261
280
352
424
629
831
971
1114
1119
999
831
701
634
547
567
727
863
931
909
873
868
887
1065
1231
1181
1104
1078
989
843
685
605
671
797
957
1202
1316
1213
1241
1295
1334
1472
1634
1577
1544
1575
1632
1542
1334
1347
1414
1479
1600
1736
1737
1584
1499
1395
1231
1083
918
894
1000
1108
1163
1242
1165
993
940
894
937
931
808
672
602
541
662
882
1085
1144
1241
1284
1192
1080
1083
1069
1076
1246
1458
1597
1738
1822
1709
1592
1497
1476
1385
1244
1256
1355
1529
1642
1558
1412
1359
1397
1429
1469
1547
1525
1460
1501
1535
1365
1136
952
870
940
1118
1194
1201
1215
1191
1162
1139
941
710
660
702
708
634
476
354
299
341
351
303
310
401
444
327
185
81
-1
-152
-188
-186
-220
-357
-612
-795
-860
-771
-564
-394
-239
-208
-271
-241
-262
-421
-443
-294
-152
9
250
332
218
24
-87
-186
-242
-275
-183
-84
-144
-315
-444
-553
-658
-731
-797
-782
-841
-920
-965
-1048
-1152
-1236
-1211
-1243
-1242
-1156
-1161
-1132
-1107
-1244
-1452
-1584
-1492
-1231
-1030
-990
-965
-841
-748
-647
-615
-694
-787
-822
-791
-735
-736
-769
-790
-801
-642
-426
-370
-533
-635
-650
-763
-899
-1016
-1091
-1161
-1155
-1136
-1232
-1259
-1241
-1304
-1314
-1399
-1519
-1696
-1789
-1712
-1556
-1521
-1520
-1438
-1339
-1261
-1197
-1205
-1364
-1469
-1421
-1347
-1245
-1120
-1099
-1124
-1160
-1192
-1306
-1451
-1578
-1745
-1891
-1928
-1956
-2104
-2135
-2026
-1932
-1881
-1795
-1776
-1772
-1835
-1914
-1879
-1820
-1875
-1873
-1785
-1723
-1653
-1606
-1607
-1544
-1414
-1243
-1283
-1347
-1349
-1259
-1213
-1244
-1334
-1312
-1267
-1172
-1042
-982
-974
-1069
-1198
-1223
-1193
-1167
-1133
-1054
-1112
-1255
-1286
-1342
-1408
-1559
-1663
-1600
-1522
-1445
-1230
-1070
-986
-986
-1068
-1194
-1206
-1182
-1170
-1276
-1379
-1343
-1189
-1011
-901
-764
-653
-698
-721
-753
-860
-870
-907
-905
-790
-773
-903
-949
-897
-973
-1013
-1002
-1115
-1155
-997
-802
-743
-837
-1009
-1098
-1005
-868
-745
-744
-776
-723
-554
-386
-219
-135
-114
-92
-104
-123
-116
-234
-322
-345
-347
-381
-344
-235
-178
-238
-305
-289
-346
-379
-299
-159
-151
-214
-205
-163
-223
-284
-356
-425
-405
-329
-209
-71
120
276
385
399
392
394
367
352
353
311
211
219
422
743
881
971
1113
1244
1241
1149
1015
803
700
784
908
964
988
1001
989
903
767
660
656
734
955
1185
1363
1347
1160
898
742
720
731
680
703
936
1156
1309
1373
1293
1067
813
733
647
557
531
536
623
688
685
670
706
784
785
736
731
723
833
973
1014
1035
1125
1218
1209
1172
1167
1101
1101
1184
1341
1556
1707
1778
1868
1954
1915
1716
1531
1453
1384
1222
1157
1207
1313
1335
1284
1245
1159
1208
1344
1434
1398
1232
1016
949
1014
1097
1142
1171
1255
1360
1584
1714
1584
1263
1109
1166
1371
1527
1583
1507
1444
1475
1530
1535
1355
1195
1219
1338
1481
1593
1565
1572
1636
1596
1353
1181
1105
1073
1108
1057
924
845
898
998
1008
895
863
820
751
673
590
509
424
411
342
267
238
133
-72
-135
-88
-66
-117
-118
-59
2
72
73
-109
-188
-173
-126
-120
-186
-334
-428
-365
-202
-144
-193
-222
-202
-75
6
-62
-243
-338
-313
-164
-7
61
27
-39
-69
-28
-13
-81
-212
-287
-334
-394
-351
-273
-279
-260
-232
-367
-544
-640
-662
-696
-797
-837
-812
-756
-732
-687
-570
-491
-543
-592
-579
-572
-594
-665
-668
-607
-499
-474
-422
-338
-322
-307
-300
-278
-228
-274
-251
-170
-173
-270
-451
-534
-522
-528
-566
-707
-897
-1020
-1082
-1164
-1301
-1409
-1409
-1377
-1448
-1572
-1646
-1729
-1769
-1708
-1653
-1620
-1613
-1524
-1333
-1186
-1239
-1372
-1365
-1360
-1419
-1357
-1220
-1136
-1052
-1056
-1109
-1181
-1261
-1411
-1478
-1380
-1273
-1284
-1350
-1375
-1382
-1346
-1267
-1309
-1428
-1497
-1489
-1367
-1212
-1117
-1047
-901
-770
-747
-775
-843
-904
-927
-796
-614
-508
-457
-416
-348
-379
-507
-660
-726
-822
-889
-903
-912
-988
-1020
-1061
-1129
-1176
-1235
-1338
-1400
-1359
-1303
-1304
-1398
-1406
-1404
-1374
-1248
-1233
-1238
-1102
-1028
-1053
-1040
-1029
-1015
-915
-747
-622
-560
-557
-576
-523
-455
-431
-392
-470
-563
-618
-668
-690
-734
-754
-735
-712
-756
-777
-869
-983
-1037
-1052
-1165
-1302
-1304
-1188
-1089
-1024
-1059
-1052
-1031
-984
-873
-756
-589
-380
-189
-56
35
183
292
283
380
489
581
744
960
1055
1008
968
957
849
835
869
874
789
682
664
701
739
791
780
773
820
764
732
773
836
872
931
954
1010
1105
1274
1404
1482
1591
1690
1790
1800
1787
1833
1848
1790
1737
1756
1792
1829
1848
1788
1705
1586
1497
1421
1263
1083
941
788
681
660
739
882
1017
983
943
1036
1038
988
957
874
804
859
988
1085
1241
1385
1420
1440
1526
1507
1413
1430
1531
1670
1743
1789
1775
1794
1866
1894
1788
1684
1646
1562
1444
1303
1153
1046
1090
1257
1377
1464
1466
1444
1469
1428
1382
1385
1337
1362
1507
1604
1589
1492
1471
1555
1606
1634
1624
1537
1457
1511
1529
1352
1210
1140
1128
1258
1497
1554
1467
1410
1329
1265
1159
937
525
726
1150
1087
1072
1381
1420
1310
1243
1274
1270
999
720
724
949
1115
1289
1526
1668
1730
1728
1639
1533
1507
1457
1367
1367
1523
1599
1488
1384
1341
1239
1080
994
990
910
744
638
435
203
48
-94
-239
-346
-415
-526
-587
-561
-984
-1300
-697
-696
-938
-535
-146
79
-129
-471
-642
-867
-1131
-1145
-810
-340
-102
7
186
212
61
-152
-335
-342
-364
-508
-710
-762
-738
-827
-1040
-1095
-1053
-990
-950
-868
-922
-1174
-1379
-1470
-1478
-1483
-1497
-1551
-1547
-1525
-1531
-1554
-1494
-1392
-1339
-1377
-1419
-1408
-1397
-1457
-1602
-1679
-1589
-1393
-1278
-1244
-1206
-1282
-1405
-1489
-1557
-1645
-1670
-1600
-1515
-1471
-1504
-1582
-1661
-1926
-1629
-1031
-1220
-1349
-1135
-930
-991
-1113
-1165
-1118
-1152
-1159
-1090
-1002
-991
-1085
-1096
-1071
-1065
-1048
-1108
-1082
-980
-1053
-1123
-1133
-1100
-1131
-1205
-1261
-1265
-1282
-1220
-1235
-1270
-1217
-1255
-1354
-1383
-1376
-1362
-1325
-1290
-1200
-1126
-1125
-1150
-1118
-1057
-1075
-1134
-1177
-1208
-1195
-1239
-1219
-1067
-1006
-1083
-1181
-1134
-1011
-953
-928
-1002
-1128
-1138
-1029
-991
-1024
-1068
-1125
-1257
-1191
-1120
-984
-976
-1149
-1118
-998
-1067
-1270
-1518
-1648
-1554
-1582
-1691
-1679
-1593
-1491
-1426
-1412
-1477
-1621
-1650
-1576
-1459
-1446
-1517
-1516
-1407
-1350
-1366
-1386
-1456
-1478
-1445
-1377
-1281
-1163
-1086
-1063
-1095
-1102
-1051
-1026
-970
-887
-816
-780
-744
-660
-576
-591
-634
-556
-488
-513
-548
-527
-503
-455
-399
-327
-253
-192
-150
-92
-21
-3
26
52
127
141
113
166
255
246
181
145
183
318
423
543
694
624
259
327
560
240
-185
144
756
734
516
729
998
869
576
750
959
589
147
157
428
605
411
738
1374
1534
1400
1223
1154
1196
1120
768
695
968
1103
1194
1332
1497
1642
1517
1333
1329
1291
1178
1139
1122
1133
1154
1223
1295
1388
1361
1196
1096
1111
1124
1055
977
1004
1106
1123
1060
976
919
789
738
955
1222
1385
1388
1401
1485
1498
1440
1314
1203
1239
1303
1415
1610
1736
1676
1639
1675
1684
1655
1664
1692
1667
1639
1634
1568
1404
1281
1269
1312
1250
1151
1086
1059
1070
1105
1109
1057
968
958
1010
1026
896
768
656
584
592
599
647
700
741
768
785
749
639
486
410
398
337
274
290
399
463
457
446
496
575
528
507
486
485
476
460
430
415
442
579
727
754
729
727
741
815
833
766
692
642
695
735
634
514
529
638
781
891
972
960
894
823
767
770
657
495
486
549
627
690
657
543
407
327
280
298
231
127
125
115
351
-958
-3571
-3292
-2214
-2265
-2898
-2844
-2246
-1310
-778
-816
-323
-1423
-2250
-1507
-1426
-1865
-1561
-728
-389
32
-227
-1494
-1528
-1103
-887
-569
-624
-766
-831
-1082
-1380
-1038
-1704
-3778
-4573
-6264
-5593
-4433
-4379
-4592
-4041
-3348
-3246
-3408
-3593
-3760
-3832
-4014
-3665
-3369
-3496
-3792
-3758
-3166
-2897
-3166
-3553
-3896
-3660
-3709
-3799
-3920
-4006
-4108
-4383
-4531
-4095
-3682
-3573
-3816
-3745
-3152
-3510
-4215
-4460
-4290
-4521
-5252
-5618
-5644
-5284
-5524
-5767
-5438
-5164
-5065
-5253
-5318
-5166
-5056
-4975
-5103
-5133
-5174
-5292
-5189
-5084
-4821
-4775
-4915
-4943
-4705
-4515
-4703
-4910
-5022
-5053
-5143
-5237
-5175
-5082
-5133
-5374
-5382
-5166
-5080
-5295
-5537
-5633
-5566
-5551
-5745
-5798
-5760
-5631
-5454
-5250
-5025
-4951
-5022
-4977
-4702
-4388
-4235
-4316
-4296
-4146
-3705
-3311
-3177
-2983
-2513
-1896
-1485
-1169
-764
-219
-150
-133
601
965
940
1038
1271
1632
1786
1665
1170
902
901
501
133
-284
-509
-557
-852
-1219
-1392
-1445
-1745
-2136
-2221
-2381
-2484
-2616
-2528
-2221
-1997
-1686
-1340
-924
-539
-107
413
916
1417
1571
1524
1773
2238
2647
2791
2948
3272
3474
3458
3397
3567
3687
3599
3382
3170
3085
3026
2962
2953
2943
2988
3091
3265
3362
3340
3284
3367
3590
3743
3760
3603
3683
3981
4050
4215
4727
5202
5471
5639
6076
6611
6855
7096
7455
7927
8188
8331
8320
8265
8241
8202
8286
8254
8248
8154
8199
8389
8295
8093
8156
8034
7819
7736
7754
7741
7603
7417
7645
7894
7825
7770
7882
7871
7748
7393
7367
7009
6588
6503
6313
5993
5394
4925
4675
4524
4205
4015
3665
3473
3569
3541
3358
3288
3283
3494
3608
3552
3423
2953
2313
1806
1794
2252
2736
3129
3305
3582
3788
4129
4235
4224
4191
4355
4642
4739
4353
3749
3128
3001
3234
3294
3081
2714
2235
1898
1525
809
1
-754
-1172
-1326
-1506
-1951
-2448
-2801
-2762
-2493
-2276
-2299
-2376
-2302
-2279
-2173
-2245
-2489
-2671
-2571
-2343
-2187
-2334
-2523
-2591
-2592
-2585
-2524
-2469
-2555
-2742
-2921
-2934
-2921
-3014
-2999
-2796
-2672
-2571
-2467
-2474
-2461
-2336
-2120
-1932
-1815
-1611
-1400
-1207
-984
-821
-496
-24
365
768
1129
1649
2188
2546
2946
3325
3737
4133
4400
4827
5254
5464
5798
6126
6655
7357
7751
8239
8817
9840
10946
11908
12359
12572
13119
13878
14686
15368
16056
16811
18007
19063
19975
20653
21067
22245
23731
24316
23782
22200
16476
5262
-7021
-16551
-21082
-22493
-22677
-22176
-22379
-21854
-18143
-13304
-9841
-7568
-4889
-1294
1036
670
-1093
-2918
-3219
-506
3782
8703
12884
16577
20591
23372
23891
22285
19305
16416
13763
10485
6658
1504
-3944
-8171
-11062
-12424
-12618
-12117
-11181
-10807
-11245
-12156
-13557
-15002
-16160
-16859
-16537
-15446
-13431
-10800
-7829
-4260
-248
4112
8462
11568
12919
12641
11065
8934
6539
4048
1691
-707
-2837
-3944
-4482
-5272
-6756
-8526
-10007
-11161
-12478
-14754
-17323
-19436
-20202
-19462
-18048
-16456
-14355
-11424
-7863
-4599
-2455
-890
442
1886
2728
2350
1173
-59
-800
-1105
-1296
-1604
-1987
-2287
-2462
-2970
-3972
-5129
-6272
-6994
-7407
-7589
-7416
-6819
-5664
-4031
-2118
-221
1218
2300
3451
4511
5215
5399
5128
4943
5336
5891
6472
6661
6797
7135
8205
9912
11378
12313
13278
14831
16206
17580
18505
18918
19187
18879
17895
16203
13246
10487
7867
4676
-763
-8743
-16804
-21984
-23717
-23306
-22048
-21299
-20834
-19510
-16419
-12501
-9449
-7178
-4443
-1314
1239
2664
3358
4138
5786
8782
12225
14640
15989
16991
17742
17644
16090
13321
10072
6952
4387
2128
-395
-3374
-6974
-10336
-12760
-14005
-14161
-13688
-13152
-12922
-13058
-12942
-12198
-11033
-9565
-7741
-5458
-2788
86
2847
5169
7055
8972
11026
12840
13468
12436
10663
9015
7423
5439
2789
54
-2078
-3942
-5752
-7670
-9792
-11474
-12415
-12786
-13000
-13473
-13648
-13151
-12173
-11074
-10149
-8980
-7183
-4914
-2370
-240
986
1817
2611
3491
4085
3799
2784
1399
183
-727
-1643
-2702
-3672
-4185
-4077
-3784
-3770
-4006
-4232
-4104
-3679
-3237
-2763
-2303
-1643
-494
1055
2603
3763
4490
5215
5965
6623
7259
7693
7645
7392
7333
7584
7990
8636
9496
10485
11887
13881
15876
17767
19627
21086
22706
24029
25345
25792
25306
23746
21851
19212
16694
13661
9089
337
-10821
-19510
-24344
-25186
-24035
-22415
-21413
-20707
-18124
-13016
-8703
-5884
-2826
569
3925
6076
7219
7855
8576
11125
15450
18923
20933
21721
21892
21646
19961
16850
12578
7665
3696
410
-3028
-6599
-10452
-13519
-15208
-15495
-14167
-11848
-9303
-7054
-6050
-6068
-6378
-6459
-5694
-4473
-2954
-799
1699
4608
7574
9880
11716
13148
14281
14840
13967
11632
8366
4731
1494
-1459
-4296
-6750
-8955
-10430
-10933
-11109
-11485
-12329
-12878
-12830
-12504
-12003
-11477
-11299
-10943
-9953
-8063
-5750
-3276
-667
1689
3293
3996
3819
3073
1971
671
-793
-2498
-4390
-6038
-7286
-8018
-8422
-8494
-8184
-7709
-7274
-6882
-6410
-5832
-5051
-4083
-2965
-1899
-836
220
1189
1993
2630
3184
3679
3915
3807
3483
3188
2983
2937
2971
3016
3331
4110
5115
6199
6939
7716
8834
10529
12636
14007
15099
16436
18117
20021
21451
22069
22023
21418
20594
19728
17821
15407
12518
9270
3823
-5736
-16595
-24820
-28853
-28858
-26730
-24741
-23398
-21909
-17933
-11896
-7028
-3637
-557
2674
5774
7917
9121
9451
9849
12110
15478
17785
18477
18053
17275
16083
13861
10455
5849
841
-3455
-7319
-11024
-14702
-18129
-20350
-20806
-19695
-17363
-14408
-11061
-7793
-5358
-3722
-2641
-1784
-687
721
2366
3950
5389
6985
8560
9902
10968
11507
11393
10472
8540
5568
1697
-2517
-6547
-10133
-13032
-15230
-16690
-17258
-17004
-16141
-15028
-13997
-12677
-11333
-10161
-9068
-8527
-8017
-7409
-6522
-5306
-4190
-3114
-1562
-160
839
1000
140
-1001
-2377
-3684
-5327
-7569
-9576
-10867
-11245
-11043
-10868
-10406
-9368
-7925
-6249
-5036
-4376
-3920
-3556
-2966
-2355
-1901
-1532
-1191
-781
-417
-405
-515
-666
-888
-1078
-1314
-1376
-1589
-1579
-942
-158
1084
2349
3830
5507
6496
7633
9274
10839
12353
13313
14042
15159
15945
16959
18477
19215
19788
20822
21855
22397
21607
20533
19029
16872
15023
12672
8659
2494
-7247
-17666
-25564
-30204
-30346
-27575
-24839
-22079
-19032
-14034
-7177
-1645
2692
6351
9079
11501
12955
13544
13667
13342
14330
16503
17774
17974
17170
15878
14561
12301
9160
4981
-360
-5370
-9704
-13487
-16562
-19230
-20559
-19923
-17672
-14047
-10032
-6131
-2439
696
3329
5286
6655
7743
8580
9470
10390
10872
11405
11989
12390
12891
12996
12496
10948
8299
4809
872
-3206
-7146
-10856
-13820
-15958
-16994
-16842
-15663
-13781
-11444
-8763
-5709
-2821
-434
1327
2174
2364
2366
2362
2296
1627
535
78
401
740
174
-1889
-4377
-6176
-6994
-7558
-9226
-11709
-13247
-12862
-10898
-9065
-8154
-7239
-5297
-2028
1178
2830
2941
2573
2846
3491
3264
1849
-157
-1720
-2199
-2228
-2533
-3357
-4269
-4773
-4835
-4806
-4852
-4844
-4509
-3604
-1977
261
2379
4144
6118
8176
9874
11457
12740
13414
13521
13487
13778
13708
13544
13609
13840
14038
14853
16167
17477
18006
17825
17342
16731
16345
15529
13688
10668
7348
2581
-5712
-16266
-25002
-30076
-30924
-28198
-24245
-20769
-17530
-12414
-5112
1451
5555
7808
9303
10941
12635
13812
13857
12846
12331
12973
13660
13585
12628
11455
10588
9604
7525
3739
-1602
-7140
-11870
-15534
-18089
-19845
-20467
-19382
-16868
-13596
-9977
-6325
-2717
679
3714
6200
7796
8612
8839
8655
8350
8128
8131
8489
8817
8863
8453
7499
5934
3704
768
-2543
-5977
-9286
-12233
-14708
-16625
-17833
-17947
-16631
-14171
-11119
-7860
-4647
-1709
727
2469
3459
3629
3130
2348
1404
729
315
-130
-951
-2175
-3818
-5928
-7984
-9460
-10607
-12380
-14345
-15706
-15852
-14785
-13221
-11633
-10234
-8175
-5004
-1361
1372
2555
2935
3403
3940
3722
2408
204
-1920
-3385
-4367
-5403
-7019
-8678
-9749
-10119
-10056
-9897
-9764
-9463
-8775
-7609
-6035
-4302
-2381
-296
2191
4824
7164
9007
10204
10773
10907
10692
10396
9965
9234
8623
7848
7186
6909
6944
7363
8118
9292
11178
13209
14626
15572
15778
15601
15286
14080
12209
9342
6047
2551
-3606
-12720
-21432
-27403
-29138
-27300
-24140
-21008
-18206
-14450
-8502
-2616
1054
2779
3734
5342
7540
9296
10092
9540
8707
8845
9273
9341
8814
7879
7380
7070
5982
3337
-1210
-6472
-11153
-14682
-16865
-18250
-18885
-18394
-16862
-14421
-11253
-7944
-4487
-1014
2131
4741
6564
7591
8037
7881
7449
7129
6978
7209
7541
7592
7235
6374
5162
3593
1465
-911
-3370
-5984
-8519
-10798
-12656
-13925
-14419
-13839
-12136
-9577
-6617
-3679
-948
1466
3402
4890
5857
6079
5833
5388
4846
3308
851
-1004
-2152
-2787
-3462
-4753
-6218
-6915
-6855
-6388
-7021
-8534
-9323
-8977
-7663
-6314
-5293
-4015
-1975
680
3251
4658
5071
5148
4829
4324
3109
1071
-1273
-3533
-5225
-6516
-7525
-8112
-8245
-7999
-7248
-6462
-5530
-4418
-3280
-2052
-975
30
1066
2375
3907
5461
7099
8736
9926
10704
11237
11410
11336
10927
10268
9591
8644
7799
7256
6768
6680
7428
8420
10068
12238
14762
17166
18266
18807
19014
18453
17459
16260
14114
12019
9767
6445
-472
-10880
-20044
-25289
-26607
-24829
-22172
-19813
-16781
-12162
-5712
144
3048
4556
6127
8417
11359
13640
14531
14140
13177
12798
12509
11524
10578
9948
10057
10182
8829
5522
769
-4407
-8677
-11846
-14186
-15690
-16512
-16000
-14336
-12075
-9235
-6008
-2655
828
3855
6357
8314
9637
10530
10836
10590
10279
9960
9606
9193
8534
7643
6529
5236
3809
1966
-205
-2380
-4596
-6846
-8968
-10768
-11979
-12361
-11671
-9935
-7651
-5145
-2484
229
2742
4833
6324
7303
7769
7765
7375
6613
5636
4647
3484
2124
861
-744
-3313
-6763
-9596
-11105
-12102
-12961
-13936
-14637
-13977
-11508
-8500
-6309
-5435
-4144
-1613
1503
3865
4499
3919
3513
3630
3491
2387
50
-2331
-3827
-4455
-5019
-6528
-8565
-10167
-10826
-10728
-10328
-9941
-9396
-8204
-6269
-3863
-1654
347
2110
3527
4585
5320
5797
6034
5996
5443
4597
3841
3540
3410
2974
2262
1640
1549
2013
2454
2629
2406
2564
3856
5560
7304
8869
10423
12675
15391
17650
18552
18108
17018
16571
16323
15620
13839
11314
8892
6005
-6
-9589
-19789
-27286
-30264
-29175
-26490
-24015
-21826
-18019
-11786
-5212
-880
1323
2886
5393
9053
12430
14168
13463
11555
9895
8767
7889
7088
6330
6072
5968
4874
2283
-1970
-6954
-11425
-14848
-17158
-18526
-19234
-19025
-17860
-15655
-12451
-8703
-4671
-692
2730
5611
8068
10029
11391
11852
11365
10255
9073
8172
7396
6469
5312
3948
2423
724
-1264
-3500
-5825
-8105
-10278
-12210
-13830
-14949
-15314
-14726
-13202
-11039
-8369
-5435
-2504
301
2836
4833
6122
6697
6550
5834
4755
3510
2271
1111
36
-961
-1882
-2679
-3326
-4064
-5086
-7225
-10687
-14025
-16119
-16620
-15842
-14547
-12978
-10649
-7234
-2597
1487
3536
4254
4625
5363
6051
5350
3175
204
-2492
-4031
-5043
-6407
-8068
-9382
-9567
-8997
-8695
-9036
-9954
-10571
-10224
-9130
-7864
-6642
-5237
-3295
-820
1716
3896
5535
6629
7074
6901
6101
4855
3367
1731
59
-1248
-1977
-2101
-1630
-779
337
1628
2993
4441
5607
6751
8118
8980
9749
10486
11064
12035
13646
15123
16295
17032
17731
18663
18963
18416
17051
15320
13783
12606
11013
8949
6366
3463
-1654
-10362
-19916
-27104
-30419
-29259
-25630
-21895
-18192
-13652
-7373
-175
5295
8867
11523
14080
17424
20409
21620
20672
17875
14846
12518
10510
9113
8141
7482
7178
6039
3405
-579
-5366
-9646
-12761
-14885
-15985
-16404
-16030
-14499
-12063
-8832
-4998
-1050
3016
6795
9936
12389
14081
15011
14971
13855
12094
10262
8649
7480
6499
5417
4088
2546
961
-733
-2586
-4419
-6127
-7733
-9151
-10358
-11251
-11575
-11019
-9480
-7262
-4543
-1596
1397
4211
6724
8669
9787
9914
9108
7730
6117
4499
2935
1367
-142
-1521
-2593
-3290
-3737
-4111
-4457
-4793
-5231
-5758
-6142
-7373
-9491
-10766
-10768
-9549
-7762
-5931
-3884
-755
3041
6561
7916
7231
6074
5334
4897
3585
914
-2269
-4576
-5432
-5449
-5645
-6132
-6343
-5827
-4550
-3435
-3207
-4010
-4870
-4875
-4303
-3596
-3119
-2613
-1387
459
2328
3624
4105
4108
3962
3507
2708
1209
-564
-2166
-3343
-4042
-4276
-3956
-3168
-1971
-271
1766
3817
5564
6926
7890
8578
9401
10213
10584
10711
10790
10711
10541
10505
10322
10571
11109
11620
11960
12398
12776
13124
12923
12403
11947
11705
11396
10903
10001
8688
7239
5587
2786
-3352
-12220
-20306
-25159
-26193
-23865
-20492
-17383
-14050
-9690
-3856
1693
5345
7623
9524
11788
14160
15373
14871
12585
9296
6494
4495
3136
2529
2287
2544
2707
1716
-621
-3988
-7705
-10759
-12931
-14322
-14976
-14997
-14206
-12576
-10209
-7297
-4074
-691
2739
5766
8198
9976
10767
10389
8925
6761
4584
2776
1476
535
-398
-1390
-2341
-3120
-3862
-4864
-6009
-7145
-8253
-9266
-10209
-11075
-11627
-11568
-10661
-8854
-6430
-3665
-793
1971
4485
6427
7520
7700
7085
5902
4395
2703
967
-600
-1983
-3220
-4243
-4932
-5253
-5226
-5069
-5001
-5099
-5528
-6214
-6851
-7212
-7273
-7102
-6496
-5574
-4925
-4347
-3290
-1900
-613
14
-369
-1404
-2296
-2674
-2923
-3820
-5296
-6618
-7166
-6908
-6466
-6354
-6424
-6238
-5534
-4732
-4351
-4245
-4227
-4050
-3610
-3167
-2932
-2687
-2241
-1718
-1468
-1352
-1381
-1524
-1839
-2309
-2902
-3351
-3604
-3873
-4345
-4761
-4748
-4308
-3647
-3165
-2949
-2635
-1918
-904
25
658
1121
1762
2636
3451
4055
4431
4817
5322
5797
6078
6308
6368
6161
6062
5765
5537
5766
5965
6149
6485
7113
8094
9027
9869
10664
11359
12156
12574
12630
12634
12511
12395
12077
11268
10627
10299
9793
8950
7398
4394
-1209
-9446
-17536
-22889
-24746
-23024
-19939
-16921
-13644
-9488
-4260
969
4753
7638
10327
13017
15469
16578
15794
13663
10702
7964
5998
4689
4188
4184
4452
4758
4079
2070
-865
-4335
-7460
-9789
-11332
-12145
-12453
-12006
-10619
-8473
-5688
-2301
1288
4871
8011
10466
11946
12312
11560
9935
7778
5786
4249
3221
2519
1957
1415
853
337
-230
-1090
-2147
-3184
-4113
-4933
-5736
-6555
-7193
-7282
-6523
-4896
-2595
90
2748
5260
7493
9167
9912
9577
8446
7022
5511
4039
2580
1202
-14
-923
-1501
-1847
-2067
-2187
-2190
-2134
-2181
-2469
-2975
-3492
-3749
-3637
-3231
-2578
-1660
-456
1071
2480
3136
3232
3102
2707
1940
493
-1708
-3938
-5461
-6106
-6373
-6793
-7011
-6524
-5260
-3891
-3198
-3161
-2982
-2265
-1394
-970
-1111
-1333
-1095
-532
-362
-655
-902
-773
-326
-177
-690
-1542
-2306
-2937
-3774
-4918
-5875
-6234
-5988
-5423
-4803
-4090
-3163
-2010
-814
46
564
946
1303
1616
1664
1425
1181
1055
1193
1492
1596
1469
1401
1457
1477
1377
1151
916
937
1225
1667
1990
2305
2892
3914
5055
6260
7341
7905
8250
9056
9870
10332
10740
10670
10487
10635
10788
10278
9741
9659
10074
10689
11070
10645
10067
9462
8527
7385
5750
4081
2530
-66
-4523
-10564
-16977
-21135
-22391
-21102
-17990
-14464
-10930
-6773
-2655
1311
4505
6539
8388
10164
11495
12253
11614
9863
7885
5948
4522
3434
2630
2326
2321
2220
1475
-490
-3333
-6477
-9365
-11439
-12595
-12920
-12466
-11367
-9802
-7787
-5683
-3399
-948
1529
3624
5244
6218
6455
5858
4787
3412
2032
923
180
-207
-396
-674
-1075
-1716
-2685
-3813
-4934
-5903
-6691
-7355
-7962
-8411
-8581
-8307
-7488
-6080
-4249
-2202
-136
1722
3121
3961
4226
3927
3166
2196
1168
200
-701
-1501
-2214
-2852
-3516
-4125
-4528
-4703
-4715
-4791
-5077
-5454
-5850
-6081
-6094
-5985
-5751
-5209
-4139
-2815
-1557
-513
292
701
387
-352
-1286
-2788
-4960
-7238
-8752
-9054
-8484
-7833
-7495
-7147
-6082
-4555
-3594
-3735
-4304
-4306
-3435
-2565
-2567
-3209
-3590
-3178
-2345
-1843
-1928
-2198
-2270
-2211
-2466
-3686
-5645
-7351
-8314
-8594
-8563
-8320
-7876
-7039
-5858
-4645
-3810
-3211
-2592
-1805
-1034
-582
-454
-503
-545
-473
-248
16
334
643
937
1090
829
221
-473
-1032
-1310
-1304
-1016
-475
317
1467
2592
3303
3786
4267
5022
5855
6356
6423
6394
6563
6839
7201
7695
8110
8457
9017
9627
10070
10531
10652
10705
10746
10589
10354
10248
9699
9165
8882
8733
8899
8962
8880
9031
9061
9053
8929
8103
6745
4245
169
-4864
-10692
-15128
-17012
-16507
-14329
-11250
-8109
-4409
-709
2677
5849
8334
10526
12385
13249
13185
12052
10029
8017
6154
4731
3842
3239
3392
3939
4262
3902
2510
87
-2677
-5266
-7196
-8468
-9209
-9571
-9597
-9206
-8183
-6418
-3876
-830
2173
4754
6696
7932
8440
8095
7202
5915
4628
3563
2865
2502
2316
2066
1794
1386
700
-48
-795
-1519
-2347
-3253
-4218
-5258
-6121
-6436
-5978
-4764
-3015
-1078
909
2729
4297
5411
5949
5937
5524
4828
3913
2890
1769
542
-686
-1652
-2335
-2712
-2825
-2725
-2480
-2254
-2183
-2438
-3020
-3620
-3816
-3584
-3223
-2758
-2100
-1176
-86
937
1639
1617
1125
598
-217
-1580
-3308
-4783
-5421
-5138
-4616
-4380
-4267
-3691
-2552
-1505
-1189
-1434
-1605
-1290
-825
-848
-1421
-1914
-1947
-1593
-1430
-1909
-2526
-2647
-2385
-2295
-2793
-3737
-4474
-4682
-4770
-5083
-5464
-5512
-5066
-4460
-4002
-3766
-3455
-2896
-2246
-1727
-1398
-1167
-890
-614
-377
-236
-120
104
300
438
555
634
550
331
77
-83
-245
-338
-323
-43
288
630
996
1133
1098
1202
1731
2400
2839
2920
3203
3848
4534
5127
5116
4752
4873
5296
5737
5720
5349
5785
6974
8068
8205
7381
6767
7127
7691
7838
7201
6322
6396
6878
6914
6551
6023
5968
6574
6927
6776
6095
5209
4637
2850
-1397
-7723
-14209
-18370
-19358
-17460
-14224
-10981
-7964
-4767
-1540
1490
4006
6105
8013
9376
9754
8881
7016
4950
3122
1666
530
-337
-716
-155
957
1850
1412
-668
-3571
-6438
-8711
-10145
-10968
-11426
-11568
-11321
-10393
-8784
-6412
-3425
-167
2842
5228
6878
7796
7885
7097
5743
4133
2674
1737
1363
1297
1306
1148
700
-39
-1009
-2065
-3075
-4063
-5083
-6232
-7527
-8780
-9616
-9794
-9143
-7768
-5876
-3718
-1465
530
2091
3104
3521
3279
2548
1556
481
-526
-1399
-2089
-2615
-2997
-3288
-3405
-3373
-3311
-3304
-3557
-4228
-4997
-5570
-5905
-5987
-5827
-5405
-4606
-3373
-1921
-626
380
1216
1444
932
-42
-1169
-2463
-3962
-5446
-6592
-7231
-7541
-7700
-7801
-7469
-6689
-5830
-5401
-5475
-5777
-5734
-5372
-5143
-5020
-4849
-4327
-3488
-2644
-2036
-1740
-1657
-1682
-1712
-1944
-2614
-3560
-4452
-5094
-5460
-5746
-5830
-5518
-4897
-4039
-3139
-2279
-1445
-639
-15
446
833
1223
1544
1790
2056
2390
2879
3305
3572
3616
3461
3181
2714
2075
1358
609
-73
-524
-738
-719
-506
-73
663
1524
2367
3002
3422
4083
5088
5954
6473
6928
7067
7150
7256
7060
6584
6540
7332
8628
9674
10095
10143
10471
11195
11464
10996
10463
10704
11852
12949
12721
11555
10368
9991
10187
9837
9120
8844
9301
9916
10025
8927
7391
6054
4744
1585
-4420
-11342
-16314
-18125
-16738
-13528
-10427
-7789
-5099
-1955
1474
4307
6699
8908
10410
11020
10498
8993
7276
5790
4837
4198
3419
3052
3548
4850
6148
6221
4452
1489
-1730
-4379
-6416
-7832
-8717
-9224
-9034
-8112
-6494
-4277
-1564
1395
4289
6588
8067
8792
8736
7958
6642
5084
3663
2731
2415
2504
2673
2701
2437
1857
983
-164
-1438
-2720
-3977
-5256
-6555
-7684
-8459
-8594
-7872
-6343
-4230
-1857
425
2461
4067
5213
5837
5861
5421
4653
3764
2924
2239
1772
1405
1017
735
557
379
194
-45
-476
-1319
-2502
-3768
-4855
-5548
-5794
-5682
-5244
-4540
-3635
-2509
-1408
-363
464
473
-323
-1475
-2708
-3945
-5127
-6052
-6619
-6777
-6616
-6359
-6264
-5907
-5260
-4589
-4207
-4092
-3992
-3762
-3857
-4327
-4691
-4487
-3714
-2875
-2177
-1559
-868
-161
4
-701
-1696
-2424
-2900
-3497
-4408
-5330
-5807
-5818
-5762
-5790
-5638
-5030
-4089
-3304
-2993
-3015
-2999
-2962
-2962
-2904
-2724
-2244
-1577
-984
-526
-198
-150
-358
-667
-996
-1352
-1641
-1935
-2273
-2618
-2812
-2781
-2541
-2007
-1253
-378
547
1460
2169
2695
3060
3303
3410
3815
4562
5078
5128
4976
5086
5340
5518
5689
5730
6018
6427
6827
6951
6874
6490
6199
6036
6073
6081
6167
6233
5941
5659
5710
5760
5687
5438
5250
5311
5183
4753
4122
3433
3015
2741
1550
-1838
-7451
-13319
-17270
-18499
-17275
-14483
-11359
-8466
-5769
-3280
-1119
722
2640
4520
5846
6193
5737
4984
4360
3836
3202
2446
1649
1439
2030
3198
4133
3823
1805
-1382
-4843
-7914
-10143
-11448
-11979
-11994
-11588
-10796
-9588
-7887
-5788
-3491
-1239
632
1846
2473
2614
2285
1699
1076
668
672
1226
2168
3120
3746
3754
3033
1736
108
-1573
-3076
-4331
-5437
-6512
-7429
-8022
-8178
-7778
-6685
-5040
-3206
-1373
139
1122
1685
1880
1792
1483
1066
739
635
749
1043
1471
1675
1497
1060
503
-114
-713
-1332
-2069
-2979
-4027
-5023
-5653
-5799
-5484
-4907
-4097
-3140
-2035
-975
-262
-70
-801
-2233
-3459
-4276
-4646
-4618
-4250
-3748
-3229
-2643
-2045
-1680
-1287
-887
-617
-556
-761
-1180
-1649
-2034
-2320
-2372
-2207
-1909
-1485
-887
-460
-355
-730
-1493
-2324
-2968
-3413
-3797
-3955
-3931
-3727
-3409
-3020
-2533
-1917
-1245
-741
-440
-331
-288
-341
-412
-433
-299
119
721
1314
1817
2244
2543
2552
2220
1795
1676
1740
1630
1335
1223
1386
1640
1830
1959
2128
2546
3169
3667
3671
3526
3604
3891
4345
4889
5408
5908
6354
6616
6603
6427
6356
6380
6581
6872
7023
7023
6993
7308
7635
8006
8259
8632
8978
9251
9641
9926
10378
10790
10935
10826
10484
9860
9205
8614
8275
7826
7152
6596
5913
5510
5244
5120
4522
2291
-1784
-6748
-10713
-12698
-12241
-9896
-6978
-4532
-2385
-357
1385
2906
4590
6274
7429
7816
7538
7018
6598
6227
5730
4903
4005
3455
3763
4813
5884
6029
4663
1948
-1485
-4612
-6777
-7770
-7902
-7700
-7289
-6528
-5422
-3975
-2286
-487
1168
2417
3185
3657
3969
4149
4017
3594
3097
2869
3211
4196
5466
6397
6522
5750
4208
2296
479
-1056
-2430
-3610
-4569
-5379
-5890
-5998
-5746
-5047
-3991
-2813
-1623
-600
47
356
433
242
-143
-496
-570
-228
512
1429
2252
2743
2832
2615
2131
1416
629
-305
-1713
-3472
-5050
-6047
-6466
-6425
-6216
-5876
-5236
-4223
-3190
-2473
-2119
-2013
-2321
-3738
-5659
-7266
-7719
-7235
-6250
-5613
-5347
-5059
-4336
-3939
-4061
-4336
-4555
-4510
-4658
-5152
-5915
-6251
-6038
-5706
-5508
-5259
-4793
-4019
-3293
-3048
-3391
-4141
-4869
-5543
-5978
-6109
-6011
-5624
-5170
-4861
-4669
-4405
-4110
-3797
-3630
-3560
-3609
-3676
-3783
-3881
-3764
-3357
-2785
-2089
-1424
-873
-428
-133
-61
-291
-834
-1309
-1614
-1692
-1612
-1386
-1062
-710
-308
16
229
301
396
574
651
612
656
801
974
1469
2421
3246
3699
4136
4605
4994
5202
5337
5161
4711
4429
4182
4111
4444
5262
6188
6994
7584
7936
8101
8359
8661
8547
8092
7247
6532
6129
6119
6061
6172
6174
6076
5626
5096
4436
3896
3405
2730
1880
894
-464
-3208
-7095
-10771
-13041
-13329
-11638
-8964
-6262
-3947
-2170
-884
-232
73
494
972
1274
1279
1472
2101
3067
3935
4395
4198
3871
3987
4652
5407
5385
4160
1734
-1417
-4411
-6586
-7818
-8143
-7775
-7162
-6415
-5577
-4715
-3926
-3426
-3318
-3408
-3472
-3314
-2715
-1809
-960
-375
130
908
2052
3577
5066
5916
6171
5776
4632
3119
1657
333
-751
-1608
-2107
-2323
-2339
-2171
-1983
-1927
-2013
-2309
-2675
-2956
-3046
-3060
-3054
-3004
-2827
-2534
-1872
-796
458
1834
3072
3882
4170
4065
3413
2378
1271
390
-239
-479
-380
-226
-46
76
15
-320
-836
-1447
-1948
-2446
-3046
-3519
-3845
-4867
-6374
-7321
-6925
-5713
-4302
-3176
-2368
-1632
-750
-543
-1532
-2661
-2899
-2312
-1837
-1510
-1415
-995
-148
442
176
-577
-1035
-938
-835
-1280
-2148
-3046
-3444
-3666
-3873
-3777
-3340
-2402
-1456
-967
-911
-1044
-1400
-1770
-2101
-2331
-2271
-1884
-1400
-971
-391
303
808
1163
1365
1563
1812
1869
1616
1323
1016
853
914
1087
1436
2153
3053
3608
3877
3824
3497
2992
2632
2500
2515
2636
2924
3204
3534
4030
4448
4530
4565
4714
4687
4415
4019
3790
3793
3902
4034
4195
4639
5285
5983
6549
6822
6808
6961
7202
7353
7517
7440
7366
7296
7364
7500
7593
7771
8358
8804
8873
8650
8178
7626
6838
5980
5053
4379
3988
3920
3956
3848
3472
2827
1739
-156
-3126
-6091
-8224
-9958
-10937
-10837
-9607
-7337
-4438
-1462
479
1299
1889
2224
1932
1590
1280
1145
1516
2160
2918
3655
4405
5246
5986
6062
5716
5091
4078
2582
676
-1286
-3138
-4513
-5176
-5266
-4996
-4372
-3638
-3148
-2782
-2854
-3254
-3816
-4436
-4882
-4940
-4617
-3934
-3029
-1811
-418
838
2132
3092
3751
3958
3648
3207
2442
1528
703
36
-436
-714
-945
-1099
-1272
-1758
-2681
-3753
-4720
-5379
-5863
-6283
-6753
-6977
-6804
-6439
-6133
-5785
-5281
-4565
-3722
-3016
-2560
-2230
-1815
-1507
-1158
-972
-1054
-910
-444
98
431
358
135
-186
-700
-2068
-4112
-5902
-6878
-7441
-7752
-7996
-8069
-7895
-7571
-7596
-8002
-8174
-7955
-7397
-7039
-6918
-6636
-6061
-5313
-4760
-4462
-4068
-3492
-2941
-2610
-2614
-2973
-3343
-3661
-4200
-4894
-5053
-4827
-4498
-4227
-4012
-3761
-3516
-3479
-3567
-3635
-3641
-3507
-3284
-3111
-2952
-2575
-2205
-1876
-1626
-1348
-951
-544
-616
-1225
-1870
-2259
-2274
-2240
-1947
-1521
-990
-346
209
428
536
573
526
526
481
541
673
1096
1755
2487
2992
3191
3403
3525
3462
2998
2603
2278
1707
1390
1398
1657
1941
2440
2871
3122
3315
3566
3742
3841
3945
3832
3785
3660
3781
3811
3662
3567
3748
3992
4399
4671
4605
4448
4440
4267
3925
3417
3181
2916
2951
3199
3413
3425
3477
3664
3716
3680
3580
3643
3786
3958
4116
4105
3825
2951
1309
-689
-2086
-2500
-1982
-943
169
1315
2457
3199
2995
2040
872
-24
-72
352
836
1371
2192
2888
3454
3770
3928
3755
3598
3717
3529
2997
2286
1533
740
126
-90
149
485
807
1001
1086
1092
777
123
-707
-1385
-1742
-1698
-1402
-1048
-587
-126
267
656
1017
1289
1539
1567
1453
1362
1252
1067
947
1012
1159
1395
1792
2154
2152
1987
1745
1376
998
615
268
-42
-107
-122
-125
-94
-86
-172
-318
-506
-734
-819
-992
-1182
-1271
-1272
-1372
-1482
-1636
-1600
-1389
-1167
-1104
-1354
-1588
-1776
-1911
-1822
-1791
-1728
-1612
-1382
-1077
-904
-842
-760
-834
-964
-1087
-1122
-1031
-1045
-1135
-1267
-1268
-1165
-1171
-1156
-1135
-1250
-1403
-1560
-1770
-2011
-2309
-2524
-2596
-2544
-2443
-2301
-2118
-2021
-1988
-1905
-1835
-1817
-1744
-1619
-1552
-1420
-1276
-1109
-985
-793
-580
-507
-397
-66
208
291
449
497
451
531
598
526
537
693
844
941
962
955
990
1045
969
1001
1033
1021
996
954
1043
1047
997
1007
1063
902
662
485
309
137
87
128
228
527
876
1063
1193
1177
1148
1089
1038
1187
1358
1553
1914
2191
2459
2595
2554
2744
2928
3012
3051
3011
2931
2641
2491
2487
2385
2280
2418
2567
2588
2549
2456
2405
2002
1678
1359
1140
1089
1006
991
857
680
730
809
820
925
952
964
848
602
296
133
92
-48
-124
-35
84
326
563
646
483
307
252
156
36
-80
-58
227
490
634
942
1101
1134
1317
1485
1437
1170
889
695
316
169
-12
-217
-362
-404
-279
-220
-455
-722
-822
-1019
-1266
-1635
-1780
-1944
-1989
-1964
-1891
-1762
-1805
-1794
-1624
-1512
-1592
-1541
-1634
-1719
-1788
-1688
-1497
-1402
-1384
-1334
-1366
-1410
-1272
-1080
-1057
-1185
-1201
-1183
-1082
-1033
-1039
-1098
-1213
-1315
-1329
-1448
-1576
-1704
-1711
-1744
-1698
-1712
-1753
-1741
-1702
-1700
-1853
-1959
-2082
-2127
-2166
-2127
-2140
-2202
-2268
-2311
-2331
-2253
-2190
-1889
-1764
-1783
-1857
-1760
-1584
-1683
-1745
-1713
-1654
-1417
-1169
-1070
-996
-858
-663
-512
-338
-208
31
183
315
417
434
441
464
532
648
660
619
681
700
625
553
465
492
472
377
330
344
417
498
481
432
463
528
641
693
648
725
814
909
999
980
935
999
1187
1231
1157
1177
1252
1258
1367
1508
1442
1443
1520
1451
1458
1579
1669
1728
1738
1707
1657
1586
1534
1479
1493
1438
1387
1310
1265
1271
1119
1167
1316
1343
1128
1022
814
1090
1147
661
586
841
985
702
826
1144
1003
869
1029
1163
1001
873
956
986
996
1075
1275
1429
1654
1830
1813
1921
2080
2077
1976
1871
1722
1573
1573
1623
1530
1499
1669
1804
1843
1851
1828
1817
1836
1746
1615
1550
1434
1314
1229
1233
1077
1002
1038
1006
1089
1130
1019
959
1034
1050
887
814
768
648
654
743
636
614
792
918
958
1046
1099
1131
1216
1261
1242
1133
1125
1164
1182
1210
1245
1336
1420
1308
1165
1110
1098
1043
1035
1044
935
785
652
675
696
594
504
591
693
694
657
575
497
557
513
350
294
372
392
322
261
224
228
264
296
364
446
360
241
138
21
-60
-85
-184
-284
-292
-220
-46
60
37
48
-6
-79
-55
-110
-268
-365
-487
-580
-495
-404
-315
-223
-184
-112
-14
-42
-80
-162
-300
-313
-347
-434
-476
-505
-619
-686
-722
-820
-842
-865
-993
-1039
-1028
-1114
-1152
-984
-923
-945
-839
-700
-736
-704
-545
-442
-455
-439
-308
-322
-471
-510
-494
-577
-649
-604
-622
-723
-714
-723
-768
-700
-584
-556
-605
-581
-504
-518
-631
-645
-517
-526
-676
-732
-697
-634
-499
-450
-527
-523
-493
-573
-669
-563
-484
-663
-815
-836
-898
-902
-796
-729
-786
-970
-995
-936
-982
-1080
-1137
-1216
-1358
-1337
-1292
-1333
-1369
-1453
-1570
-1629
-1573
-1574
-1635
-1650
-1543
-1437
-1395
-1340
-1278
-1308
-1380
-1439
-1514
-1573
-1555
-1500
-1452
-1359
-1308
-1337
-1257
-1221
-1290
-1351
-1457
-1540
-1640
-1733
-1749
-1733
-1843
-1874
-1894
-1868
-1819
-1782
-1688
-1609
-1635
-1695
-1693
-1624
-1591
-1600
-1528
-1404
-1379
-1437
-1470
-1501
-1544
-1512
-1421
-1371
-1385
-1411
-1270
-1054
-983
-1030
-1004
-1033
-1189
-1313
-1466
-1580
-1505
-1498
-1613
-1547
-1326
-1213
-1239
-1213
-1015
-919
-867
-812
-833
-867
-785
-651
-656
-741
-716
-678
-632
-527
-494
-464
-425
-473
-416
-383
-462
-451
-370
-472
-523
-374
-325
-408
-335
-196
-193
-259
-264
-265
-269
-287
-384
-408
-259
-73
-67
-174
-193
-150
-69
98
248
253
287
403
460
430
478
560
556
563
619
642
761
834
756
698
696
697
786
921
966
1109
1196
1080
1036
974
874
865
911
881
952
1118
1150
1165
1268
1348
1411
1446
1456
1452
1396
1282
1307
1314
1261
1356
1461
1298
1212
1379
1423
1328
1406
1403
1226
1220
1293
1234
1172
1206
1267
1256
1330
1431
1455
1427
1472
1505
1514
1498
1495
1446
1323
1348
1501
1513
1446
1468
1591
1603
1516
1482
1491
1495
1473
1460
1406
1387
1369
1267
1190
1337
1521
1482
1439
1490
1526
1543
1591
1553
1421
1296
1192
1225
1335
1260
1136
1114
1080
981
913
854
807
806
939
1120
1180
1158
1120
1202
1236
1157
1186
1373
1489
1566
1703
1838
2017
2047
1862
1793
1749
1699
1765
1814
1689
1491
1499
1577
1560
1487
1505
1551
1563
1507
1445
1340
1306
1298
1102
952
940
837
779
889
964
931
906
841
772
750
701
607
456
262
116
66
-32
-57
69
105
41
48
190
310
415
486
487
470
462
520
491
514
628
717
759
806
828
824
808
817
838
688
505
397
311
204
90
38
-18
-26
-53
-155
-212
-148
-120
-92
-147
-238
-404
-499
-428
-367
-360
-400
-504
-647
-663
-589
-541
-608
-738
-810
-805
-914
-1033
-1076
-1150
-1164
-1038
-1003
-967
-895
-979
-1053
-938
-965
-1116
-1073
-912
-821
-696
-679
-814
-863
-803
-844
-889
-1009
-1155
-1159
-1170
-1280
-1302
-1283
-1329
-1388
-1417
-1404
-1421
-1400
-1332
-1324
-1333
-1309
-1261
-1264
-1189
-1086
-1095
-1155
-1153
-1116
-1315
-1525
-1539
-1477
-1499
-1674
-1792
-1771
-1708
-1608
-1408
-1298
-1320
-1323
-1334
-1369
-1359
-1388
-1353
-1204
-965
-822
-881
-971
-1003
-932
-922
-990
-887
-893
-935
-817
-834
-932
-981
-931
-923
-1003
-985
-896
-878
-918
-991
-1079
-1114
-1168
-1183
-1109
-1110
-1085
-945
-1025
-1143
-1154
-1179
-1316
-1425
-1457
-1419
-1354
-1187
-984
-894
-925
-944
-980
-1061
-1032
-814
-735
-684
-652
-536
-426
-417
-345
-264
-258
-240
-134
-111
-222
-365
-419
-472
-588
-582
-566
-532
-555
-608
-679
-737
-778
-800
-845
-716
-565
-544
-566
-600
-496
-273
-95
129
255
217
253
360
308
211
152
83
-26
20
148
121
-3
-100
-69
-58
-152
-275
-329
-279
-105
74
74
7
142
323
344
455
607
636
659
744
763
707
704
713
683
752
922
982
1037
1027
992
981
1000
987
931
846
757
735
670
607
601
605
590
600
704
825
747
626
564
582
572
431
367
499
652
725
955
1136
1055
1086
1132
1002
979
1073
1145
1204
1311
1387
1355
1334
1461
1454
1307
1212
1160
1114
1086
1072
1004
894
870
871
928
978
1013
1179
1290
1247
1298
1440
1584
1678
1565
1551
1758
1937
1955
1848
1685
1637
1623
1572
1491
1477
1488
1477
1461
1397
1427
1435
1286
1214
1260
1248
1175
1209
1241
1248
1321
1356
1311
1306
1246
1250
1313
1420
1453
1415
1466
1605
1581
1527
1651
1572
1366
1269
1229
1216
1178
1108
1117
1220
1377
1476
1405
1301
1370
1426
1397
1347
1287
1220
1236
1306
1301
1294
1383
1564
1649
1653
1691
1717
1619
1327
1164
1259
1238
1114
1046
1004
1011
1033
1056
949
837
863
734
545
536
617
478
297
388
509
435
375
366
213
-47
-122
-172
-262
-301
-228
-214
-262
-225
-157
-193
-319
-419
-468
-578
-590
-467
-408
-382
-276
-236
-365
-351
-316
-445
-518
-461
-477
-522
-499
-512
-508
-421
-448
-526
-558
-537
-677
-755
-632
-693
-856
-810
-675
-594
-533
-417
-383
-477
-601
-543
-606
-799
-932
-983
-1125
-1190
-1062
-963
-982
-1034
-1029
-1088
-1216
-1283
-1250
-1236
-1263
-1253
-1184
-1101
-1060
-1108
-1251
-1259
-1239
-1315
-1422
-1529
-1579
-1674
-1719
-1657
-1677
-1673
-1577
-1466
-1400
-1378
-1400
-1475
-1571
-1580
-1517
-1587
-1641
-1580
-1596
-1618
-1543
-1555
-1644
-1587
-1550
-1672
-1774
-1846
-1904
-1885
-1764
-1627
-1610
-1569
-1381
-1282
-1389
-1411
-1350
-1393
-1468
-1367
-1269
-1394
-1451
-1421
-1442
-1493
-1479
-1324
-1150
-1129
-1123
-1064
-1115
-1112
-1029
-1087
-1244
-1281
-1177
-1047
-1037
-1042
-1015
-1014
-1023
-1040
-1061
-1084
-1054
-940
-882
-845
-797
-774
-804
-885
-934
-897
-856
-840
-761
-794
-895
-891
-846
-938
-930
-774
-733
-785
-725
-588
-565
-557
-502
-571
-717
-728
-605
-444
-390
-412
-469
-467
-386
-328
-189
-80
-90
-87
-117
-202
-240
-187
-119
-132
-108
-2
100
187
164
95
56
-20
-162
-232
-124
50
108
38
36
36
26
101
172
172
170
252
239
168
182
291
378
392
462
626
801
902
919
975
965
934
956
952
978
1071
1202
1183
1198
1305
1328
1315
1348
1287
1234
1320
1315
1181
1212
1286
1353
1305
1311
1284
1203
1072
950
874
813
676
545
557
593
610
659
610
556
590
535
399
310
299
349
361
304
244
342
423
409
392
344
324
328
414
534
579
629
768
899
958
950
996
1158
1270
1286
1191
1129
1204
1214
998
872
927
942
835
821
976
1170
1193
1104
1129
1221
1154
986
934
909
717
519
579
1146
1754
1803
1613
1651
1817
1795
1357
852
654
568
476
587
885
1157
1299
1353
1343
1332
1230
1103
1096
1110
1161
1145
1095
1218
1538
1652
1501
1385
1297
1177
1088
1046
1065
1067
1109
1262
1422
1538
1537
1390
1154
996
904
782
726
791
823
786
869
925
775
542
377
291
218
245
307
210
201
448
582
302
140
243
298
235
164
72
81
164
176
108
217
417
457
426
465
568
525
368
294
299
229
115
112
171
255
316
257
174
48
-131
-232
-303
-374
-430
-511
-463
-396
-377
-424
-523
-603
-630
-751
-937
-1088
-1105
-1135
-1163
-1114
-1108
-1227
-1242
-1245
-1270
-1271
-1275
-1287
-1190
-1078
-1196
-1352
-1379
-1326
-1295
-1297
-1291
-1205
-1143
-1206
-1246
-1221
-1322
-1311
-1219
-1280
-1378
-1325
-1331
-1401
-1406
-1358
-1323
-1400
-1454
-1386
-1326
-1299
-1222
-1171
-1245
-1329
-1426
-1482
-1459
-1502
-1523
-1449
-1501
-1550
-1476
-1479
-1605
-1667
-1675
-1633
-1465
-1262
-1169
-1275
-1372
-1320
-1263
-1264
-1283
-1264
-1280
-1242
-1120
-1131
-1179
-1146
-1051
-1102
-1210
-1126
-995
-1000
-1006
-916
-791
-816
-934
-1101
-1144
-1109
-1179
-1275
-1310
-1378
-1454
-1562
-1700
-1771
-1746
-1651
-1576
-1544
-1554
-1613
-1675
-1713
-1717
-1718
-1732
-1659
-1633
-1713
-1710
-1592
-1555
-1539
-1340
-1144
-1161
-1247
-1215
-1128
-1015
-917
-851
-846
-909
-909
-793
-772
-855
-853
-764
-810
-881
-900
-939
-939
-1017
-1215
-1312
-1195
-1122
-1174
-1155
-1106
-1188
-1229
-1197
-1153
-1123
-1115
-1170
-1198
-1144
-1033
-971
-965
-941
-865
-833
-903
-855
-620
-423
-379
-402
-409
-350
-347
-289
-204
-114
-80
-101
-106
-92
-49
69
96
-60
-166
-124
-91
-162
-285
-345
-326
-288
-222
-104
-45
-20
101
201
138
107
149
213
227
135
81
128
303
466
596
714
730
753
779
748
673
675
709
655
611
696
818
938
1073
1217
1293
1408
1513
1517
1513
1495
1336
1212
1237
1308
1286
1151
1178
1410
1531
1495
1497
1554
1459
1289
1243
1270
1214
1182
1146
1074
927
813
756
756
693
681
685
676
674
730
750
681
624
655
750
697
592
712
904
867
817
950
1088
1092
999
1016
1063
1125
1204
1159
964
919
942
901
889
939
889
844
984
1059
906
718
681
621
512
477
512
228
-366
-604
-732
-1143
-1439
-1396
-1553
-946
-642
-419
284
880
1090
1446
1811
1884
1838
1884
1743
1396
1187
537
-804
-1297
-1895
-2879
-3333
-3147
-2955
-2689
-2288
-1461
-473
41
446
1217
1585
1358
1217
1025
467
-250
-781
-1344
-1765
-1848
-1780
-1658
-1092
-443
201
726
1090
1279
1362
979
566
238
-277
-898
-1197
-1209
-1057
-924
-662
-105
425
681
921
1135
1213
1293
1095
605
446
308
55
-217
-40
27
-149
-79
196
241
234
342
349
113
-156
-266
-268
-432
-709
-837
-857
-692
-771
-766
-833
-767
-748
-821
-463
-725
-1248
-622
-353
-1513
-1469
-902
-1206
-1622
-1466
-898
-756
-1441
-1255
-512
-467
-714
-962
-941
-696
-691
-1096
-1314
-1233
-826
-1207
-1771
-807
-424
-992
-768
-587
-742
-1129
-905
-916
-1758
-1828
-1077
-1041
-1945
-1671
-904
-1079
-1174
-1023
-1230
-1582
-1266
-1195
-1861
-1816
-1243
-1242
-1172
-1303
-1803
-1381
-1202
-1279
-1669
-1829
-1479
-1189
-1776
-2245
-1823
-1544
-1746
-1573
-974
-1090
-1051
-295
-358
-896
-427
-102
-707
-960
-828
-406
-252
-953
-968
-214
350
-187
-761
-326
319
-315
-911
-591
-903
-963
-1007
-1503
-1006
-841
-1764
-1412
-697
-1017
-1791
-1593
-923
-919
-1658
-1861
-827
-1162
-1633
-1553
-1503
-520
-830
-1472
-932
-104
-496
-1461
-1290
-753
-506
-1129
-1889
-1066
-257
-225
-880
-680
277
316
6
-827
-645
478
-158
-737
327
-626
-1295
-551
-474
-55
-363
-892
-524
743
226
-1305
-24
613
-887
-1029
137
245
-173
-747
-243
451
-20
-101
-323
514
775
-837
-777
516
461
-282
-18
274
1216
1459
256
30
508
450
176
124
778
1512
1013
1657
2156
2211
2410
1376
2215
1859
623
1645
2013
922
1043
2104
1726
1819
2241
987
1809
2646
1859
1678
1343
2183
2410
1148
1792
2134
285
2038
2663
1494
2034
1348
2918
3849
1285
1468
3915
2479
329
2535
3619
551
724
2899
1783
1290
1746
2595
2266
1031
2400
3388
1949
855
1136
2700
1627
2046
2525
1287
2787
3617
2454
1219
2731
3497
1047
1074
2559
1185
295
2961
1909
1681
2586
1293
2253
2927
405
-539
2340
2167
-160
624
2377
2251
204
965
2463
750
1091
1180
392
1093
1996
374
-372
686
524
-320
-592
1620
2248
-276
334
2914
1253
-267
896
500
1153
1334
128
200
685
1266
706
357
801
1896
1209
168
2278
1404
-337
882
831
58
-322
742
289
-446
788
227
-968
1280
1541
-78
1084
2976
1858
471
993
1152
513
485
382
675
1292
1661
1482
1897
1133
-103
1117
569
-727
-697
312
-250
-481
1084
865
-276
282
1747
330
-947
1376
469
-1215
-394
436
346
-894
144
97
164
338
451
-678
-452
95
-1482
-119
-365
-1486
-158
-329
-595
-1598
-1625
-621
-1093
-489
-1967
-958
271
-390
-2314
-1736
213
-605
-3022
-3088
-1001
-1797
-2700
-2567
-2768
-1002
-1367
-3485
-2783
-1250
-1781
-2997
-1175
-1757
-2982
-1572
-2905
-2303
-763
-3537
-3888
-324
-1778
-3524
-3456
-1694
-1597
-3418
-2851
-2034
-1175
-2067
-2661
-1945
-1356
-1876
-4457
-4602
-1236
-2171
-4347
-3286
-1881
-707
-1105
-2561
-2247
-484
-1607
-3473
-3642
-2531
-1938
-3480
-3344
-2422
-1704
-658
-2667
-2333
-180
-1452
-2315
-1593
-2277
-2869
-2810
-1923
-3704
-2633
-473
-1788
-1245
52
-539
-891
3
-1303
-2230
-1404
-2038
-3442
-2398
-1408
-1473
-453
-1348
-245
1609
227
-1544
-238
-646
-1904
-1094
-852
-1748
-1773
-449
361
-620
-1322
253
404
-650
169
-488
-825
-1095
-741
-1478
-1315
-1125
-1588
-650
-606
-589
14
-2040
-687
36
-1370
-2289
-1094
269
-2016
-2825
-1228
-199
-1942
-2461
-98
191
-1007
-1748
72
620
-2564
-1917
-466
-2816
-3523
108
-1154
-3238
-775
887
-1540
-3507
391
-309
-2765
-1380
-2127
-2228
-637
-997
-3178
-2383
70
-2276
-2638
-1035
-1635
-2049
-155
160
-3561
-1888
-315
-2557
-3785
-3164
-1428
-1236
-2490
-1713
34
-798
-2986
-1959
-1043
-1858
-3476
-2363
-1807
-1991
-1380
-3013
-1132
1790
-525
-813
1098
1775
516
-125
-370
-362
639
-869
-1185
1959
935
-826
-341
3445
2762
-1775
351
2794
26
226
-247
-893
415
950
1797
223
751
3415
861
-210
1394
1961
-1359
-1184
2611
-849
-775
267
685
663
1512
346
-1189
704
937
896
709
51
523
442
393
585
94
-15
55
319
1209
1932
2033
1921
2167
3743
1913
-94
1802
1375
-1248
1287
3891
178
-146
3183
2382
-384
1907
1735
-127
-187
118
1498
1572
364
1733
3170
1878
2114
845
942
1887
102
196
1230
1129
859
1381
-84
1760
3847
-970
-434
2407
888
1268
1439
190
786
1629
936
1049
1344
1044
1310
3612
2744
502
2635
2478
-190
915
2922
-865
-184
3856
1385
-538
1913
2303
826
1244
1817
1361
507
1696
1254
2441
1289
-896
1552
2336
435
1298
2449
643
1138
2704
2306
238
294
1688
3642
865
-515
2541
2464
-1050
1689
3843
826
65
1804
2530
824
47
1333
1757
1226
1020
2563
1965
-721
1235
3069
-312
-150
1924
-792
-307
2974
1510
-419
1624
3118
1645
1137
2279
741
1188
958
-93
1866
3248
334
-208
3501
2744
-11
-261
3140
607
-1974
547
-810
919
609
-76
-97
-74
-376
115
854
-842
76
-135
385
1468
-1681
-2569
580
-505
-1804
-1661
-785
964
1305
-451
-172
1500
-1310
-1982
-543
-1880
-2071
-1325
-1396
-731
73
-477
-1208
1016
2236
-319
-2413
-630
702
-2761
-2819
-1245
865
-1552
-2431
1266
-553
-1703
-227
-1124
-2489
-431
-798
-2946
-3654
-3637
-228
-1216
-3341
-1234
219
-662
-1331
-1384
-937
-2249
-3951
-2570
-2250
-2250
-1461
-1633
231
-177
-910
-956
-11
-256
-3647
-223
1201
-2213
-2965
-408
-804
-2368
163
1250
-1511
-1217
918
-630
-1900
-274
-651
-3089
-2830
960
678
-4974
-305
2916
48
-3370
143
1664
-2055
-2160
-300
-1517
-1788
-821
-1158
-51
-669
-1675
-589
362
-356
-1689
-379
475
72
-2131
-2811
86
1521
-2843
-2256
1662
107
-2529
570
2103
-1254
-959
164
-563
-903
197
728
-917
570
892
-1239
-317
2003
-446
-865
1072
1416
958
100
-1460
1363
1115
-1098
929
-498
-1133
813
896
-779
1374
1701
-165
-302
1648
260
-2502
18
1178
-1623
712
1623
808
515
2498
1387
-704
812
342
230
-736
-65
2157
1004
-595
1323
2597
278
1051
1103
-659
2945
1042
-2244
3487
2391
-1871
342
2624
-470
-826
1788
2458
754
-661
2239
1609
-454
447
422
696
818
1287
362
960
874
-172
391
-1015
129
671
-1716
197
2355
349
-1786
663
2755
-769
-1289
1312
595
-621
90
643
-282
-267
1205
2020
803
-117
1965
-519
-1316
1177
-433
-1833
209
1692
-1109
-247
2324
1220
-1483
-10
2254
-177
-2201
532
2761
-1484
-1909
1135
561
-684
368
1503
-38
921
3467
-194
-1351
1953
2011
822
-378
1078
1984
1091
1795
404
637
3230
1228
1842
855
2878
2542
-1079
1210
3294
2781
-1903
-185
4655
761
5
1334
727
1881
3337
666
-184
2747
2657
-1161
-1469
1690
2853
-418
725
3101
2787
1243
-203
-39
414
223
-1216
-82
33
2268
-949
-1021
4467
-127
-2389
1725
1312
-937
-432
778
-688
-495
628
-1404
145
1205
606
215
699
280
-1307
1104
904
-1916
1013
592
-1596
902
1960
-1415
745
2174
1395
-966
-1802
1610
2158
-506
-1232
2087
1954
-851
-1151
1727
2143
-1829
183
2485
-240
-1312
2073
227
-2616
2025
253
-1722
1290
562
32
428
2856
1688
-2552
1323
2989
-1097
622
1662
-210
1129
1451
595
-290
1233
2970
1378
910
2502
2495
696
770
1203
2822
329
-1081
3326
3876
-105
-677
2639
2015
-815
-43
812
1486
1398
-196
263
648
1528
189
-387
686
1033
1731
1827
-1971
1299
2148
-1370
-1936
495
22
554
497
-935
572
2839
116
-1585
526
575
-1358
-646
36
-871
-838
-650
-529
304
-539
-693
331
153
142
-936
-958
-327
-1335
-164
426
-2450
-846
1781
-155
-1386
-909
9
-894
-800
-2358
47
-680
-3403
-832
-472
-886
-1646
252
-570
-1569
1729
-584
-3396
-313
496
-1764
-574
-245
-1609
-1151
-576
153
-1204
-1991
51
505
-1318
-2770
-1102
31
-192
-1833
-662
1102
-783
-210
-525
-858
-232
-79
-1183
-1250
-512
1479
-1320
-2191
569
-288
-923
-726
-175
1715
379
-1987
-231
558
-66
-1995
419
0
-371
2074
-340
-2083
974
968
-1585
22
1828
-1051
622
1825
-2368
-786
2664
-1000
-1743
1740
1649
-1042
1288
303
-668
1705
-1040
-783
1655
-162
-1001
1595
2124
-232
1266
2334
-853
1619
823
461
1496
194
287
1974
1732
1311
-1587
2279
4020
-915
898
1791
101
-1007
2475
-112
-352
924
1108
1162
799
80
-308
1894
2340
12
-1406
1336
1341
484
-179
-1857
1469
3625
440
781
3059
1923
1966
2196
-566
2907
889
1274
1471
2008
2034
594
5028
1293
2770
3844
2085
1543
997
1519
3265
10
1587
3943
2757
2584
2341
3973
2466
1829
1821
2174
2361
4248
298
1002
3152
3779
2482
320
2750
3660
2376
-450
1035
4152
386
-747
2387
3769
607
1008
3173
1552
586
1654
1836
1897
1841
-352
1063
5014
1079
-1967
3205
4877
-932
537
1793
3174
2183
-865
2760
3097
1277
-1641
3120
2615
-2066
2425
2595
485
1555
1028
450
1727
597
-532
973
1061
2201
813
-601
1802
3334
347
-905
689
4633
-276
-3127
3244
3763
-3121
1119
2749
1101
2362
990
2056
3287
653
218
3715
4900
736
1411
4790
1923
3425
3653
654
1658
5768
1670
-1103
4143
4776
2078
2348
2603
3126
2668
1743
540
2126
2011
96
822
2372
1824
-136
306
2261
2748
-829
777
2140
-236
-14
1521
-372
-1278
2873
642
-519
772
3065
85
-1394
787
2557
-1444
-315
3183
1735
-1544
442
4034
969
-482
2950
1100
-35
1856
1609
1593
-1068
1545
2766
1011
-2168
271
1772
-385
-712
347
-607
-712
1065
-2376
-2428
2011
-1397
-4023
2175
709
-4472
194
758
-3222
-2300
2414
-3423
-5183
1626
-969
-1404
-2927
-947
-523
-2666
-1754
-530
-1143
-2132
-1091
132
-776
-2865
781
-511
-3542
648
278
-4471
79
1676
-1509
-1909
-1253
-124
-1503
-1411
-2176
-1248
-488
-2414
-2145
451
-2556
-3711
-283
-1275
-3579
-2401
-881
-3587
-2726
-2928
-4231
-1617
-3068
-6052
-1877
-2633
-4208
-2572
-2728
-3928
-1008
-1869
-3695
-3398
-1652
-2629
-3506
-1455
-844
-2922
-2741
-1276
-267
-623
-3694
-1943
425
-174
-3311
-2201
310
-207
-2763
-1945
237
-1182
-1767
-1106
-110
-912
-1993
-1752
-970
-2482
-1096
-2311
-1687
-2183
-2159
-165
-1357
-3981
-2360
33
-3906
-4023
-274
-3014
-4596
-777
-1457
-4386
-2720
1383
-2745
-4902
-1459
1449
-4403
-4214
1324
-1296
-5418
-371
1945
-2897
-3081
1381
-130
-2453
-1297
-453
-198
523
-1697
-2291
1848
680
-2486
-231
1819
-700
-871
449
-1812
-1003
1447
-1376
-1939
137
-787
-1964
-1991
-1917
57
-2467
-2335
-209
-572
-1618
-1197
-601
-1058
-260
-1534
-870
-941
1090
-708
-801
648
1121
-643
725
2206
-634
1340
3433
-1914
37
5590
582
-1238
3553
3037
-946
1379
3649
-813
1185
3033
-181
1971
2325
-667
-431
2105
1278
-1174
-1475
2930
3151
-3149
-1164
4010
1420
-3093
921
3742
-2553
348
985
-83
2642
934
262
772
2491
798
-791
456
2475
886
1372
1404
2649
1713
1746
2311
2747
2115
1746
-466
3713
3716
-987
822
4312
2165
1224
1313
1867
2369
1340
1908
984
1872
2665
25
2413
3298
160
1596
3968
3096
-457
945
1418
2823
746
-92
2209
2683
785
1729
2027
1398
3762
1890
-1048
2901
3791
-440
-639
3784
959
838
3031
245
1919
2802
645
1148
1035
2019
-155
1378
3118
-525
2088
1222
1633
1006
1551
1400
672
592
3870
-74
-638
1621
3235
773
-1534
2990
1479
-510
385
1468
1332
-358
1338
1519
-1072
-512
2235
49
-2136
208
1047
1135
69
-1231
1329
895
522
81
672
-9
-1470
796
767
-70
701
1958
1296
356
1550
616
-124
976
2796
524
-559
1266
3278
-315
-1653
1868
3502
-1004
-1135
2529
-288
-1308
1362
-65
-1637
-425
1542
-1588
-1670
384
-340
-3013
-839
3687
-2670
-2735
2309
1772
-2477
-1491
1490
-363
-601
1238
-1095
-622
427
1399
-2795
-683
2271
589
-2884
-71
2111
-252
-1436
-815
1599
31
-912
-884
1100
-1210
-804
-549
-1371
-2395
2131
-978
-3370
-188
992
-1906
-867
-2152
-1083
-1443
-112
-1750
-2106
-505
-2839
-466
-1565
-2390
222
-1559
-1786
-413
-657
149
-2610
-2223
-473
1586
-2372
-3939
881
2475
-2300
-2838
1746
237
-1052
697
-960
-3238
81
127
-2363
-426
1298
-2561
-1334
1032
38
-5382
-693
2985
-4226
-4035
91
-1321
-2661
-1780
-2166
-1615
-1392
-2201
-1267
416
-2623
-1865
-1711
-1038
827
-3834
-3063
1083
390
-4082
-3042
2309
-1400
-5808
1034
1282
-4165
-1887
2155
-1947
-3907
96
-171
-2309
-3404
2275
86
-4683
319
1759
-2802
-3285
42
-534
-2410
-1865
-1021
-53
-1461
-1064
-1080
729
-1666
-2325
591
-1029
-1204
-958
-1755
306
-641
-2854
-1783
2446
-2227
-2878
-10
1188
-1579
-2237
-1226
1294
-2838
-3421
1691
-107
-4099
-816
2272
-1513
-4744
785
2502
-5206
-1870
1925
-1877
-2843
1206
-641
-1152
716
220
-555
359
55
-2025
666
-511
389
-1754
-1755
2524
-86
-3259
-243
2312
-4054
-1788
3175
-1727
-4021
608
470
-3432
-1239
58
-1706
-1443
366
-1133
-2003
126
-648
-923
-362
-442
-1214
-1117
1428
-455
-1996
1223
1799
-1554
99
3015
-1227
-1151
4019
1273
-3008
2781
2480
-468
1985
690
-510
3462
2488
-2338
4072
3966
-1872
1147
4892
-595
34
2284
1396
-471
2271
2263
-374
905
1914
1410
-107
-65
2177
591
542
-133
892
973
-569
412
1030
83
623
-498
1631
1528
-795
218
2398
-544
341
2733
-1152
1098
2916
-309
1604
2416
816
859
228
164
3188
-466
-1368
1764
70
1813
1592
-3693
2368
2492
-564
-1217
2050
558
-549
220
1451
71
-951
95
-149
1215
1339
-1519
-787
3271
1922
-1048
993
2316
1317
1195
-1625
2134
3905
-2679
120
3610
-550
-966
3135
-590
-1540
2375
1983
-1696
-1509
3139
219
-437
-551
182
2902
-1042
-412
3312
215
-750
1752
2292
127
800
745
165
1803
173
-989
1673
1298
-692
3030
-887
-2092
4963
1769
-4580
1026
5508
-2826
-3336
3728
3655
-4412
-683
2840
-93
-586
1635
-244
354
2709
708
-807
1711
3345
-662
384
1786
482
-704
1790
667
-979
1215
665
-250
479
2110
-149
-458
1712
203
-767
1908
-247
-944
907
1112
977
-1510
-91
2378
485
-1497
304
2065
-1308
-305
1624
-1566
-1342
2430
1633
-3850
315
4310
-2797
-2056
3552
-1101
-3016
993
2155
-3382
-2130
2034
1158
-4303
-1040
1178
-2161
-1977
-470
-1163
-1741
-2706
-123
1356
-4843
-2924
3645
-2954
-4567
2012
-380
-4667
-1153
3312
-3307
-3267
1615
-68
-3219
1477
544
-2012
958
249
-1304
-569
1853
-2090
-1282
2169
-371
-2913
958
456
-2081
639
386
-1336
-325
652
-1374
-3007
1563
587
-3865
-1601
1384
622
-1050
-2384
831
1551
-1765
-2673
-173
471
-1113
-1597
683
389
-1738
-1330
1573
-433
-2785
-1127
-109
-1538
318
-1317
-1344
-526
-704
-292
-1902
-2019
-166
645
-2591
-1111
-356
-48
-2425
137
1245
-2063
250
1888
-2181
156
2654
-3979
-2836
2796
46
-3182
-422
2812
-1421
-1321
1552
-2927
-2346
831
-2526
-3407
627
-295
-3095
60
791
-1960
-439
-492
-1970
-431
1077
-3299
-1452
879
-918
-2010
-633
-1237
43
711
-3485
1142
3359
-3938
-2679
3605
1154
-3962
-562
1384
-293
-2526
50
560
-3252
-58
1984
-2752
-1862
3438
-341
-3485
820
801
-985
-974
-984
953
-991
-1713
-343
1256
-1045
-1530
1279
-494
-2208
512
928
-2656
-894
2239
-593
-1746
667
179
1149
-1107
-2359
-663
324
-403
-1470
-2008
798
-304
-2027
-323
581
-1702
-139
675
-2294
541
2258
-3070
-1095
2366
1418
-1939
-809
2707
2042
-450
-677
2751
1456
-490
1616
1495
117
2535
1278
-445
282
3465
1014
-2661
3010
4259
-2220
-982
3482
1929
-940
360
654
1768
671
1317
1406
286
1907
1274
376
66
2724
2339
934
2396
2168
2497
2007
345
3798
2261
-1313
1229
5004
2196
-1181
2034
4168
1720
1012
2045
1913
2520
2265
1889
271
3018
3762
-648
-1441
4252
5326
-1807
-391
4327
2929
914
163
883
2281
2470
-484
-398
1369
2239
312
-1206
-31
2761
780
-2654
980
3113
-1068
-1322
2313
73
127
1757
137
-65
1946
2284
-159
-991
1948
3583
-1497
-878
3855
1216
-1659
2376
2725
333
628
2362
691
1431
864
48
857
807
319
1061
-279
226
2016
-93
-1552
3731
1886
-3715
769
3834
-301
-1673
1106
2801
557
670
1408
2213
687
201
2495
1374
-1292
2551
1467
-2090
900
3075
-2142
-1954
2618
50
-2421
970
1139
-825
-634
-997
-31
91
-3043
-201
884
-1383
-1547
1140
782
-2265
2095
1704
-1371
149
1700
-391
-607
2423
528
-793
1434
2112
639
-1779
1170
3048
-1853
-2957
2203
1164
-4326
-430
2046
-3432
-3031
1966
-2838
-3702
944
-496
-3419
-1543
1161
-1819
-4286
-728
1504
-1975
-2971
475
1317
-1505
115
159
-1316
236
419
-833
-614
-615
1467
-368
-2779
-85
482
-2171
-721
-403
-1522
-1201
-945
-902
-1176
-1885
-1215
-317
-1405
-2014
-634
-824
-1991
-959
-1752
-1799
323
-1224
-2691
-60
-826
-1951
-1914
-1071
-1725
-502
-1514
-2152
-514
-1545
-1733
-407
-2584
-2158
-44
-1097
-2894
-1583
-1937
-1270
-1398
-2677
-1220
-995
-1928
-1181
-127
-787
-1216
-1008
864
114
-1398
-1543
-173
1298
-414
-2161
-439
1370
-421
-2035
-1126
-209
818
-2056
-2616
579
1681
-3245
-1916
1669
-820
-2894
-1264
-367
-1638
-1919
-1787
-1054
-171
-2087
-3163
-429
357
-2969
-2556
143
-972
-2583
-1225
287
-1361
-1493
-609
-717
-1868
-1309
-361
86
-2175
-1377
781
-1549
-3051
212
585
-2143
-1764
318
-1010
-2526
-498
-444
-1474
-1391
-733
-1468
-978
-216
-891
-1410
278
136
-1671
-1775
795
67
-1387
-877
187
-923
-1208
76
3
-1028
-610
27
45
-154
-48
-440
84
-44
-373
-1381
75
-361
296
472
437
-640
1177
1338
-230
1022
1324
438
835
601
97
1614
1472
140
982
2467
363
679
1102
564
1278
1270
-856
1022
911
-178
0
1585
273
-762
681
731
-237
-236
-308
259
484
-745
548
828
495
221
1383
1477
-514
1698
1923
-382
490
1855
621
84
1246
1137
301
331
512
1174
425
-898
-58
641
-247
130
20
536
672
405
134
-258
918
171
-172
519
670
442
873
544
1019
990
1004
1013
824
1038
907
-12
708
1246
1485
185
78
1120
1228
642
320
737
626
842
-51
555
773
63
73
710
345
1342
825
129
966
1593
1099
661
1493
1545
1294
1293
1700
1258
1410
1101
1204
1264
925
378
812
526
417
877
523
61
1215
1620
6
271
985
176
-338
868
237
-232
121
209
517
596
-254
440
1433
678
871
986
128
367
1054
821
702
274
303
1008
1798
698
506
1289
893
1086
1181
688
1068
2184
1423
685
1484
1635
1023
1159
1948
1730
423
1116
1442
1006
755
297
535
533
479
170
346
617
351
384
-499
-345
517
67
-886
-400
191
-754
-552
-483
-589
-160
-139
-863
-108
419
277
-192
587
220
-614
38
297
-706
-154
591
-477
-799
183
-247
-660
-982
-441
-426
-532
-391
-623
-245
-280
-770
-510
-108
-640
-1221
-1281
-1010
-1282
-1811
-2099
-1624
-1375
-1888
-2270
-2076
-1640
-1867
-2325
-2096
-2060
-1701
-1850
-1824
-1768
-1517
-1427
-1227
-1417
-1129
-1169
-753
-1307
-1183
-990
-1179
-1358
-1119
-1377
-1817
-1315
-1313
-1314
-1163
-1146
-1078
-1197
-1661
-1964
-1214
-959
-1540
-1304
-784
-917
-1133
-664
-732
-1067
-1021
-952
-1012
-805
-847
-954
-766
-505
-1225
-1369
-1118
-1054
-1131
-1228
-1552
-1858
-1542
-2043
-2198
-2101
-1872
-1667
-1397
-1724
-1541
-1132
-1781
-1519
-954
-1243
-1545
-936
-371
-773
-579
157
-307
-112
-179
-808
-444
181
-921
-681
191
40
-580
-289
-208
-319
-712
-854
-278
-841
-1160
-889
-1368
-1864
-1370
-1466
-2026
-1409
-1365
-1821
-1595
-1246
-1199
-942
-745
-1201
-744
-315
-1235
-1134
-826
-1109
-1369
-784
-701
-635
-265
-129
-482
181
-218
-811
-550
289
-77
-525
-406
-442
-288
-508
-394
167
-439
-519
-129
-112
-566
-654
114
-89
-592
-224
-9
-602
-172
331
-24
-536
-8
58
-337
-264
61
-358
117
586
439
538
762
692
771
658
845
893
1094
1281
1485
1547
1393
1072
1327
1053
858
983
1227
1257
1196
982
765
639
769
528
173
277
478
322
538
510
540
481
683
560
213
408
564
192
45
270
589
469
726
972
1207
1475
1297
1378
1428
1151
1239
1663
1523
1253
1532
1597
1045
1272
1363
1181
1095
1270
1410
1209
1246
1424
962
924
893
667
355
354
302
171
168
73
245
271
200
427
189
354
421
118
230
456
476
608
798
813
775
846
1083
1097
920
1008
1383
1272
1119
1303
1439
1408
1453
1734
1486
1172
1241
1296
1294
1173
1223
1051
1134
979
906
398
397
354
368
28
92
130
459
416
172
206
120
191
374
355
439
596
693
780
763
1063
1032
826
840
1092
947
912
1004
808
876
675
413
474
806
621
474
640
752
806
527
288
507
490
210
259
527
405
422
607
630
733
874
1099
1076
1087
1206
1013
747
560
535
591
348
307
329
219
157
105
91
-63
-334
-359
-485
-620
-621
-645
-899
-868
-910
-885
-834
-765
-636
-535
-673
-591
-397
-412
-626
-484
-546
-544
-773
-806
-782
-922
-729
-700
-878
-565
-387
-561
-596
-332
-368
-436
-415
-497
-616
-538
-743
-1039
-752
-591
-776
-518
-392
-421
-619
-400
-525
-636
-805
-884
-832
-937
-944
-926
-943
-991
-848
-829
-1038
-1020
-1098
-1117
-1143
-1201
-1161
-1188
-1185
-1193
-1165
-1143
-1148
-1322
-1426
-1441
-1604
-1362
-1495
-1606
-1589
-1666
-1811
-1893
-1728
-1853
-1895
-1598
-1507
-1660
-1475
-1675
-1886
-1800
-1744
-1801
-1703
-1721
-1813
-1725
-1574
-1567
-1713
-1617
-1518
-1567
-1282
-1359
-1505
-1493
-1464
-1685
-1661
-1746
-1880
-1829
-1755
-1750
-1697
-1618
-1413
-1311
-1302
-1296
-1207
-1177
-1467
-1210
-1304
-1519
-1418
-1342
-1489
-1513
-1475
-1602
-1593
-1579
-1834
-1868
-1940
-2031
-2152
-1930
-1993
-1971
-1849
-1946
-2094
-2220
-2022
-2058
-2181
-2009
-1782
-1633
-1607
-1430
-1243
-1084
-825
-823
-769
-665
-744
-938
-841
-1063
-1098
-1012
-1116
-988
-799
-910
-952
-880
-915
-939
-998
-1132
-1256
-1423
-1602
-1727
-1647
-1684
-1907
-1941
-1866
-1736
-1681
-1633
-1697
-1683
-1659
-1564
-1401
-1139
-940
-621
-466
-390
-217
76
164
57
98
228
137
33
136
278
330
323
460
507
305
214
143
-37
-196
-308
-379
-394
-262
-329
-353
-181
-104
-65
-42
74
189
363
490
570
667
686
701
785
818
900
1005
931
842
863
749
664
728
795
776
745
704
603
464
244
18
-28
-129
-201
-195
-329
-429
-326
-279
-260
-219
-129
-25
32
90
189
275
282
269
364
373
349
457
525
419
514
722
863
892
949
884
703
617
505
472
278
77
30
-44
-97
-45
64
18
-76
-107
-152
-275
-404
-458
-497
-486
-349
-136
76
226
340
379
466
515
494
423
426
413
343
334
349
392
377
360
297
117
47
69
-17
-183
-301
-341
-353
-346
-395
-346
-182
12
106
187
412
754
907
939
975
895
859
933
1130
1280
1332
1293
1234
1107
942
825
662
497
396
166
-34
-156
-264
-315
-295
-305
-337
-273
-137
-115
-92
-14
7
-14
-6
46
79
126
185
193
196
334
545
674
820
995
998
876
788
641
406
167
15
-130
-272
-421
-501
-557
-614
-572
-426
-400
-428
-405
-460
-646
-816
-777
-651
-622
-673
-693
-602
-494
-413
-348
-294
-193
-71
-33
-24
69
118
90
80
54
-54
-172
-267
-393
-486
-585
-672
-715
-730
-710
-640
-615
-620
-562
-537
-522
-557
-628
-615
-644
-737
-856
-1043
-1117
-1081
-1100
-1163
-1175
-1080
-972
-942
-1044
-1103
-1119
-1167
-1229
-1298
-1345
-1442
-1497
-1457
-1413
-1467
-1603
-1668
-1657
-1585
-1554
-1562
-1540
-1527
-1556
-1504
-1391
-1267
-1237
-1205
-1029
-859
-851
-932
-978
-1056
-1169
-1212
-1212
-1216
-1141
-1010
-897
-751
-566
-521
-523
-480
-432
-459
-472
-467
-556
-743
-848
-861
-875
-983
-1111
-1224
-1439
-1562
-1542
-1545
-1573
-1509
-1492
-1553
-1499
-1381
-1483
-1655
-1682
-1605
-1491
-1286
-1081
-1030
-1033
-916
-788
-758
-738
-619
-523
-446
-372
-350
-333
-260
-282
-477
-762
-1003
-1144
-1245
-1268
-1283
-1411
-1527
-1524
-1459
-1386
-1277
-1261
-1361
-1391
-1290
-1211
-1200
-1037
-828
-743
-621
-352
-97
20
-2
-44
47
150
150
156
228
235
247
267
240
188
144
87
85
71
-41
-167
-147
34
129
89
166
293
253
231
354
425
361
353
439
534
603
670
731
809
898
970
1026
1169
1287
1324
1294
1353
1441
1503
1653
1719
1638
1654
1634
1559
1539
1513
1463
1435
1357
1226
1093
1071
1106
1080
1068
1077
1064
1134
1313
1473
1495
1487
1521
1535
1498
1481
1479
1434
1394
1384
1373
1386
1415
1431
1385
1302
1234
1207
1241
1236
1103
995
952
895
790
667
492
441
548
608
536
520
624
711
842
1031
1093
1023
1105
1315
1354
1286
1205
1152
1146
1143
1232
1317
1261
1205
1189
1245
1324
1294
1295
1375
1440
1413
1299
1336
1441
1456
1396
1278
1067
975
892
795
807
835
818
800
800
761
737
731
722
807
982
1100
1058
1017
1032
987
938
944
955
902
900
976
1018
1023
1073
1163
1334
1523
1610
1575
1499
1470
1551
1539
1448
1378
1381
1336
1196
1102
1089
1088
1088
1158
1153
1037
899
751
614
613
668
608
497
527
638
695
779
875
912
949
1043
1112
1081
1061
1115
1130
1138
1203
1222
1167
1163
1183
1078
947
892
804
723
647
508
334
288
318
267
209
335
446
445
491
532
528
572
671
725
724
756
849
856
808
875
1027
1096
1106
1154
1179
1068
1029
1041
1001
974
996
914
734
688
664
572
465
338
205
129
66
-4
71
208
279
321
374
498
555
624
694
649
589
459
276
255
296
284
220
243
253
238
278
254
171
165
226
140
5
-34
-140
-370
-575
-630
-661
-721
-705
-685
-733
-748
-755
-773
-710
-681
-725
-700
-667
-645
-643
-635
-684
-740
-749
-732
-719
-703
-670
-581
-520
-482
-397
-373
-381
-340
-277
-286
-297
-177
16
165
218
232
261
246
228
198
36
-199
-280
-306
-350
-396
-477
-556
-552
-454
-361
-322
-409
-530
-590
-665
-761
-903
-985
-927
-849
-765
-604
-509
-527
-436
-261
-209
-267
-299
-197
-76
-17
72
108
78
64
-12
-83
-72
-160
-320
-430
-530
-614
-603
-564
-580
-589
-583
-545
-499
-440
-388
-348
-396
-440
-478
-512
-570
-516
-432
-408
-347
-316
-273
-196
-90
-9
1
-1
70
143
194
274
210
19
-54
20
36
34
71
32
-21
1
80
183
298
418
564
663
792
933
979
1004
1101
1176
1162
1171
1177
1285
1408
1419
1462
1505
1441
1401
1421
1372
1321
1301
1217
1129
1129
1159
1177
1212
1187
1147
1221
1272
1232
1088
898
775
765
747
714
772
829
853
898
934
915
875
897
878
808
878
1032
1105
1122
1193
1210
1105
1091
1113
1096
1112
1088
1008
947
939
930
854
845
840
826
866
839
854
946
930
875
961
984
860
830
845
766
702
768
797
703
634
667
678
763
870
947
1032
1038
1022
1092
1150
1167
1173
1193
1248
1292
1272
1305
1411
1405
1323
1236
1079
983
1021
1072
1056
1074
1140
1198
1274
1295
1258
1189
1065
990
871
727
650
596
543
539
610
731
844
924
1028
1204
1327
1366
1421
1505
1566
1547
1509
1395
1239
1149
1123
1086
973
869
819
804
813
838
844
782
644
561
499
390
313
269
136
12
12
10
-31
-96
-64
117
320
441
576
760
951
1058
1125
1256
1383
1363
1294
1228
1121
1023
985
970
903
816
844
928
922
818
784
835
916
933
826
738
802
895
895
808
762
846
873
810
826
834
786
809
877
863
817
705
612
582
561
487
418
409
384
260
179
154
224
330
227
33
31
97
52
-6
38
51
-15
38
181
246
288
318
331
408
471
501
506
439
395
332
182
48
-27
-102
-146
-45
87
87
2
-55
-119
-158
-145
-162
-235
-207
-158
-213
-243
-220
-310
-438
-518
-638
-747
-797
-857
-976
-1051
-1046
-1075
-1096
-1050
-1044
-1022
-879
-712
-695
-701
-657
-570
-459
-352
-320
-296
-148
-9
42
55
59
53
47
90
132
184
251
264
222
231
218
191
115
11
26
129
110
-30
-175
-251
-366
-461
-527
-675
-895
-999
-1039
-1103
-1157
-1204
-1235
-1197
-1083
-965
-883
-781
-639
-504
-506
-567
-541
-511
-488
-453
-454
-448
-399
-453
-528
-473
-458
-569
-562
-435
-342
-242
-167
-212
-274
-320
-418
-519
-525
-485
-540
-657
-762
-769
-726
-691
-757
-809
-810
-796
-738
-671
-688
-751
-768
-749
-788
-774
-642
-587
-654
-664
-626
-609
-564
-463
-473
-569
-615
-620
-595
-494
-393
-291
-150
-12
148
319
494
611
687
807
922
969
976
989
992
1001
1045
1047
1009
1049
1103
1110
1047
962
920
921
917
880
872
891
830
745
684
567
409
319
277
167
5
-77
-71
-41
-2
-5
-18
40
208
327
319
311
414
567
647
639
673
767
837
923
1037
1055
1002
1003
1022
949
856
799
725
619
552
540
502
432
330
240
177
204
237
192
140
128
98
49
39
61
36
46
155
236
261
374
561
692
741
767
775
840
940
989
1013
949
897
906
873
744
644
607
525
415
301
275
339
388
385
409
492
601
738
907
1091
1226
1343
1472
1551
1623
1649
1689
1770
1805
1774
1747
1681
1508
1358
1237
1084
928
801
718
705
662
578
509
367
171
37
-83
-154
-183
-235
-272
-165
-40
78
238
363
456
591
754
906
1025
1073
1088
1096
1103
1120
1205
1311
1325
1247
1161
1074
933
834
799
712
638
617
514
356
291
253
175
173
249
273
211
196
206
189
252
355
426
512
650
805
903
955
1025
1150
1281
1372
1500
1639
1707
1769
1818
1848
1877
1870
1893
1920
1857
1776
1754
1695
1593
1513
1426
1307
1198
1037
864
727
645
572
490
439
455
528
608
581
514
449
430
428
385
337
240
204
217
176
137
157
124
-1
-89
-57
-101
-175
-154
-113
-104
-124
-189
-275
-421
-590
-699
-737
-820
-927
-1001
-1026
-1013
-956
-955
-1028
-1050
-964
-942
-978
-996
-982
-929
-873
-857
-875
-898
-913
-870
-899
-997
-1054
-1043
-1103
-1212
-1388
-1581
-1728
-1773
-1798
-1912
-2028
-2088
-2126
-2189
-2284
-2367
-2481
-2597
-2630
-2619
-2617
-2564
-2490
-2480
-2412
-2236
-2092
-1932
-1623
-1336
-1202
-1035
-841
-729
-594
-387
-371
-423
-317
-285
-358
-370
-417
-564
-717
-837
-954
-1038
-1071
-1153
-1339
-1575
-1747
-1818
-1855
-1886
-1889
-1918
-1978
-1967
-1886
-1880
-1846
-1729
-1664
-1667
-1632
-1592
-1546
-1438
-1311
-1310
-1339
-1342
-1311
-1268
-1250
-1202
-1103
-1062
-1114
-1080
-955
-886
-849
-827
-936
-1048
-1076
-1108
-1115
-1072
-1075
-1089
-1062
-1041
-1033
-966
-892
-841
-854
-930
-906
-781
-671
-597
-602
-653
-684
-707
-757
-802
-816
-852
-939
-963
-910
-928
-955
-933
-841
-737
-662
-573
-439
-351
-321
-293
-272
-273
-292
-230
-118
-66
10
104
137
217
373
494
551
590
666
742
740
673
646
663
685
717
708
664
645
592
482
377
326
233
74
-64
-190
-293
-288
-265
-322
-350
-242
-137
-160
-263
-317
-305
-258
-288
-332
-280
-180
-163
-78
50
86
119
197
246
319
446
492
423
395
428
416
394
333
213
81
21
31
-7
-94
-124
-145
-170
-188
-190
-174
-159
-231
-232
-148
-144
-224
-280
-255
-153
-71
-87
-151
-185
-258
-317
-332
-349
-370
-365
-355
-391
-374
-302
-193
-82
81
238
344
385
440
506
580
666
751
771
734
722
792
873
838
809
880
933
929
978
1021
1038
1019
1009
1022
1020
1016
953
817
748
697
548
371
256
141
-35
-150
-219
-237
-183
-106
-79
-2
170
343
472
543
617
748
864
896
931
1013
1051
1057
1143
1215
1133
1078
1170
1281
1334
1404
1474
1475
1484
1449
1296
1154
1034
909
750
598
545
532
488
479
503
473
441
485
535
439
323
311
367
377
385
434
470
422
296
187
99
30
-6
-53
-68
-124
-216
-247
-240
-279
-316
-320
-343
-381
-321
-226
-260
-254
-112
-2
31
73
152
169
125
46
-9
-28
-94
-176
-265
-310
-357
-433
-479
-534
-566
-555
-635
-742
-866
-985
-1044
-1064
-1114
-1159
-1206
-1278
-1325
-1352
-1412
-1440
-1420
-1370
-1290
-1192
-1168
-1187
-1177
-1171
-1208
-1191
-1088
-996
-914
-837
-806
-847
-864
-867
-892
-973
-1040
-1048
-1094
-1113
-1081
-1150
-1263
-1273
-1257
-1305
-1319
-1249
-1166
-1133
-1158
-1188
-1173
-1109
-1075
-1121
-1236
-1378
-1470
-1466
-1469
-1526
-1541
-1554
-1540
-1530
-1508
-1394
-1264
-1211
-1172
-1137
-1161
-1225
-1233
-1161
-1196
-1310
-1418
-1559
-1635
-1657
-1676
-1705
-1718
-1727
-1722
-1664
-1523
-1348
-1266
-1263
-1181
-1019
-879
-797
-693
-636
-680
-713
-759
-801
-778
-759
-767
-746
-729
-737
-757
-762
-740
-749
-839
-933
-926
-862
-872
-954
-1071
-1174
-1268
-1270
-1175
-1119
-1106
-1045
-981
-979
-974
-916
-848
-795
-760
-686
-608
-522
-393
-246
-120
-22
64
165
231
254
273
282
226
148
59
-2
15
26
-22
-110
-179
-204
-169
-184
-252
-340
-420
-508
-620
-724
-820
-834
-813
-810
-858
-901
-822
-671
-552
-469
-408
-322
-188
-79
-68
-124
-136
3
224
394
497
538
598
708
788
798
833
984
1147
1169
1077
968
919
894
872
835
752
678
669
680
651
608
570
529
493
420
366
356
338
265
182
169
188
207
234
302
397
473
542
590
603
541
447
391
396
380
350
397
499
552
573
649
770
830
878
978
1082
1182
1231
1230
1239
1269
1357
1455
1445
1347
1279
1230
1178
1113
1019
879
731
718
778
748
701
744
739
651
536
392
249
157
91
57
64
85
68
54
67
108
113
78
122
206
273
302
323
369
362
248
171
178
183
145
157
227
286
344
495
641
691
702
765
860
997
1140
1194
1271
1427
1511
1547
1641
1681
1681
1668
1687
1648
1537
1434
1337
1186
973
713
505
403
291
174
94
-8
-105
-147
-194
-263
-283
-244
-235
-280
-230
-99
-38
12
163
354
516
673
840
1028
1234
1380
1489
1637
1767
1838
1918
1991
2032
2042
2055
1997
1931
1855
1705
1490
1306
1103
852
684
574
406
255
136
56
-42
-138
-218
-285
-324
-337
-352
-381
-336
-205
-59
58
189
303
382
421
462
535
623
666
692
728
739
774
840
870
864
817
711
625
631
600
498
420
341
242
171
123
22
-151
-287
-404
-548
-677
-787
-894
-1008
-1046
-1082
-1177
-1259
-1217
-1167
-1144
-1164
-1211
-1254
-1310
-1366
-1383
-1454
-1547
-1602
-1623
-1649
-1638
-1624
-1666
-1646
-1560
-1483
-1425
-1381
-1371
-1378
-1369
-1348
-1332
-1372
-1459
-1531
-1593
-1617
-1593
-1592
-1604
-1614
-1650
-1689
-1658
-1566
-1531
-1513
-1444
-1419
-1461
-1508
-1570
-1636
-1689
-1677
-1667
-1728
-1784
-1818
-1820
-1846
-1910
-1879
-1784
-1733
-1752
-1780
-1792
-1820
-1832
-1823
-1812
-1776
-1705
-1657
-1624
-1547
-1496
-1445
-1373
-1252
-1133
-973
-830
-688
-539
-404
-298
-224
-204
-222
-254
-302
-393
-515
-605
-699
-812
-870
-867
-883
-996
-1139
-1258
-1354
-1429
-1487
-1482
-1497
-1568
-1661
-1720
-1686
-1639
-1672
-1695
-1692
-1757
-1854
-1867
-1878
-1868
-1809
-1772
-1780
-1731
-1552
-1360
-1198
-1013
-827
-697
-592
-446
-237
-79
-41
-12
40
86
136
209
280
325
351
394
453
509
487
450
409
337
193
48
-7
6
-47
-160
-237
-240
-248
-258
-254
-252
-255
-248
-226
-167
-51
64
143
154
164
228
342
465
525
541
630
718
759
769
801
836
850
912
916
877
906
914
911
838
737
708
753
800
834
775
655
606
644
625
569
557
514
442
377
307
281
320
314
244
244
239
186
153
129
132
175
240
269
235
160
119
81
57
46
19
-16
-24
2
64
147
255
301
267
319
435
522
574
607
651
606
486
508
616
642
638
675
711
727
756
762
689
624
624
631
600
631
740
818
822
798
779
755
731
726
721
687
670
701
677
628
641
673
685
695
702
728
786
831
825
810
837
883
891
872
877
849
801
783
732
662
649
645
622
635
652
638
612
635
665
605
541
489
440
454
509
501
447
403
394
413
361
232
175
170
144
134
157
126
87
164
202
161
135
142
113
59
-16
-71
-37
43
68
95
133
159
198
249
267
304
394
517
614
651
645
676
744
815
855
861
814
725
667
652
673
675
647
596
542
480
409
368
320
229
145
97
24
-104
-200
-224
-232
-252
-319
-370
-326
-250
-236
-252
-278
-234
-190
-174
-142
-81
9
88
173
277
393
479
497
491
476
442
387
365
385
362
296
257
259
240
156
51
-40
-107
-217
-371
-475
-546
-624
-674
-717
-809
-866
-926
-1014
-1154
-1269
-1311
-1355
-1410
-1433
-1413
-1437
-1496
-1487
-1385
-1302
-1232
-1140
-1058
-1040
-1063
-1112
-1126
-1125
-1164
-1270
-1341
-1371
-1421
-1526
-1561
-1505
-1462
-1516
-1574
-1524
-1435
-1387
-1349
-1271
-1168
-1015
-881
-816
-733
-613
-531
-508
-521
-517
-482
-487
-539
-582
-713
-873
-975
-1017
-1084
-1179
-1270
-1365
-1402
-1338
-1238
-1189
-1261
-1306
-1230
-1180
-1211
-1183
-1073
-1012
-1033
-1081
-1088
-1021
-943
-880
-814
-756
-706
-580
-380
-201
-82
42
125
126
118
184
305
381
418
394
287
230
276
324
256
105
33
4
-10
20
6
-83
-184
-347
-494
-518
-493
-480
-481
-512
-542
-512
-406
-341
-347
-407
-433
-393
-346
-359
-379
-340
-243
-160
-103
-77
23
200
339
418
486
559
704
871
961
1004
1082
1145
1212
1266
1291
1324
1344
1325
1266
1225
1200
1135
1072
1015
887
768
707
659
638
620
574
521
503
566
609
637
696
736
799
861
908
996
1166
1347
1451
1494
1584
1676
1736
1766
1776
1797
1805
1782
1736
1757
1790
1733
1686
1714
1717
1697
1645
1613
1587
1524
1425
1338
1328
1293
1164
1045
954
838
732
695
705
699
704
748
819
810
721
696
760
763
658
565
556
643
709
720
681
650
657
635
577
539
566
660
673
594
531
592
704
725
685
653
704
786
825
834
847
876
906
899
922
939
904
900
911
894
840
796
763
711
680
653
568
523
545
552
538
551
563
548
554
538
500
477
482
493
433
367
401
463
495
522
555
661
775
794
796
891
978
1045
1140
1239
1307
1366
1440
1468
1495
1551
1529
1483
1533
1562
1495
1416
1300
1199
1116
1005
845
635
503
423
312
121
-51
-172
-227
-325
-402
-446
-424
-380
-308
-273
-230
-222
-198
-165
-132
-152
-125
-71
-7
107
234
300
389
502
583
618
621
694
768
833
888
872
805
797
765
714
677
643
582
519
409
307
293
288
258
197
144
114
108
88
53
-2
13
65
45
-65
-128
-156
-171
-182
-234
-268
-237
-252
-329
-383
-398
-434
-483
-547
-584
-548
-524
-492
-405
-311
-251
-194
-97
27
97
102
104
96
126
165
158
109
60
-14
-128
-232
-261
-307
-403
-489
-613
-744
-915
-1070
-1197
-1360
-1460
-1457
-1520
-1575
-1522
-1490
-1524
-1516
-1444
-1420
-1441
-1457
-1506
-1525
-1454
-1348
-1306
-1350
-1378
-1351
-1218
-1097
-1060
-1015
-960
-941
-961
-965
-939
-954
-1024
-1060
-1122
-1241
-1314
-1336
-1424
-1524
-1653
-1814
-1893
-1922
-2033
-2090
-2071
-2057
-2075
-2113
-2182
-2195
-2143
-2092
-2107
-2130
-2143
-2125
-2071
-2021
-1993
-1994
-1996
-1940
-1753
-1594
-1525
-1477
-1457
-1464
-1402
-1277
-1223
-1245
-1195
-1039
-949
-967
-892
-757
-638
-610
-675
-671
-519
-324
-200
-174
-148
-96
-70
-69
-74
-91
-137
-219
-244
-170
-118
-149
-225
-255
-302
-380
-389
-367
-403
-441
-458
-462
-504
-552
-521
-477
-480
-465
-432
-353
-242
-168
-75
126
259
304
415
583
756
941
1025
1063
1150
1302
1482
1539
1470
1406
1425
1465
1449
1334
1234
1230
1266
1223
1151
1114
1176
1211
1164
1107
1089
1109
1131
1088
1052
1012
882
828
846
870
875
838
792
813
848
856
820
784
826
946
968
914
939
1086
1266
1388
1401
1401
1535
1780
1912
1918
1936
2095
2262
2286
2292
2284
2250
2218
2173
2110
2016
1920
1908
1898
1800
1661
1548
1463
1396
1411
1411
1370
1388
1419
1380
1331
1312
1287
1268
1299
1316
1247
1176
1174
1237
1305
1396
1463
1517
1510
1502
1526
1536
1495
1458
1421
1438
1486
1448
1373
1307
1275
1229
1196
1113
987
849
752
685
620
508
430
367
228
61
-65
-150
-207
-259
-275
-310
-304
-186
-80
-74
-75
51
151
121
21
42
157
287
352
322
319
383
442
476
492
627
724
704
692
735
806
856
887
917
955
1056
1139
1164
1237
1286
1256
1194
1169
1147
1103
1068
1062
961
785
728
747
726
661
605
562
594
611
554
468
457
517
555
496
422
500
600
637
674
695
722
743
755
743
734
832
954
936
873
906
959
987
964
954
947
882
768
660
597
527
483
448
312
113
-6
-1
77
98
68
38
16
72
107
53
6
43
54
3
49
150
186
109
8
-79
-94
-50
-38
-75
-103
-92
-125
-169
-227
-275
-313
-348
-348
-332
-315
-266
-163
-139
-133
-41
18
-17
-69
-33
26
113
171
163
215
279
309
296
201
124
161
220
108
-20
-82
-131
-221
-389
-558
-670
-778
-850
-880
-956
-1081
-1116
-1088
-1113
-1150
-1160
-1160
-1183
-1209
-1193
-1243
-1307
-1212
-1122
-1117
-1147
-1145
-1087
-1051
-1072
-1049
-942
-824
-769
-741
-721
-714
-739
-858
-980
-1077
-1184
-1317
-1491
-1632
-1722
-1901
-2095
-2202
-2270
-2338
-2406
-2406
-2380
-2396
-2364
-2302
-2244
-2192
-2155
-2118
-2103
-2100
-2124
-2113
-2065
-2014
-1953
-1847
-1766
-1607
-1397
-1188
-1037
-917
-755
-678
-717
-680
-497
-387
-360
-402
-375
-232
-140
-130
-127
-206
-280
-280
-344
-516
-667
-688
-701
-866
-1049
-1100
-1056
-1012
-1087
-1237
-1288
-1212
-1194
-1216
-1158
-1030
-974
-1002
-996
-861
-704
-595
-521
-485
-413
-207
-79
-98
-64
137
378
478
441
466
590
697
745
768
770
777
875
937
892
781
759
870
963
876
745
711
672
600
566
602
579
549
553
539
552
587
648
679
706
724
788
855
881
853
833
856
906
969
1082
1189
1191
1231
1352
1475
1575
1652
1696
1735
1727
1763
1845
1850
1811
1805
1774
1738
1735
1701
1650
1634
1655
1674
1616
1517
1485
1449
1325
1271
1255
1229
1231
1184
1054
959
1037
1164
1172
1172
1234
1294
1287
1244
1210
1178
1124
1028
974
949
879
847
900
876
746
654
635
666
624
554
526
542
524
465
447
483
514
455
435
466
380
249
193
125
53
6
-20
-3
14
-41
-102
-125
-180
-271
-253
-196
-163
-185
-158
-155
-195
-176
-210
-243
-187
-116
-141
-235
-247
-127
-44
-19
13
131
262
334
341
365
479
626
629
594
644
734
772
818
838
748
686
729
747
666
643
700
713
618
602
654
594
418
289
236
168
60
-7
-80
-147
-222
-217
-152
-206
-317
-269
-205
-259
-236
-128
-89
-103
-47
61
122
72
47
150
244
280
320
352
339
332
385
431
380
399
463
478
468
390
317
288
234
130
26
-77
-211
-328
-349
-352
-451
-598
-662
-702
-793
-868
-811
-681
-644
-682
-595
-376
-229
-110
-33
7
73
152
223
244
161
131
159
138
124
177
213
172
176
265
267
256
273
289
248
194
188
205
174
107
107
111
72
37
11
-63
-180
-196
-204
-330
-456
-484
-458
-464
-502
-570
-597
-617
-705
-746
-713
-751
-821
-780
-698
-746
-821
-841
-841
-825
-814
-849
-901
-987
-1014
-1004
-1117
-1265
-1316
-1316
-1307
-1346
-1428
-1506
-1541
-1577
-1517
-1417
-1493
-1588
-1602
-1638
-1623
-1564
-1556
-1617
-1704
-1704
-1653
-1695
-1760
-1732
-1737
-1740
-1671
-1618
-1639
-1636
-1690
-1685
-1644
-1620
-1566
-1546
-1546
-1512
-1586
-1695
-1698
-1669
-1634
-1646
-1661
-1608
-1563
-1533
-1570
-1611
-1548
-1475
-1422
-1363
-1236
-1135
-1064
-945
-851
-798
-806
-829
-770
-702
-666
-689
-711
-728
-779
-860
-889
-926
-1042
-1127
-1135
-1147
-1167
-1184
-1273
-1386
-1392
-1300
-1268
-1283
-1158
-1043
-1022
-938
-772
-636
-538
-509
-572
-690
-684
-553
-459
-449
-411
-336
-311
-312
-308
-305
-262
-193
-174
-149
-178
-183
-90
-54
-142
-166
-65
-6
-78
-95
4
37
-62
-83
62
163
159
135
182
291
377
427
488
533
592
715
780
814
873
964
1058
1073
1058
1077
1113
1143
1170
1214
1285
1291
1230
1252
1297
1232
1207
1251
1252
1221
1263
1318
1317
1272
1329
1417
1448
1421
1393
1412
1420
1406
1440
1476
1435
1409
1372
1285
1257
1261
1237
1244
1256
1275
1316
1336
1309
1319
1413
1481
1483
1419
1401
1342
1252
1211
1203
1150
1104
1100
1033
856
677
609
601
543
397
244
147
129
108
87
83
80
83
125
53
-76
-46
-15
-32
-26
-72
-59
82
169
195
266
276
215
188
174
153
122
42
-46
-140
-223
-266
-323
-416
-486
-518
-515
-506
-497
-457
-422
-406
-461
-498
-507
-510
-431
-397
-447
-457
-423
-396
-341
-237
-146
-39
109
170
204
316
441
443
398
402
423
398
385
426
374
251
259
272
200
127
83
17
-62
-98
-124
-122
-97
-53
-46
-111
-191
-243
-242
-273
-354
-404
-293
-206
-255
-333
-362
-385
-401
-416
-483
-551
-631
-603
-538
-432
-429
-429
-370
-343
-296
-248
-215
-277
-271
-252
-225
-284
-299
-280
-281
-327
-350
-364
-392
-381
-419
-445
-494
-505
-546
-542
-468
-412
-443
-504
-519
-446
-397
-461
-579
-609
-573
-603
-712
-716
-579
-477
-501
-528
-542
-532
-491
-441
-514
-642
-728
-667
-607
-747
-820
-780
-651
-597
-552
-475
-368
-345
-383
-391
-371
-358
-318
-253
-228
-276
-379
-440
-524
-614
-639
-729
-926
-1076
-1146
-1213
-1338
-1470
-1648
-1726
-1724
-1681
-1635
-1696
-1765
-1719
-1638
-1622
-1661
-1591
-1506
-1515
-1571
-1580
-1615
-1662
-1664
-1652
-1646
-1565
-1448
-1433
-1420
-1343
-1249
-1113
-1116
-1208
-1202
-1165
-1161
-1217
-1347
-1429
-1443
-1534
-1649
-1716
-1758
-1744
-1813
-1909
-1881
-1773
-1705
-1811
-1913
-1932
-1927
-1935
-2009
-2103
-2031
-1936
-1989
-2097
-2050
-1852
-1810
-1928
-2027
-1933
-1731
-1512
-1473
-1407
-1248
-1110
-1054
-988
-874
-713
-575
-491
-400
-304
-243
-184
-210
-281
-382
-537
-667
-756
-851
-1010
-1044
-968
-1064
-1179
-1157
-1070
-1048
-1164
-1246
-1284
-1338
-1353
-1300
-1258
-1246
-1269
-1263
-1195
-1127
-1107
-1136
-1080
-1017
-950
-811
-649
-541
-446
-380
-329
-262
-128
-11
40
57
150
183
226
337
338
277
330
316
325
488
639
720
721
767
791
803
828
848
840
863
889
873
796
822
864
938
1012
999
992
1035
1042
989
967
1001
1162
1343
1324
1228
1299
1370
1283
1248
1289
1359
1371
1305
1313
1327
1325
1282
1311
1406
1482
1558
1598
1669
1806
1883
1807
1712
1726
1829
1874
1901
1833
1748
1736
1774
1774
1639
1491
1412
1356
1299
1183
1026
965
924
854
833
787
660
590
569
461
329
278
307
289
163
133
231
271
276
312
327
330
306
211
170
139
149
100
51
94
210
296
295
350
492
622
704
800
768
748
817
804
674
559
577
529
464
458
455
366
250
256
285
155
20
-22
-121
-155
-74
-38
-43
12
80
97
88
80
166
256
249
229
288
399
492
615
754
752
767
874
897
860
871
917
984
926
851
822
809
757
661
595
601
602
492
334
330
401
386
356
379
421
476
533
646
710
674
658
694
601
498
495
454
370
274
215
260
309
299
326
335
234
188
156
97
81
138
121
54
41
69
87
74
85
51
34
47
38
84
154
253
371
506
569
581
608
669
745
727
637
540
515
498
439
386
318
193
123
178
227
311
381
374
344
325
255
188
132
40
-26
-52
-56
-60
-169
-315
-422
-439
-495
-568
-577
-562
-530
-509
-546
-570
-519
-542
-554
-596
-628
-543
-561
-614
-604
-574
-652
-823
-913
-882
-846
-875
-985
-1133
-1157
-1086
-1097
-1141
-1146
-1110
-1072
-1170
-1301
-1337
-1392
-1526
-1639
-1731
-1808
-1850
-1908
-2006
-2020
-2035
-2194
-2247
-2176
-2154
-2131
-2075
-1984
-1911
-1852
-1765
-1650
-1588
-1522
-1511
-1531
-1460
-1314
-1170
-1088
-1098
-1080
-934
-877
-982
-999
-888
-755
-832
-880
-819
-736
-742
-752
-669
-586
-663
-794
-882
-894
-866
-881
-866
-943
-1090
-1063
-964
-973
-998
-928
-888
-892
-919
-857
-777
-721
-726
-725
-695
-670
-607
-545
-582
-698
-796
-862
-900
-844
-687
-626
-714
-735
-557
-497
-452
-385
-334
-367
-378
-374
-458
-581
-552
-427
-374
-393
-263
-14
113
103
111
197
314
375
356
369
405
494
572
638
676
709
683
646
618
711
736
633
607
678
693
602
545
579
677
762
763
731
742
709
637
688
738
602
522
622
672
635
674
701
729
785
759
758
808
815
773
755
709
715
773
861
857
791
820
803
753
793
839
810
734
699
722
772
842
851
796
749
794
840
845
926
959
882
913
1033
1043
962
943
977
928
898
961
941
910
932
1030
1091
1046
1018
1109
1143
1033
937
919
995
962
804
680
655
602
504
446
322
171
117
146
180
153
187
268
367
407
446
521
570
513
586
735
710
605
693
872
903
878
940
1024
966
964
988
992
992
895
810
785
752
714
753
741
617
497
430
330
224
188
127
58
-10
-71
-46
-28
-136
-149
-11
24
66
98
108
138
207
264
297
237
75
38
67
40
88
182
184
237
409
554
657
725
795
828
870
903
885
856
898
910
836
850
830
723
628
587
544
569
539
433
416
454
389
335
450
529
547
589
582
463
331
252
238
242
226
213
188
116
57
159
241
133
68
41
128
235
204
121
56
33
36
-8
-141
-209
-240
-265
-251
-283
-309
-161
-15
-2
58
182
288
388
417
417
409
408
383
299
223
258
310
252
123
-12
-82
-70
-149
-297
-322
-321
-427
-451
-420
-480
-492
-408
-307
-314
-359
-346
-328
-372
-400
-487
-622
-701
-696
-695
-691
-726
-767
-655
-486
-362
-356
-442
-434
-332
-250
-211
-143
-139
-194
-223
-215
-262
-326
-345
-380
-456
-511
-591
-718
-794
-726
-726
-830
-906
-912
-862
-810
-737
-648
-660
-697
-666
-668
-673
-647
-589
-552
-615
-716
-734
-661
-661
-722
-729
-748
-824
-809
-735
-730
-793
-801
-775
-823
-864
-853
-876
-961
-1006
-905
-786
-645
-567
-589
-573
-464
-405
-423
-465
-508
-546
-508
-453
-449
-434
-339
-286
-385
-572
-673
-677
-605
-617
-698
-757
-745
-649
-509
-409
-320
-255
-232
-248
-235
-170
-86
-38
-100
-230
-257
-262
-282
-277
-273
-239
-213
-278
-263
-170
-109
-96
-40
-33
-39
56
73
17
-43
-81
-93
-121
-125
-110
-137
-165
-140
-177
-259
-301
-221
-70
36
49
158
383
444
440
537
596
529
508
562
613
615
621
623
619
634
743
856
845
816
825
849
889
893
888
879
901
914
950
1007
1035
1024
989
1008
1031
957
788
742
781
765
762
734
660
755
950
1048
989
936
958
939
877
867
851
871
915
987
1010
890
778
855
998
970
853
806
875
927
962
948
992
1089
1106
1046
1020
1088
1151
1124
1065
1054
1152
1275
1241
1156
1148
1165
1218
1235
1279
1344
1359
1368
1536
1674
1665
1603
1634
1662
1591
1555
1572
1559
1559
1621
1697
1718
1639
1583
1580
1539
1506
1457
1379
1328
1351
1383
1351
1240
1118
1108
1130
1059
1008
1073
1115
1039
981
987
995
1037
1096
1103
1176
1263
1251
1179
1185
1177
1181
1078
906
922
1038
1100
1090
1136
1155
1182
1188
1155
1112
1096
1142
1169
1139
1097
994
958
975
1006
951
802
700
557
429
344
285
241
218
218
196
196
252
297
291
263
266
306
354
408
504
597
590
594
683
715
677
659
648
575
541
590
589
542
514
535
530
497
433
307
262
344
410
373
300
158
70
67
24
9
93
201
213
195
216
292
380
391
468
555
548
503
511
480
488
469
415
380
313
281
244
247
213
152
145
135
94
90
45
-74
-167
-137
-138
-171
-247
-363
-473
-486
-477
-493
-495
-493
-529
-534
-547
-564
-621
-661
-718
-767
-766
-751
-788
-934
-1075
-1089
-1049
-1051
-1106
-1134
-1030
-915
-896
-987
-977
-893
-874
-962
-943
-833
-781
-822
-843
-841
-883
-971
-992
-1066
-1132
-1101
-1082
-1178
-1249
-1193
-1128
-1101
-1059
-971
-881
-838
-872
-942
-1025
-1015
-932
-895
-929
-928
-890
-797
-654
-611
-672
-680
-574
-468
-484
-553
-629
-715
-715
-642
-564
-571
-550
-464
-458
-499
-355
-251
-273
-313
-379
-397
-379
-386
-368
-289
-263
-251
-170
-162
-214
-165
-158
-262
-385
-434
-429
-451
-515
-456
-276
-245
-331
-285
-170
-145
-176
-256
-376
-367
-314
-286
-366
-448
-422
-304
-260
-216
-87
21
-3
-68
-34
68
212
204
131
82
95
54
-68
-105
-50
-68
-155
-145
-113
-159
-154
-100
-34
30
16
-11
120
298
311
199
142
191
295
443
529
562
677
765
867
1050
1164
1153
1226
1345
1336
1273
1280
1280
1258
1245
1237
1256
1207
1124
1080
1011
910
719
587
551
586
553
410
334
382
401
370
264
260
351
390
318
204
190
341
452
461
508
631
671
694
837
927
898
932
952
890
840
895
919
855
752
717
738
760
790
729
699
673
594
522
443
407
436
410
315
322
502
581
540
578
633
598
552
486
444
354
292
326
406
392
415
447
429
426
494
575
592
564
526
594
670
682
680
720
825
919
986
1082
1185
1260
1310
1381
1427
1406
1402
1399
1318
1268
1326
1391
1420
1462
1490
1443
1455
1388
1246
1132
1110
1058
985
925
907
914
856
857
891
825
713
703
721
721
704
667
583
502
495
496
450
429
496
573
655
617
517
522
627
736
773
773
727
771
884
899
857
821
761
731
726
724
739
797
832
754
670
676
725
654
506
390
337
274
141
-4
-90
-147
-148
-95
-113
-147
-48
56
35
-47
-121
-150
-136
-132
-125
-115
-59
47
74
121
250
326
309
387
475
473
398
380
420
391
340
305
253
174
201
306
228
99
25
-17
-53
-101
-161
-266
-483
-645
-681
-719
-809
-940
-1116
-1291
-1333
-1337
-1410
-1491
-1586
-1667
-1607
-1494
-1472
-1536
-1528
-1478
-1460
-1465
-1386
-1309
-1329
-1385
-1386
-1248
-1115
-1126
-1090
-960
-879
-895
-885
-872
-888
-867
-796
-770
-824
-825
-772
-783
-826
-792
-707
-627
-592
-595
-581
-561
-575
-633
-698
-786
-889
-969
-1023
-1020
-966
-933
-990
-1122
-1180
-1173
-1195
-1236
-1231
-1241
-1280
-1335
-1317
-1262
-1241
-1260
-1286
-1331
-1384
-1478
-1526
-1463
-1440
-1449
-1344
-1175
-1062
-1029
-1049
-1094
-1105
-1061
-962
-963
-1057
-1122
-1109
-1089
-1157
-1219
-1177
-1092
-1103
-1123
-1119
-1130
-1157
-1180
-1247
-1323
-1416
-1424
-1391
-1410
-1448
-1483
-1500
-1567
-1608
-1611
-1567
-1500
-1434
-1430
-1473
-1477
-1337
-1205
-1136
-1057
-962
-912
-815
-681
-618
-530
-394
-347
-308
-171
-47
-42
-115
-193
-168
-98
3
38
-55
-95
11
64
68
94
122
118
37
-30
-61
-101
-125
-160
-240
-364
-461
-487
-492
-468
-502
-550
-544
-504
-453
-417
-388
-396
-399
-355
-276
-233
-212
-189
-100
-20
34
96
150
210
258
270
230
127
122
231
364
401
346
362
468
453
326
306
375
414
416
421
521
635
654
642
583
538
589
693
795
883
944
905
832
813
828
857
853
861
944
1057
1103
1068
1020
984
995
1061
1093
1083
1141
1260
1318
1275
1205
1164
1210
1249
1252
1201
1179
1121
1025
1031
1072
1049
986
1105
1263
1243
1218
1255
1295
1299
1227
1157
1133
1134
1130
1197
1226
1190
1161
1146
1149
1201
1182
1101
1067
1069
1087
1048
957
935
1011
1004
957
985
1042
1030
924
920
973
913
787
699
757
859
820
704
666
701
712
729
733
759
792
891
970
971
899
900
1006
1060
1077
1061
1006
948
924
898
870
817
809
848
905
1004
1101
1108
1110
1205
1305
1296
1350
1364
1321
1305
1270
1118
975
1029
1102
1108
1047
991
933
863
818
804
826
782
675
560
492
455
409
381
302
177
131
171
191
190
134
19
-69
-95
-120
-125
-170
-236
-198
-119
-95
-153
-189
-146
-32
97
84
-59
-137
-35
128
142
79
-5
5
29
3
-15
-22
-138
-259
-280
-280
-292
-308
-338
-390
-403
-374
-365
-420
-547
-658
-736
-716
-711
-727
-743
-796
-835
-828
-833
-939
-1090
-1210
-1303
-1353
-1319
-1307
-1310
-1309
-1286
-1235
-1160
-1025
-888
-836
-886
-888
-778
-726
-822
-912
-859
-761
-732
-734
-721
-671
-560
-475
-473
-515
-596
-718
-750
-670
-642
-739
-825
-883
-837
-728
-664
-718
-793
-849
-861
-808
-830
-903
-884
-837
-760
-648
-605
-657
-759
-783
-755
-795
-895
-979
-1083
-1142
-1107
-1116
-1141
-1176
-1183
-1128
-1040
-967
-970
-988
-962
-1016
-1115
-1049
-994
-1052
-1054
-958
-902
-876
-824
-827
-855
-893
-929
-920
-962
-1028
-977
-872
-923
-941
-925
-968
-1020
-1035
-1048
-1067
-1146
-1256
-1278
-1305
-1358
-1367
-1325
-1234
-1234
-1314
-1318
-1268
-1331
-1489
-1599
-1655
-1693
-1609
-1517
-1494
-1503
-1474
-1437
-1406
-1351
-1343
-1350
-1382
-1402
-1358
-1300
-1280
-1256
-1284
-1370
-1354
-1298
-1267
-1281
-1283
-1245
-1182
-1149
-1150
-1128
-1103
-1050
-948
-800
-673
-559
-448
-407
-422
-371
-224
-23
80
5
-71
23
84
31
-25
-30
52
101
112
76
-5
-108
-111
-36
3
-35
-95
-181
-134
4
-47
-212
-282
-219
-179
-110
-65
39
117
175
245
290
360
441
460
449
511
656
653
589
623
692
705
700
761
817
836
916
984
963
896
863
797
647
601
671
618
576
626
636
628
658
693
717
737
713
700
626
553
546
513
379
364
430
412
388
402
416
393
348
301
255
205
177
197
245
222
101
9
54
123
161
154
168
226
317
371
450
492
459
358
327
485
626
545
454
444
397
395
441
413
367
405
436
440
433
471
576
595
548
571
577
566
589
579
544
474
413
446
482
514
574
605
599
559
492
410
367
320
315
284
192
86
-24
-63
-57
-24
-75
-165
-275
-385
-440
-466
-557
-621
-705
-768
-755
-589
-477
-505
-641
-756
-762
-641
-539
-457
-394
-370
-341
-164
26
82
5
-66
-44
47
58
2
14
68
-1
-122
-143
-150
-198
-248
-274
-326
-453
-579
-611
-673
-718
-652
-629
-728
-754
-770
-738
-644
-593
-631
-670
-581
-514
-598
-675
-787
-880
-865
-837
-809
-713
-618
-554
-541
-565
-586
-588
-538
-540
-578
-602
-570
-488
-394
-408
-476
-432
-444
-533
-484
-358
-322
-287
-269
-241
-230
-207
-164
-165
-183
-184
-261
-338
-420
-526
-611
-661
-717
-757
-717
-789
-911
-979
-1058
-1098
-1104
-1167
-1201
-1205
-1193
-1202
-1226
-1240
-1219
-1172
-1149
-1138
-1147
-1171
-1209
-1178
-1074
-963
-920
-938
-966
-989
-928
-790
-767
-825
-827
-784
-716
-650
-612
-643
-688
-656
-566
-571
-622
-637
-652
-737
-818
-762
-738
-802
-833
-880
-975
-965
-923
-924
-931
-923
-867
-877
-966
-1061
-1115
-1124
-1149
-1218
-1332
-1366
-1310
-1248
-1188
-1164
-1169
-1079
-918
-874
-863
-869
-887
-874
-810
-773
-815
-829
-741
-682
-716
-733
-682
-634
-643
-620
-563
-571
-618
-661
-635
-516
-403
-417
-547
-560
-496
-417
-429
-458
-453
-442
-536
-676
-757
-780
-754
-722
-724
-703
-620
-567
-528
-473
-442
-421
-429
-436
-389
-356
-379
-415
-464
-460
-433
-391
-313
-304
-312
-251
-195
-128
-70
-92
-133
-65
6
4
71
143
131
116
177
173
173
270
391
432
458
537
684
796
812
834
972
1141
1183
1216
1294
1401
1508
1533
1477
1468
1476
1446
1479
1499
1446
1364
1320
1307
1230
1153
1157
1186
1181
1221
1250
1206
1214
1261
1202
1076
1069
1103
1112
1170
1174
1131
1160
1279
1406
1370
1328
1304
1303
1310
1313
1327
1326
1262
1204
1177
1161
1099
999
947
937
901
877
784
741
807
863
842
845
878
903
934
954
904
921
1036
1078
983
888
903
976
995
972
1010
1090
1204
1372
1477
1408
1335
1309
1264
1229
1189
1131
1034
989
1069
1088
1007
968
926
843
807
859
874
841
776
682
614
539
521
584
567
470
476
584
668
648
573
599
683
704
747
817
794
674
602
600
656
702
639
566
509
430
396
401
385
297
191
132
114
104
34
-69
-96
-142
-248
-280
-229
-117
-57
-55
33
149
201
246
314
378
357
360
422
463
541
619
598
553
570
569
599
657
685
657
617
540
402
368
476
526
491
485
532
524
409
334
359
418
398
269
141
50
-36
-39
25
59
-21
-90
-97
-40
53
84
60
24
36
142
167
119
169
262
298
245
217
209
164
175
258
281
207
184
223
250
239
189
125
99
94
97
67
-13
-19
-25
-36
3
7
-71
-100
-68
-29
-53
-108
-195
-242
-248
-223
-224
-245
-260
-283
-258
-171
-99
-15
-12
-111
-228
-285
-293
-318
-402
-504
-504
-413
-376
-363
-334
-365
-399
-311
-239
-283
-401
-436
-404
-398
-401
-340
-338
-435
-437
-368
-332
-306
-268
-298
-324
-307
-293
-349
-421
-411
-415
-437
-466
-538
-629
-698
-754
-895
-1086
-1205
-1260
-1306
-1360
-1358
-1356
-1436
-1445
-1412
-1444
-1480
-1517
-1596
-1703
-1799
-1756
-1739
-1801
-1897
-1984
-2050
-2005
-1938
-1950
-1940
-1797
-1737
-1761
-1768
-1747
-1764
-1767
-1731
-1733
-1742
-1787
-1774
-1708
-1706
-1794
-1840
-1872
-1966
-1961
-1856
-1798
-1810
-1794
-1699
-1571
-1424
-1356
-1384
-1356
-1268
-1182
-1170
-1196
-1182
-1134
-1090
-991
-810
-604
-515
-521
-535
-531
-599
-685
-703
-684
-700
-761
-810
-847
-834
-777
-714
-732
-874
-991
-949
-915
-1026
-1113
-1127
-1101
-1048
-992
-897
-798
-796
-822
-773
-669
-647
-661
-645
-634
-611
-498
-371
-311
-257
-183
-127
-14
72
91
95
137
168
232
260
275
296
370
520
616
614
590
551
544
653
680
597
588
702
833
919
982
1031
1034
1032
1007
1013
1031
1025
1016
1106
1243
1335
1362
1388
1429
1458
1553
1734
1797
1730
1691
1669
1643
1603
1594
1596
1532
1556
1661
1781
1939
2021
1987
1967
1970
1961
1927
1959
2010
1993
1943
1931
2051
2183
2208
2212
2233
2244
2267
2291
2243
2154
2115
2154
2147
2110
2095
2043
1966
1944
1918
1741
1528
1376
1219
1083
1027
950
804
690
719
720
645
507
332
253
264
246
135
32
15
42
28
-25
-10
23
74
121
126
161
262
290
223
169
150
206
300
326
262
267
358
434
374
264
219
248
267
215
186
261
297
229
179
250
348
286
144
3
-56
-10
5
-12
14
98
83
19
93
197
178
149
145
183
214
161
38
-63
-63
-24
-22
-13
78
183
245
281
257
241
251
364
478
497
473
427
431
482
477
444
475
552
632
650
638
612
543
460
357
286
240
241
301
323
246
175
206
243
239
233
170
54
54
101
154
197
216
245
267
279
280
307
360
394
421
439
407
382
427
430
375
304
347
513
553
473
438
480
504
498
512
473
429
384
338
350
396
383
332
352
400
429
457
494
515
510
536
586
673
726
726
724
751
716
628
548
531
555
568
573
607
628
556
429
329
336
400
420
335
252
199
174
188
208
202
149
87
-7
-117
-186
-267
-414
-502
-563
-645
-709
-767
-788
-822
-848
-859
-923
-965
-964
-924
-831
-806
-813
-750
-643
-636
-630
-567
-548
-593
-581
-472
-353
-293
-278
-320
-425
-482
-512
-495
-461
-528
-612
-659
-635
-609
-684
-842
-932
-968
-1015
-1081
-1108
-1158
-1266
-1318
-1327
-1393
-1461
-1485
-1490
-1497
-1503
-1531
-1620
-1701
-1662
-1609
-1573
-1603
-1664
-1581
-1380
-1258
-1192
-1154
-1120
-1071
-947
-844
-855
-843
-809
-750
-691
-615
-560
-457
-290
-186
-208
-232
-165
-70
-37
5
37
4
-44
6
88
57
-38
-88
-3
92
122
61
2
-3
92
186
188
141
217
372
444
447
446
424
366
381
463
476
449
523
600
603
593
642
707
732
718
739
871
989
987
960
1023
1116
1184
1230
1210
1189
1245
1302
1299
1265
1270
1272
1235
1226
1331
1404
1407
1437
1489
1473
1428
1412
1402
1377
1427
1486
1524
1546
1572
1586
1574
1593
1710
1788
1797
1832
1897
1936
1955
1998
1992
1926
1920
1896
1862
1910
1983
1930
1899
1967
1983
1931
1886
1845
1818
1811
1785
1707
1611
1528
1421
1329
1383
1487
1475
1422
1383
1364
1357
1374
1392
1388
1390
1356
1272
1216
1217
1192
1129
1021
940
953
956
922
851
829
767
742
751
720
618
522
449
349
266
201
152
134
95
61
79
95
139
214
226
187
163
211
260
258
201
176
133
172
261
284
253
253
306
311
316
380
433
412
444
518
611
564
479
469
493
415
295
270
294
312
257
236
238
299
414
481
446
429
443
381
290
265
265
251
213
232
294
294
285
278
256
268
326
309
210
168
153
127
117
184
210
148
41
-70
-76
-97
-176
-248
-281
-277
-237
-203
-196
-207
-259
-314
-281
-154
-54
-54
-83
-108
-124
-103
-87
-111
-93
-64
-64
-74
-113
-85
-5
-1
-29
-68
-48
-2
61
105
156
136
68
62
75
47
0
-90
-158
-107
-74
-100
-143
-240
-360
-369
-405
-498
-564
-626
-662
-726
-771
-846
-936
-953
-941
-924
-955
-1007
-975
-917
-941
-1040
-1083
-997
-914
-903
-901
-831
-742
-627
-544
-475
-463
-510
-495
-430
-411
-380
-339
-297
-281
-250
-217
-312
-429
-495
-508
-532
-562
-579
-605
-706
-752
-792
-826
-898
-990
-1045
-1045
-1033
-1157
-1336
-1446
-1431
-1415
-1499
-1558
-1567
-1576
-1593
-1600
-1634
-1672
-1689
-1687
-1685
-1624
-1530
-1459
-1373
-1286
-1239
-1252
-1274
-1219
-1190
-1086
-982
-975
-1022
-988
-884
-843
-877
-886
-768
-700
-721
-768
-829
-825
-829
-782
-736
-729
-803
-879
-875
-791
-720
-726
-735
-732
-751
-741
-699
-676
-708
-756
-762
-723
-647
-589
-615
-687
-710
-707
-756
-787
-726
-586
-464
-456
-507
-558
-507
-495
-544
-541
-437
-352
-343
-326
-256
-212
-168
-138
-203
-188
-67
42
71
70
109
159
173
178
107
129
245
285
264
238
242
366
481
547
555
536
540
574
601
469
407
427
436
446
467
441
411
396
359
339
360
336
289
351
446
434
383
408
441
512
558
579
633
712
786
821
796
816
915
959
905
879
921
948
931
918
887
846
892
976
1006
1009
1027
1048
1056
1065
1155
1193
1135
1092
1146
1195
1186
1140
1157
1197
1190
1147
1152
1202
1218
1098
947
893
898
848
717
599
576
600
635
641
617
618
619
631
625
579
492
451
381
240
101
73
122
143
182
198
122
156
226
257
252
210
172
145
120
92
82
49
81
146
275
398
426
380
370
411
412
341
266
255
252
173
171
253
345
363
340
310
287
276
333
338
243
175
146
85
55
99
159
148
152
247
289
313
352
345
318
319
280
252
241
274
324
346
398
508
533
493
531
579
595
628
658
649
602
538
504
423
328
238
271
320
259
216
207
152
38
-28
-69
-166
-190
-196
-242
-252
-268
-345
-414
-421
-443
-494
-514
-429
-382
-369
-343
-342
-333
-300
-295
-299
-286
-201
-149
-156
-196
-275
-300
-353
-451
-527
-533
-504
-493
-494
-443
-400
-398
-449
-537
-591
-548
-510
-546
-623
-627
-611
-638
-662
-674
-708
-716
-700
-697
-730
-745
-820
-907
-955
-989
-1027
-1044
-999
-963
-959
-979
-969
-983
-967
-877
-871
-959
-985
-952
-932
-978
-994
-1002
-1049
-1044
-1038
-1097
-1176
-1233
-1275
-1252
-1240
-1271
-1296
-1294
-1328
-1408
-1474
-1518
-1575
-1597
-1599
-1644
-1728
-1777
-1763
-1733
-1686
-1669
-1673
-1741
-1779
-1702
-1630
-1614
-1665
-1745
-1743
-1644
-1602
-1596
-1559
-1494
-1484
-1539
-1522
-1447
-1391
-1378
-1449
-1545
-1474
-1344
-1296
-1285
-1247
-1171
-1182
-1228
-1293
-1341
-1376
-1380
-1353
-1303
-1331
-1364
-1340
-1303
-1231
-1123
-1025
-1033
-1050
-985
-896
-850
-914
-1002
-1006
-935
-830
-751
-703
-705
-724
-677
-624
-608
-601
-630
-618
-610
-648
-716
-769
-739
-682
-616
-554
-505
-459
-418
-313
-224
-202
-193
-207
-203
-106
37
69
55
88
146
203
242
304
364
428
513
519
486
569
702
718
691
663
641
732
844
915
940
916
896
902
903
898
888
910
996
1019
996
1015
1097
1137
1097
1015
974
952
846
738
724
703
704
736
742
761
802
837
835
770
738
748
715
737
835
826
756
758
873
1002
1033
1061
1094
1110
1140
1148
1119
1126
1168
1160
1097
1048
1104
1232
1273
1286
1321
1288
1231
1226
1208
1110
987
957
956
899
849
841
832
820
856
864
824
788
796
767
645
524
406
337
350
400
450
435
437
368
355
484
560
539
495
443
425
461
495
520
571
623
664
736
869
977
1006
1006
989
981
977
988
1023
995
953
983
976
931
905
897
937
957
927
884
807
773
798
805
739
608
495
442
428
426
451
463
469
447
428
434
501
554
550
500
456
421
391
386
395
421
424
426
465
528
602
610
615
596
513
487
505
501
469
410
311
221
131
77
110
147
213
333
400
440
518
582
654
724
732
753
798
765
720
778
879
941
946
981
1027
1002
969
894
768
675
606
533
556
543
507
532
531
520
499
423
349
309
251
186
129
126
75
-1
-24
-21
-65
-76
-30
26
28
25
51
86
81
86
97
56
-22
-61
37
143
148
80
13
-42
-49
-54
-77
-132
-203
-325
-470
-506
-468
-517
-665
-786
-845
-907
-1011
-1120
-1165
-1194
-1254
-1281
-1268
-1308
-1346
-1342
-1344
-1346
-1364
-1322
-1318
-1350
-1416
-1453
-1434
-1429
-1401
-1383
-1383
-1352
-1320
-1371
-1392
-1341
-1302
-1312
-1289
-1211
-1174
-1146
-1149
-1174
-1151
-1163
-1226
-1265
-1187
-1131
-1116
-1115
-1097
-1021
-1029
-1005
-944
-948
-1003
-1059
-1087
-1144
-1226
-1292
-1373
-1330
-1223
-1166
-1153
-1113
-1059
-971
-960
-1018
-1006
-982
-1066
-1093
-1125
-1159
-1060
-1007
-1001
-881
-877
-1000
-1069
-1094
-1127
-1242
-1377
-1375
-1275
-1217
-1162
-1119
-1092
-1066
-1051
-1059
-1065
-1121
-1119
-980
-929
-991
-978
-903
-833
-849
-813
-762
-776
-755
-765
-827
-765
-674
-640
-559
-539
-580
-602
-588
-578
-522
-450
-391
-339
-370
-420
-400
-325
-285
-306
-322
-324
-345
-332
-317
-420
-515
-599
-703
-717
-580
-482
-473
-552
-635
-649
-620
-595
-640
-736
-768
-763
-768
-751
-710
-674
-574
-460
-417
-403
-363
-306
-242
-267
-359
-453
-451
-381
-310
-283
-266
-201
-186
-179
-188
-191
-149
-129
-169
-194
-235
-245
-187
-154
-185
-262
-251
-193
-187
-183
-217
-283
-311
-298
-255
-260
-392
-495
-485
-449
-460
-474
-445
-364
-337
-415
-453
-433
-329
-218
-143
-99
-75
-59
-34
-50
-49
-43
32
62
35
69
122
53
-49
-44
-20
2
52
122
176
284
371
348
260
257
250
184
177
244
264
201
155
88
7
28
95
122
66
15
43
94
175
192
178
219
278
341
387
388
376
353
301
264
276
296
310
308
287
289
401
481
468
494
546
566
598
622
630
609
596
611
652
731
848
946
968
967
982
1008
1017
1047
1061
1026
1067
1176
1266
1223
1156
1127
1168
1268
1312
1270
1202
1106
1051
1031
1034
1067
1040
917
845
846
832
758
758
714
577
415
398
501
549
528
481
459
553
637
693
706
635
630
660
615
563
532
512
589
691
760
853
916
907
954
1048
1105
1133
1153
1200
1269
1307
1312
1335
1343
1302
1295
1337
1326
1366
1382
1239
1038
936
954
877
691
603
567
522
561
572
494
372
253
157
28
-87
-58
-38
-186
-292
-275
-282
-369
-414
-381
-386
-430
-422
-352
-311
-310
-293
-239
-235
-270
-295
-342
-316
-180
-68
-8
0
-49
-51
17
84
124
81
16
13
8
-64
-95
-98
-130
-172
-237
-326
-328
-360
-437
-479
-498
-508
-442
-313
-245
-244
-326
-450
-505
-490
-440
-427
-514
-549
-505
-479
-543
-623
-713
-825
-882
-830
-759
-776
-890
-990
-955
-835
-739
-675
-662
-706
-759
-812
-785
-757
-815
-848
-809
-762
-689
-613
-580
-517
-408
-327
-350
-363
-357
-440
-469
-433
-422
-441
-480
-483
-452
-369
-263
-267
-302
-342
-418
-487
-507
-525
-513
-444
-412
-368
-357
-388
-436
-509
-543
-560
-545
-498
-488
-493
-468
-399
-364
-312
-242
-191
-154
-113
-114
-153
-129
-74
-77
-97
-130
-134
-41
83
139
133
80
57
76
92
86
103
113
108
124
197
241
172
107
96
71
78
94
83
71
85
78
2
-118
-177
-216
-310
-352
-313
-294
-323
-342
-357
-348
-302
-282
-316
-283
-226
-298
-377
-355
-335
-307
-209
-112
-69
-75
-56
-33
21
103
144
77
44
36
22
28
15
62
163
163
128
156
197
198
148
112
93
96
179
301
353
407
460
551
720
766
680
640
647
743
842
817
710
702
818
967
1016
960
859
819
881
938
885
806
760
691
671
726
760
748
685
590
497
448
509
586
574
541
526
503
559
654
670
573
515
553
580
522
454
474
592
704
759
834
879
856
849
835
877
979
1017
982
941
995
1096
1107
1147
1218
1268
1312
1411
1493
1462
1401
1357
1327
1307
1277
1262
1269
1344
1394
1395
1399
1339
1271
1233
1148
1016
934
940
929
860
842
851
862
861
872
944
1068
1072
1015
1000
1002
1000
1009
1105
1201
1195
1248
1352
1409
1495
1595
1524
1410
1359
1289
1165
1116
1156
1136
1083
1009
907
890
946
916
814
715
619
519
478
477
492
488
455
440
474
497
481
525
583
536
411
345
380
353
270
217
208
201
251
289
282
298
233
206
280
297
286
294
257
222
212
202
200
197
118
-38
-142
-150
-151
-156
-100
-59
-62
-55
-34
-72
-181
-293
-322
-338
-393
-396
-437
-533
-514
-406
-407
-495
-554
-558
-576
-642
-706
-779
-844
-894
-969
-1054
-1087
-1111
-1164
-1159
-1112
-1070
-1072
-1134
-1161
-1157
-1142
-1106
-1112
-1060
-1004
-990
-937
-855
-767
-729
-680
-650
-726
-891
-969
-913
-886
-907
-881
-814
-796
-781
-682
-621
-576
-562
-609
-625
-603
-595
-567
-523
-466
-422
-377
-287
-229
-144
-40
14
26
19
94
184
159
54
6
19
20
26
17
4
-16
-46
-59
-80
-87
-66
-66
-32
58
89
79
12
-68
-115
-86
-28
-3
-8
-4
-52
-63
-24
-17
-107
-189
-173
-160
-176
-218
-200
-194
-264
-301
-283
-288
-257
-122
-24
-115
-281
-358
-368
-363
-368
-467
-505
-440
-405
-412
-434
-455
-463
-494
-502
-479
-508
-550
-549
-537
-476
-406
-383
-359
-338
-318
-303
-296
-305
-330
-329
-322
-330
-337
-311
-259
-272
-288
-306
-367
-421
-461
-462
-475
-556
-676
-745
-720
-694
-688
-679
-625
-631
-669
-685
-685
-707
-771
-817
-807
-746
-707
-682
-668
-648
-607
-553
-467
-385
-403
-424
-385
-320
-282
-249
-207
-108
21
85
118
175
227
265
322
421
458
392
370
430
470
482
497
472
448
492
565
572
489
436
484
527
535
526
525
532
486
452
542
648
704
752
741
752
823
882
939
987
926
859
972
1157
1203
1127
1078
1044
1030
1087
1158
1145
1070
987
950
932
953
978
985
1042
1148
1162
1106
1062
1078
1118
1108
1063
1042
1052
1113
1149
1040
904
875
887
871
875
960
1024
1004
948
847
805
830
867
865
839
864
880
917
1030
1104
1087
1045
1036
1022
1072
1131
1117
1155
1244
1325
1334
1258
1267
1326
1280
1179
1118
1130
1137
1099
1004
920
849
812
801
738
648
590
559
515
454
423
426
403
353
328
386
393
321
349
382
356
381
424
399
355
310
302
300
311
344
318
265
273
311
335
325
365
429
489
536
486
443
461
518
509
483
531
566
608
663
631
598
555
429
317
226
133
59
26
-4
-73
-123
-182
-297
-329
-312
-316
-277
-188
-191
-245
-244
-187
-162
-198
-258
-311
-282
-145
-20
47
26
15
88
188
280
311
316
341
380
454
429
392
405
449
472
479
492
498
482
442
472
536
473
327
273
293
204
7
-82
-37
10
22
-60
-169
-213
-251
-243
-275
-407
-500
-532
-494
-477
-524
-586
-589
-554
-555
-572
-511
-455
-467
-495
-480
-457
-315
-129
-100
-202
-287
-300
-254
-285
-247
-181
-218
-289
-248
-215
-272
-339
-404
-426
-403
-346
-292
-297
-357
-432
-473
-486
-591
-744
-812
-827
-859
-946
-1014
-1028
-1034
-1010
-948
-961
-1004
-976
-973
-1001
-994
-953
-872
-797
-760
-694
-628
-548
-448
-369
-385
-393
-290
-174
-71
-12
53
126
148
178
163
93
54
59
119
200
232
213
192
142
111
150
191
119
18
-79
-171
-173
-138
-208
-407
-540
-556
-537
-529
-545
-535
-510
-564
-598
-520
-402
-310
-245
-211
-200
-78
25
36
49
136
201
192
192
239
278
305
364
419
470
479
417
411
463
454
387
333
276
311
286
128
-24
-98
-171
-240
-285
-276
-287
-397
-494
-571
-717
-822
-837
-868
-947
-996
-1022
-1109
-1170
-1080
-927
-814
-788
-765
-712
-657
-604
-616
-689
-671
-554
-438
-283
-85
69
191
217
180
151
173
218
256
202
179
229
251
240
209
212
216
216
213
206
88
-57
-197
-332
-353
-352
-429
-413
-334
-247
-185
-162
-151
-131
-58
-38
36
206
306
313
381
534
672
776
876
1000
1046
1053
1116
1202
1244
1221
1208
1206
1269
1365
1422
1345
1280
1325
1302
1234
1137
1047
959
852
799
842
884
930
1005
1032
986
932
934
993
976
953
973
979
1018
1079
1042
1074
1249
1311
1268
1280
1357
1431
1453
1473
1532
1559
1553
1629
1683
1814
1954
2023
2056
1998
1993
2053
2040
1988
2038
2092
2084
2109
2132
2052
1895
1796
1766
1705
1632
1635
1601
1452
1287
1155
1008
910
840
822
878
887
773
642
490
322
173
-41
-203
-314
-400
-430
-460
-484
-508
-570
-566
-575
-634
-679
-658
-595
-511
-510
-530
-434
-295
-242
-208
-146
-115
-136
-168
-156
-165
-194
-203
-227
-211
-201
-290
-382
-382
-368
-372
-437
-568
-701
-689
-625
-647
-736
-832
-892
-947
-917
-887
-932
-985
-966
-863
-810
-844
-931
-1000
-1000
-996
-1026
-1119
-1188
-1155
-1151
-1166
-1214
-1305
-1345
-1320
-1358
-1452
-1504
-1418
-1273
-1146
-1025
-958
-994
-983
-910
-899
-911
-859
-751
-670
-627
-574
-524
-476
-401
-317
-313
-293
-197
-134
-174
-198
-88
-11
19
113
213
219
183
178
208
198
159
133
36
-52
-27
15
71
107
91
68
27
4
31
-22
-57
14
53
-9
-9
51
64
55
29
49
97
44
-12
83
168
97
40
24
-77
-228
-272
-336
-424
-504
-549
-630
-727
-752
-765
-848
-905
-921
-988
-1072
-1081
-1069
-1101
-1124
-1154
-1213
-1236
-1206
-1201
-1348
-1532
-1643
-1638
-1615
-1691
-1690
-1594
-1501
-1515
-1486
-1404
-1434
-1608
-1777
-1899
-1831
-1667
-1618
-1549
-1432
-1433
-1422
-1276
-1192
-1245
-1298
-1229
-1213
-1254
-1182
-1076
-1137
-1237
-1274
-1260
-1172
-1137
-1251
-1382
-1530
-1627
-1593
-1507
-1405
-1371
-1428
-1453
-1460
-1451
-1403
-1446
-1498
-1540
-1604
-1566
-1479
-1567
-1642
-1585
-1544
-1483
-1409
-1372
-1353
-1306
-1284
-1275
-1242
-1187
-1178
-1102
-992
-957
-946
-829
-646
-509
-337
-169
-95
-53
-40
-46
18
131
177
237
331
340
364
379
442
507
488
379
286
296
415
517
487
351
310
288
243
231
260
245
205
141
35
-83
-160
-203
-222
-142
-117
-97
-1
64
84
83
78
36
13
65
80
60
42
45
79
103
49
-11
21
67
89
157
182
109
67
40
27
77
53
-30
-90
-131
-131
-72
-24
-53
-109
-109
-85
-18
106
70
-20
-47
-37
54
204
234
225
265
287
289
373
522
647
711
755
804
852
912
911
915
973
990
961
990
923
862
877
868
870
931
964
966
942
925
896
854
790
713
691
660
581
542
549
510
469
452
392
344
383
318
216
209
205
240
338
384
377
343
348
392
422
418
457
496
504
518
594
630
575
504
489
503
553
591
479
411
333
169
120
161
191
198
153
103
68
47
35
-25
-43
-27
16
45
32
20
29
44
71
82
138
200
194
150
106
94
136
106
87
200
242
326
401
367
328
321
359
457
477
480
528
456
410
452
440
392
457
492
400
277
292
403
366
292
195
38
-32
42
17
-147
-273
-292
-294
-349
-384
-433
-445
-439
-486
-516
-494
-449
-418
-445
-457
-418
-381
-345
-342
-392
-399
-282
-219
-215
-217
-226
-175
-184
-268
-256
-194
-167
-160
-211
-283
-355
-400
-463
-554
-588
-489
-451
-501
-526
-611
-624
-640
-724
-756
-776
-734
-617
-625
-719
-719
-716
-629
-433
-269
-204
-155
-134
-127
-170
-183
-138
-66
160
329
299
307
425
477
500
443
361
346
430
454
473
508
436
358
300
240
179
169
198
237
206
96
-41
-127
-152
-152
-187
-228
-288
-376
-453
-500
-532
-561
-651
-690
-674
-715
-679
-625
-674
-756
-764
-753
-666
-576
-489
-407
-425
-415
-306
-216
-212
-270
-282
-294
-365
-335
-249
-238
-247
-268
-354
-407
-370
-389
-428
-508
-604
-731
-896
-923
-853
-893
-952
-983
-1001
-992
-1045
-1118
-1173
-1294
-1242
-1120
-1084
-998
-964
-959
-918
-865
-845
-821
-650
-419
-212
-40
125
232
240
251
309
342
346
296
341
471
563
572
448
318
266
286
329
318
289
243
234
284
288
266
255
293
348
340
309
332
303
162
103
182
263
376
437
433
443
435
389
326
348
472
472
462
598
696
738
797
831
855
861
872
949
964
933
958
914
898
969
947
912
975
1024
963
952
1002
975
909
884
904
944
946
912
847
840
844
832
833
818
819
833
809
778
726
701
734
716
657
656
723
710
733
731
712
650
640
667
626
626
630
594
552
496
417
390
385
448
557
568
558
518
431
387
396
366
327
305
254
206
171
173
164
98
10
-47
-22
30
6
49
211
302
239
125
148
200
168
253
394
489
549
568
621
683
665
655
696
761
767
725
695
650
693
800
794
759
734
626
561
561
538
568
572
500
492
603
632
563
563
599
526
411
399
361
320
360
449
503
517
517
505
481
445
423
416
301
179
122
132
206
296
304
334
378
371
269
154
137
135
18
-122
-164
-132
-117
-133
-198
-283
-350
-384
-436
-447
-475
-546
-604
-601
-652
-748
-802
-838
-837
-868
-889
-829
-814
-866
-937
-1018
-967
-864
-802
-846
-970
-1047
-1016
-884
-761
-788
-859
-800
-652
-532
-555
-579
-538
-607
-638
-572
-556
-556
-570
-583
-615
-716
-788
-737
-696
-745
-826
-876
-899
-908
-957
-1050
-1087
-1124
-1209
-1235
-1163
-1073
-1045
-1104
-1088
-1046
-1044
-1071
-1101
-1084
-1074
-1034
-864
-693
-709
-771
-754
-682
-669
-658
-633
-684
-691
-596
-544
-569
-604
-674
-714
-741
-773
-712
-643
-580
-543
-498
-465
-427
-409
-435
-498
-464
-445
-486
-538
-573
-563
-595
-676
-675
-594
-536
-489
-480
-493
-552
-606
-584
-537
-503
-462
-377
-326
-311
-247
-179
-146
-176
-146
-67
-66
-78
-20
37
74
107
60
-25
-72
-64
-61
-88
-95
-121
-169
-218
-261
-314
-403
-495
-580
-619
-678
-808
-819
-754
-749
-748
-810
-824
-770
-797
-810
-801
-868
-909
-877
-856
-865
-891
-902
-951
-930
-833
-741
-662
-601
-576
-570
-594
-564
-540
-606
-647
-639
-641
-593
-583
-607
-635
-675
-747
-826
-797
-716
-756
-829
-851
-943
-1064
-1095
-1031
-933
-944
-1035
-1067
-1048
-1001
-1058
-1175
-1228
-1251
-1247
-1166
-1052
-1016
-1025
-1038
-1041
-948
-848
-815
-741
-700
-668
-615
-487
-308
-184
-156
-95
67
205
227
210
187
195
247
307
308
254
198
183
154
60
18
22
35
105
220
277
281
281
321
362
414
483
585
693
761
777
757
821
930
1025
1071
1077
1143
1258
1314
1339
1313
1271
1251
1277
1321
1264
1174
1195
1256
1256
1228
1174
1057
1035
1062
1048
1028
1010
969
965
1015
1038
1037
981
908
864
831
792
904
1004
992
969
900
808
804
825
831
715
609
602
680
748
699
610
519
386
286
307
384
354
236
115
68
85
120
168
165
127
85
88
127
66
-23
-71
-25
101
208
234
201
116
37
-48
-44
14
84
169
221
299
359
308
158
12
6
72
186
313
346
246
178
184
236
277
282
257
230
333
489
577
578
554
475
417
516
623
652
659
656
664
667
706
779
799
763
734
674
628
689
726
711
685
659
649
625
644
621
528
525
639
689
712
798
791
705
641
595
613
654
746
769
724
670
633
629
609
622
661
678
658
602
544
461
416
398
429
438
382
367
339
205
83
42
-57
-171
-157
-123
-128
-114
-171
-272
-333
-322
-308
-282
-242
-259
-299
-341
-458
-550
-552
-494
-390
-324
-329
-361
-369
-336
-273
-267
-359
-451
-447
-412
-384
-383
-345
-294
-314
-366
-380
-332
-242
-342
-536
-610
-530
-400
-276
-280
-346
-427
-615
-743
-789
-852
-952
-1063
-1026
-865
-760
-664
-616
-586
-552
-536
-496
-418
-424
-468
-462
-418
-411
-433
-400
-363
-390
-374
-367
-383
-423
-379
-304
-321
-325
-271
-217
-131
-141
-172
-108
-11
51
5
-52
-65
-117
-163
-153
-192
-216
-167
-123
-189
-232
-271
-325
-291
-187
-151
-126
-112
-110
-105
-60
3
31
21
2
-24
-60
-34
-2
-109
-268
-356
-363
-361
-422
-430
-344
-334
-410
-417
-363
-222
-95
-119
-190
-233
-210
-126
-50
-23
52
114
133
197
177
30
-114
-208
-315
-349
-304
-210
-101
-48
-35
-34
-49
-44
-22
-5
-53
-23
56
93
108
126
164
210
235
230
180
142
134
101
83
131
169
214
318
390
418
398
338
293
327
365
328
275
258
164
42
-91
-185
-194
-172
-196
-244
-255
-184
-121
-122
-176
-223
-251
-224
-223
-262
-228
-184
-265
-297
-221
-223
-257
-228
-166
-212
-287
-315
-342
-369
-350
-269
-195
-112
-33
-12
6
57
159
250
271
330
449
473
453
487
523
574
664
731
714
663
655
637
648
752
844
877
955
1076
1131
1096
1044
977
928
949
1033
1178
1255
1215
1213
1187
1164
1187
1233
1284
1346
1379
1376
1370
1429
1443
1404
1419
1478
1505
1536
1640
1637
1488
1331
1249
1236
1219
1136
1112
1136
1159
1179
1126
1073
1043
994
1046
1132
1126
1110
1140
1141
1076
1025
1027
1017
999
994
1011
1020
1028
987
942
868
809
854
901
877
845
856
884
918
956
991
992
923
836
794
817
879
845
707
560
492
501
513
514
448
330
278
300
356
337
213
180
240
219
169
134
79
-2
-52
-61
-11
29
51
7
-88
-140
-60
-10
-23
-29
6
24
59
74
67
25
19
60
85
82
55
50
82
58
43
79
105
151
208
316
412
476
539
545
505
459
418
493
640
703
674
636
595
556
509
389
284
202
170
131
72
-7
-67
-127
-178
-141
-98
-94
-112
-154
-196
-227
-249
-259
-282
-325
-270
-181
-127
-101
-118
-229
-283
-270
-245
-222
-222
-301
-433
-500
-521
-601
-647
-568
-511
-532
-581
-611
-649
-697
-731
-747
-734
-719
-679
-642
-716
-802
-836
-884
-906
-900
-924
-957
-899
-798
-835
-929
-932
-880
-858
-788
-727
-727
-771
-765
-659
-617
-632
-634
-613
-598
-672
-792
-886
-890
-858
-823
-840
-898
-932
-941
-967
-984
-1068
-1188
-1229
-1219
-1267
-1243
-1244
-1283
-1316
-1320
-1307
-1309
-1327
-1334
-1346
-1335
-1337
-1374
-1401
-1413
-1357
-1264
-1194
-1191
-1168
-1056
-960
-965
-1018
-1034
-954
-850
-743
-646
-589
-530
-452
-338
-215
-123
-78
-95
-169
-218
-202
-122
-104
-154
-214
-279
-302
-289
-315
-425
-563
-605
-556
-488
-443
-430
-487
-520
-504
-449
-399
-389
-408
-401
-342
-336
-390
-443
-397
-294
-321
-305
-166
-61
-52
-75
-30
8
-26
21
114
131
154
149
125
149
182
200
200
212
287
327
271
225
229
214
150
109
187
254
244
276
316
312
328
345
367
336
216
171
232
292
338
328
338
416
467
446
393
372
422
422
418
472
521
503
483
500
568
555
544
619
699
713
753
759
758
801
835
857
874
848
804
837
845
839
832
809
769
734
715
733
697
690
725
674
584
497
423
364
367
411
410
419
404
357
357
422
445
411
381
362
373
370
423
486
500
536
566
525
504
532
586
604
637
724
814
862
893
898
874
787
736
731
659
594
558
557
564
567
567
506
450
449
459
423
375
377
409
442
471
513
574
619
607
491
341
275
265
221
176
175
194
202
230
266
303
324
290
215
193
248
254
203
243
366
375
250
192
250
276
253
290
400
486
531
529
483
484
523
544
481
422
440
408
318
290
345
325
269
254
312
332
333
370
365
254
173
238
343
429
457
440
451
500
591
653
681
655
639
682
674
627
583
559
553
520
466
469
497
495
524
567
572
570
624
644
615
545
466
425
454
475
454
431
487
577
616
593
567
606
663
703
718
660
606
608
610
661
732
757
754
716
687
626
579
655
686
565
501
491
455
403
347
309
285
306
353
351
300
272
256
215
225
281
275
287
310
312
314
297
243
158
159
178
184
195
182
119
74
-30
-166
-232
-277
-287
-215
-210
-241
-264
-346
-477
-525
-511
-563
-697
-776
-771
-787
-866
-957
-989
-990
-1006
-1031
-993
-957
-966
-946
-932
-961
-985
-984
-998
-1030
-1016
-1022
-1120
-1193
-1153
-1124
-1175
-1287
-1394
-1426
-1451
-1492
-1527
-1543
-1579
-1565
-1479
-1344
-1254
-1215
-1170
-1132
-1078
-1048
-1057
-1016
-919
-843
-833
-827
-788
-740
-652
-539
-436
-345
-221
-157
-94
-48
-64
-124
-227
-205
-117
-64
0
71
82
169
292
355
400
429
450
456
441
444
439
386
395
467
460
410
426
508
540
526
536
597
630
641
598
537
509
527
582
564
539
544
513
476
506
506
465
445
434
432
406
326
296
295
378
478
509
504
452
422
416
378
349
335
358
465
538
569
645
734
741
687
676
703
674
612
600
640
664
674
636
489
435
516
607
599
506
473
510
490
489
434
363
337
320
271
270
260
251
180
67
-6
13
29
-24
-10
50
110
161
130
64
18
7
23
-5
12
46
73
71
114
163
154
127
203
322
389
398
423
440
463
472
461
391
379
504
591
574
555
569
594
590
545
550
543
545
587
648
652
624
603
651
716
724
675
601
594
646
665
605
526
528
511
492
503
534
531
464
436
479
515
546
610
650
640
641
700
674
695
756
763
806
861
863
860
821
748
692
593
509
439
374
379
360
329
343
352
354
311
266
239
209
237
328
287
243
272
300
311
304
264
186
184
231
219
243
300
279
268
278
346
412
418
379
366
406
508
599
607
530
444
414
426
332
185
83
46
78
100
124
106
135
157
145
122
12
-97
-162
-257
-334
-321
-286
-317
-443
-527
-578
-681
-763
-799
-783
-816
-915
-922
-866
-839
-900
-959
-930
-875
-812
-744
-728
-762
-758
-703
-685
-684
-665
-673
-662
-578
-521
-518
-541
-533
-507
-491
-483
-490
-465
-445
-501
-622
-648
-688
-765
-846
-922
-992
-1044
-1060
-1011
-949
-935
-999
-1065
-1099
-1183
-1178
-1114
-1106
-1061
-971
-910
-871
-843
-785
-779
-818
-815
-758
-709
-688
-691
-694
-737
-770
-818
-908
-974
-988
-952
-772
-668
-770
-847
-886
-892
-878
-875
-873
-911
-901
-869
-890
-894
-879
-862
-872
-793
-687
-658
-712
-759
-778
-815
-843
-841
-861
-827
-811
-849
-917
-971
-999
-1020
-1041
-1020
-998
-1048
-1104
-1128
-1211
-1292
-1296
-1240
-1196
-1183
-1152
-1105
-1018
-933
-924
-967
-973
-928
-818
-787
-887
-972
-960
-901
-855
-803
-780
-845
-891
-883
-944
-1076
-1156
-1186
-1219
-1298
-1414
-1504
-1514
-1414
-1369
-1376
-1397
-1348
-1291
-1278
-1262
-1334
-1435
-1445
-1488
-1548
-1526
-1409
-1340
-1389
-1402
-1315
-1331
-1377
-1374
-1308
-1180
-1142
-1136
-1109
-1155
-1231
-1244
-1176
-1129
-1096
-1031
-912
-833
-849
-936
-963
-923
-873
-839
-820
-715
-585
-519
-462
-353
-185
-36
110
247
253
189
192
185
54
74
229
311
374
458
491
447
503
591
614
582
534
465
454
434
360
306
307
318
323
410
521
498
395
316
277
179
187
299
327
305
310
334
289
243
298
421
484
496
517
577
626
605
507
426
364
384
388
324
217
136
134
138
90
47
33
8
-28
-59
-56
-54
-76
-89
-72
-61
-79
-98
-66
-15
-6
69
153
195
243
269
243
216
171
111
88
57
-26
-97
-89
-38
-53
-138
-178
-198
-228
-217
-251
-294
-295
-275
-208
-117
-78
-126
-156
-94
-12
-15
-61
-124
-132
-64
-37
-18
13
17
-27
-42
-53
-96
-92
-71
-34
-32
-44
-50
-71
-80
-31
79
168
196
271
382
453
537
611
613
675
809
846
839
884
895
868
856
838
807
800
862
912
872
825
838
861
818
791
773
715
605
539
556
668
730
744
806
850
876
872
830
839
804
738
677
670
680
673
631
671
770
857
901
881
872
904
998
1075
1051
1013
979
989
1049
1092
1042
992
976
966
937
929
939
920
849
765
806
803
698
683
732
671
541
462
405
300
242
217
145
66
33
46
54
1
-86
-149
-128
-89
-116
-152
-161
-238
-317
-298
-316
-367
-412
-484
-510
-447
-471
-554
-574
-570
-617
-729
-729
-662
-648
-625
-526
-538
-654
-655
-568
-495
-487
-441
-328
-255
-237
-217
-208
-229
-267
-259
-238
-243
-216
-158
-181
-252
-276
-312
-329
-366
-410
-413
-426
-482
-510
-476
-429
-514
-561
-480
-416
-438
-476
-499
-487
-495
-509
-464
-432
-396
-378
-329
-291
-318
-375
-374
-302
-259
-353
-481
-457
-363
-265
-219
-276
-371
-349
-259
-206
-267
-336
-339
-316
-260
-228
-254
-235
-191
-150
-213
-346
-434
-416
-314
-287
-311
-336
-332
-301
-295
-290
-260
-225
-242
-294
-263
-211
-145
-90
-128
-226
-265
-249
-214
-228
-271
-269
-280
-310
-242
-143
-73
-67
-94
-130
-148
-133
-82
10
73
71
-19
-89
-78
-54
-48
-22
-13
-18
-93
-122
-106
-151
-201
-180
-150
-137
-180
-213
-220
-216
-270
-336
-385
-384
-336
-328
-345
-326
-306
-272
-226
-199
-220
-227
-183
-176
-178
-198
-238
-242
-183
-106
-59
-57
10
155
193
146
129
119
127
115
83
109
113
96
83
86
98
73
117
170
135
201
296
254
203
213
185
144
123
96
35
-19
49
134
246
281
282
289
323
309
345
401
389
437
613
697
759
778
766
721
657
697
775
761
754
799
811
751
735
772
731
720
803
844
793
812
895
930
908
948
999
962
886
903
958
960
973
963
963
951
980
953
888
915
1005
967
876
872
969
1067
1124
1047
938
886
888
911
864
852
883
909
973
1042
975
875
894
962
912
903
945
936
868
854
915
988
949
879
781
710
708
745
672
567
625
714
685
693
712
695
635
578
493
377
287
236
260
271
238
234
242
226
172
141
105
94
98
100
135
148
108
113
228
361
452
459
424
448
477
466
493
580
703
801
858
925
909
796
752
746
752
699
707
767
733
673
663
650
659
622
539
437
393
303
208
110
28
-83
-130
-63
-45
-143
-205
-210
-264
-380
-494
-544
-593
-607
-624
-647
-594
-572
-545
-540
-527
-491
-477
-507
-524
-534
-511
-550
-561
-489
-496
-529
-441
-380
-459
-537
-521
-590
-705
-703
-691
-733
-717
-745
-846
-897
-864
-844
-844
-883
-894
-920
-932
-900
-877
-873
-882
-876
-907
-905
-880
-900
-898
-925
-974
-1009
-1065
-1138
-1145
-1096
-1122
-1156
-1112
-1098
-1113
-1185
-1213
-1210
-1208
-1206
-1189
-1170
-1154
-1216
-1184
-1086
-1078
-1061
-1002
-969
-919
-933
-946
-921
-900
-891
-840
-798
-735
-724
-666
-572
-550
-553
-527
-540
-590
-554
-430
-470
-537
-531
-508
-510
-476
-468
-520
-472
-372
-321
-297
-255
-235
-182
-54
-85
-121
-37
-33
-64
-60
-120
-212
-221
-184
-185
-229
-291
-351
-402
-470
-555
-624
-696
-723
-798
-887
-941
-966
-973
-1003
-1075
-1105
-1057
-1013
-966
-844
-740
-707
-639
-590
-568
-456
-353
-346
-338
-291
-318
-309
-224
-170
-189
-188
-220
-303
-345
-301
-338
-367
-388
-502
-611
-678
-687
-702
-690
-690
-714
-680
-555
-502
-565
-630
-708
-759
-731
-737
-707
-665
-628
-571
-562
-567
-508
-438
-377
-375
-385
-381
-366
-314
-243
-119
-40
6
70
87
108
149
165
73
13
38
123
127
82
67
134
256
277
299
371
424
454
477
421
472
530
481
412
365
304
306
361
386
333
260
231
264
324
290
184
124
176
259
374
403
324
282
385
463
470
452
461
523
515
488
493
530
585
593
599
607
662
707
744
713
656
668
685
711
716
723
718
705
694
758
839
858
852
820
774
756
751
759
700
714
812
829
871
985
1031
1032
1055
1057
1025
1092
1236
1273
1250
1299
1343
1267
1205
1220
1308
1316
1255
1220
1262
1354
1379
1367
1354
1359
1434
1431
1412
1399
1397
1370
1281
1220
1272
1308
1249
1191
1193
1164
1136
1127
1146
1150
1195
1261
1310
1336
1282
1241
1241
1284
1349
1340
1282
1191
1225
1349
1422
1496
1491
1475
1483
1534
1531
1542
1447
1357
1352
1440
1452
1263
1195
1334
1384
1277
1205
1223
1163
1097
1173
1113
952
916
951
989
1036
1039
974
949
990
944
775
626
581
641
728
818
814
776
710
738
737
617
540
574
603
591
577
580
593
616
639
637
680
737
774
900
1009
1002
916
899
914
938
852
789
773
718
702
773
824
851
769
733
798
834
782
642
495
417
443
397
322
393
417
334
254
169
83
-28
-39
-11
-48
-96
-109
-125
-200
-272
-285
-237
-214
-304
-407
-418
-403
-464
-509
-436
-368
-389
-392
-437
-453
-483
-613
-687
-641
-623
-687
-715
-647
-595
-546
-529
-573
-614
-602
-548
-543
-571
-613
-614
-567
-579
-567
-534
-468
-461
-477
-522
-600
-678
-608
-638
-696
-741
-714
-642
-570
-435
-314
-243
-174
-153
-127
-122
-132
-122
-142
-192
-250
-212
-68
33
-26
-4
73
115
88
39
70
26
-113
-186
-122
-189
-349
-442
-436
-438
-529
-560
-546
-585
-619
-609
-695
-683
-568
-521
-579
-580
-534
-513
-497
-416
-364
-460
-470
-352
-253
-205
-121
-153
-243
-213
-175
-222
-223
-98
-16
-26
24
114
65
16
52
101
36
-143
-245
-174
-135
-177
-237
-168
-57
-74
-143
-184
-199
-174
-167
-194
-220
-282
-368
-384
-403
-454
-523
-521
-470
-489
-463
-452
-535
-498
-462
-567
-661
-608
-518
-469
-451
-431
-379
-316
-233
-233
-291
-328
-251
-96
-13
-7
-21
-12
31
85
99
44
-79
-38
57
16
-39
-34
-71
5
163
219
143
134
195
217
257
288
266
327
380
357
353
397
512
614
600
481
420
453
425
418
436
431
387
398
550
722
684
625
664
717
778
821
785
700
761
867
864
862
866
922
947
876
762
710
747
809
888
853
720
718
799
844
869
925
926
914
855
841
825
775
801
830
886
947
1007
975
1010
1073
1058
988
962
962
907
879
822
844
865
799
715
660
611
610
573
460
397
485
534
533
472
397
361
397
419
354
267
240
297
402
474
453
442
447
488
523
553
524
490
497
516
515
476
391
347
419
464
392
348
358
359
330
282
251
224
218
305
304
209
236
361
384
283
329
406
298
111
112
153
3
-167
-172
-135
-58
-72
-142
-174
-152
-79
-26
-100
-149
-186
-152
-85
-151
-266
-238
-147
-160
-197
-117
-93
-93
-28
-5
-47
-163
-227
-172
-130
-213
-319
-329
-310
-242
-248
-330
-375
-363
-328
-341
-448
-556
-530
-489
-553
-638
-648
-689
-689
-719
-761
-820
-894
-960
-928
-876
-909
-966
-967
-886
-900
-950
-956
-933
-933
-976
-972
-956
-962
-951
-900
-832
-904
-948
-928
-946
-891
-858
-946
-997
-962
-921
-895
-955
-1038
-1025
-1016
-1052
-1063
-1062
-1099
-1107
-1040
-1061
-1153
-1140
-1022
-902
-876
-872
-864
-810
-721
-713
-768
-832
-794
-771
-840
-856
-792
-828
-897
-890
-869
-987
-1006
-991
-995
-973
-921
-950
-1028
-1007
-890
-812
-888
-1034
-1121
-1117
-1078
-1101
-1225
-1295
-1226
-1126
-1083
-1159
-1269
-1298
-1207
-1107
-1141
-1108
-949
-791
-748
-789
-776
-742
-783
-743
-757
-862
-936
-934
-937
-925
-964
-976
-972
-994
-1051
-1100
-1142
-1145
-1155
-1200
-1224
-1159
-1040
-1054
-1069
-1085
-1078
-1083
-1054
-978
-984
-988
-943
-917
-1032
-1120
-1052
-904
-945
-1064
-1030
-959
-970
-971
-985
-998
-1014
-947
-875
-882
-865
-762
-691
-751
-683
-596
-652
-706
-601
-569
-642
-713
-760
-751
-716
-734
-791
-788
-765
-675
-532
-519
-528
-480
-440
-491
-578
-537
-531
-549
-538
-526
-536
-469
-445
-407
-420
-441
-471
-449
-355
-283
-274
-178
-154
-149
-112
-137
-175
-135
-104
-122
-118
-23
45
122
165
39
-10
33
79
52
-18
-106
-31
102
67
-62
-81
-98
-205
-194
-155
-193
-203
-153
-132
-213
-285
-280
-164
-59
-100
-173
-149
-36
18
-4
28
133
217
313
388
413
420
477
627
709
674
673
811
989
1025
963
1005
1050
1114
1209
1261
1256
1225
1226
1179
1051
1008
1032
1055
1006
1019
1050
1012
967
949
964
990
909
817
854
885
860
811
808
825
874
930
933
961
1051
1101
1114
1136
1159
1149
1179
1214
1173
1135
1183
1146
1004
948
942
866
809
818
833
826
814
754
661
645
685
742
736
627
617
773
837
771
694
668
691
633
535
557
608
599
553
513
517
536
501
468
462
420
392
328
247
225
258
249
254
292
282
281
352
341
299
324
362
272
248
319
233
138
186
154
79
72
208
402
478
478
413
451
518
519
484
447
400
376
397
426
439
451
538
616
640
685
715
686
642
543
511
524
434
273
212
209
259
302
227
127
150
183
205
193
131
180
254
222
145
178
247
264
201
95
19
-36
-66
-73
-117
-173
-166
-165
-203
-259
-324
-433
-435
-352
-342
-449
-589
-612
-578
-599
-590
-570
-542
-458
-436
-464
-483
-461
-423
-415
-421
-447
-394
-329
-421
-508
-444
-419
-466
-563
-538
-539
-677
-753
-756
-758
-810
-783
-732
-788
-870
-852
-838
-873
-904
-914
-905
-888
-886
-915
-951
-832
-713
-737
-818
-818
-688
-521
-473
-533
-528
-428
-415
-458
-402
-226
-115
-167
-229
-144
-19
13
83
250
279
188
168
203
205
192
194
140
22
-89
-44
25
-42
-99
-38
27
14
-9
-43
-159
-245
-242
-141
-105
-192
-210
-90
66
145
76
-29
-12
97
126
3
-82
0
70
92
91
-5
-116
-81
26
4
-49
-19
14
-79
-209
-311
-409
-468
-412
-331
-347
-497
-576
-447
-352
-453
-575
-476
-341
-361
-451
-485
-431
-365
-394
-432
-433
-375
-343
-294
-291
-316
-230
-107
3
85
145
150
163
177
113
-16
-73
55
73
-39
-103
-37
2
-53
-108
-137
-120
-60
-11
16
9
-3
40
111
75
71
178
300
329
329
377
429
453
394
381
402
395
437
458
425
467
560
563
500
496
432
392
369
332
324
327
320
355
400
296
203
284
288
241
196
137
138
220
348
392
326
295
446
542
510
548
635
658
698
724
734
738
695
732
870
914
819
780
923
932
832
825
811
757
764
773
785
860
981
1042
1028
1039
1073
1135
1171
1173
1187
1184
1191
1274
1405
1401
1287
1316
1508
1635
1602
1556
1563
1567
1584
1571
1439
1323
1237
1138
1077
1089
1073
998
941
913
817
709
688
671
579
460
378
362
334
385
500
483
451
549
576
552
614
726
748
717
755
819
775
777
845
901
916
936
978
1024
1031
1004
921
891
919
868
773
697
600
463
362
393
450
397
324
396
497
421
254
163
190
187
60
-93
-208
-250
-241
-193
-194
-308
-359
-192
-65
-118
-190
-127
-43
-100
-206
-394
-574
-546
-469
-486
-557
-495
-353
-301
-284
-208
-77
-63
-111
-87
-106
-232
-291
-291
-366
-506
-499
-471
-602
-700
-685
-644
-638
-674
-710
-759
-746
-627
-585
-670
-665
-524
-465
-518
-615
-679
-687
-622
-535
-523
-557
-517
-432
-401
-400
-344
-337
-396
-400
-415
-475
-584
-692
-739
-760
-772
-757
-731
-655
-558
-546
-587
-604
-536
-525
-611
-653
-632
-578
-544
-550
-615
-620
-490
-421
-458
-531
-615
-621
-557
-557
-638
-678
-748
-922
-999
-979
-1052
-1217
-1384
-1415
-1369
-1350
-1423
-1422
-1260
-1098
-1031
-972
-886
-887
-988
-1007
-1002
-1051
-1178
-1296
-1284
-1146
-1039
-1067
-1133
-1066
-910
-873
-996
-1076
-1045
-1043
-1128
-1161
-1125
-1178
-1281
-1308
-1226
-1145
-1155
-1128
-1058
-1072
-1075
-1036
-985
-942
-979
-1030
-1003
-979
-1030
-1025
-973
-996
-1053
-1062
-1038
-1063
-1029
-992
-983
-975
-932
-783
-673
-726
-737
-689
-616
-568
-595
-592
-484
-319
-280
-236
-232
-246
-140
-74
-139
-253
-326
-278
-207
-245
-395
-530
-490
-349
-316
-456
-622
-679
-585
-432
-383
-449
-525
-480
-383
-411
-547
-614
-553
-414
-273
-348
-563
-623
-561
-523
-521
-562
-533
-437
-386
-328
-337
-369
-375
-420
-379
-297
-384
-499
-460
-413
-505
-591
-546
-465
-491
-444
-338
-347
-351
-313
-296
-319
-310
-213
-92
-54
-109
-33
94
157
219
276
351
366
364
468
622
661
625
626
662
688
628
644
712
692
693
746
761
742
688
543
484
552
575
544
462
479
534
508
546
614
641
633
580
551
605
649
555
476
554
614
548
515
626
693
634
599
525
504
592
679
757
833
924
1011
1072
1240
1411
1437
1368
1281
1344
1458
1370
1222
1265
1386
1396
1345
1276
1198
1175
1266
1257
1148
1142
1218
1286
1315
1272
1240
1208
1132
1103
1089
1011
967
875
771
738
750
724
633
606
688
668
624
585
568
517
465
450
416
419
410
463
437
327
251
251
224
219
277
281
285
326
390
525
601
690
744
747
747
754
767
823
935
899
779
776
807
827
772
651
586
569
507
474
482
553
651
569
416
459
501
490
462
482
615
627
606
664
692
687
652
594
586
631
646
596
576
594
537
445
371
378
446
514
550
521
373
413
607
632
484
410
466
495
476
376
237
198
242
182
68
24
-45
-2
80
-40
-186
-200
-173
-172
-179
-239
-299
-244
-202
-239
-255
-216
-174
-193
-200
-196
-192
-242
-286
-216
-111
-118
-170
-133
-64
-45
-17
52
66
0
23
209
396
379
320
354
370
333
309
186
-12
-132
-175
-161
-158
-180
-175
-167
-241
-286
-233
-226
-262
-280
-301
-397
-460
-483
-549
-604
-643
-613
-652
-778
-773
-674
-627
-636
-720
-795
-788
-787
-790
-817
-931
-983
-950
-898
-829
-775
-758
-744
-729
-662
-631
-651
-623
-527
-462
-434
-426
-414
-371
-320
-353
-425
-438
-397
-359
-365
-333
-282
-323
-454
-489
-495
-502
-531
-638
-702
-718
-646
-516
-492
-558
-589
-513
-452
-416
-340
-349
-356
-291
-189
-166
-145
-115
-111
-86
-65
0
116
209
236
343
415
371
339
326
257
236
224
208
195
201
221
281
342
456
522
449
443
526
602
620
560
492
404
365
395
426
468
471
482
537
566
504
449
449
444
344
300
363
358
208
135
206
244
165
121
158
155
198
245
155
22
19
96
178
120
-3
-45
74
202
128
57
155
282
256
199
271
322
271
195
173
261
272
175
156
209
268
302
305
319
315
349
389
407
430
351
270
292
282
279
283
244
171
163
219
211
180
203
241
233
258
326
356
370
400
442
502
561
543
365
345
456
463
425
472
572
661
732
775
855
905
873
776
781
833
883
914
872
866
900
894
919
979
1006
1014
999
1020
1070
1063
947
818
738
715
730
684
665
795
865
853
813
827
887
878
834
806
828
838
789
810
881
909
930
952
882
810
815
857
844
801
818
868
917
901
796
777
913
956
937
984
1005
991
972
946
910
886
963
1077
1100
1079
1107
1153
1178
1153
1157
1196
1147
1012
956
962
891
783
712
678
628
633
677
591
414
349
269
181
128
60
-10
-64
-151
-231
-234
-317
-550
-745
-745
-645
-678
-799
-824
-780
-743
-697
-691
-766
-754
-696
-652
-660
-634
-555
-435
-390
-373
-277
-242
-223
-209
-269
-260
-180
-180
-278
-322
-286
-297
-374
-359
-346
-446
-548
-532
-420
-387
-477
-556
-523
-410
-342
-325
-375
-468
-515
-457
-356
-376
-446
-506
-506
-431
-490
-632
-640
-573
-579
-558
-579
-643
-711
-769
-763
-754
-837
-980
-1009
-989
-985
-1027
-1078
-1095
-1052
-1043
-1084
-1110
-1079
-1034
-1003
-975
-959
-1034
-1101
-1091
-1074
-1036
-916
-760
-702
-671
-540
-412
-436
-569
-641
-634
-626
-659
-722
-765
-821
-904
-960
-983
-1039
-1088
-1097
-1154
-1196
-1167
-1198
-1211
-1240
-1277
-1283
-1270
-1255
-1251
-1285
-1322
-1305
-1270
-1280
-1265
-1239
-1172
-1051
-902
-759
-674
-634
-658
-714
-794
-744
-673
-703
-759
-748
-732
-732
-746
-793
-852
-834
-747
-708
-806
-901
-944
-965
-1021
-1083
-1131
-1166
-1197
-1199
-1237
-1292
-1274
-1236
-1245
-1234
-1231
-1205
-1070
-950
-961
-1055
-1039
-875
-760
-794
-830
-800
-767
-702
-671
-707
-698
-607
-546
-573
-555
-454
-459
-491
-429
-445
-562
-572
-520
-533
-550
-531
-517
-529
-559
-558
-544
-580
-566
-431
-381
-398
-348
-271
-216
-201
-196
-144
-67
-119
-195
-164
-67
29
96
112
124
244
352
368
284
241
312
357
316
316
385
433
385
342
321
269
204
135
134
184
181
96
32
97
190
126
44
26
69
191
284
272
287
421
545
504
411
494
676
730
758
850
908
923
962
995
940
911
967
1015
958
920
940
935
903
931
949
884
750
758
838
738
650
633
625
665
793
823
737
690
754
849
832
712
736
886
992
999
924
832
800
817
814
750
692
715
792
828
762
687
662
669
650
650
669
630
619
602
525
470
468
441
417
451
533
589
649
649
583
582
624
625
639
715
768
790
833
846
815
836
907
873
832
880
817
651
552
561
566
500
386
307
286
357
412
396
386
424
514
569
544
548
589
619
618
626
619
627
690
738
773
808
831
913
1037
1072
1046
1071
1158
1212
1187
1118
1108
1129
1088
933
835
905
987
973
927
927
890
886
987
1016
932
903
913
914
928
964
894
765
735
717
590
531
499
472
505
495
399
343
366
363
365
389
426
488
641
745
649
483
464
581
592
513
475
461
441
428
463
458
402
377
388
390
328
218
164
141
141
111
-17
-202
-333
-348
-343
-497
-630
-609
-550
-540
-593
-624
-548
-534
-566
-542
-498
-413
-326
-324
-310
-209
-163
-210
-220
-188
-126
-46
27
70
20
-88
-108
-67
-46
-112
-215
-206
-128
-44
-50
-120
-162
-206
-339
-442
-476
-548
-645
-709
-752
-800
-894
-942
-931
-893
-906
-925
-872
-859
-966
-1048
-1016
-943
-896
-913
-867
-814
-801
-777
-735
-702
-688
-680
-674
-677
-689
-653
-587
-603
-633
-648
-650
-633
-620
-658
-732
-749
-713
-704
-670
-583
-613
-683
-663
-618
-662
-679
-608
-557
-557
-564
-643
-733
-820
-801
-700
-645
-673
-604
-500
-485
-529
-558
-525
-516
-546
-546
-504
-452
-429
-456
-511
-536
-505
-454
-407
-390
-365
-239
-163
-221
-291
-306
-290
-231
-146
-109
-88
-28
-9
15
46
14
-69
-90
-33
15
57
53
37
63
78
21
-78
-141
-128
-142
-209
-288
-365
-412
-417
-409
-401
-416
-465
-514
-525
-493
-489
-520
-530
-494
-499
-556
-544
-467
-388
-322
-213
-80
43
95
117
133
63
64
141
162
161
237
297
311
341
342
307
279
311
380
430
447
455
466
472
425
353
314
292
251
253
319
382
427
467
525
670
744
639
596
706
789
732
655
703
855
953
949
889
828
784
780
823
828
751
712
779
777
606
483
519
598
583
438
324
300
317
308
228
192
236
292
329
316
350
404
405
398
375
349
393
426
444
494
526
576
654
674
702
755
723
649
665
721
698
626
634
627
683
790
804
755
800
852
867
873
815
798
832
845
732
598
600
612
617
557
590
683
653
607
575
516
530
595
701
728
644
655
752
830
830
716
633
634
658
653
634
615
542
431
432
477
413
337
381
445
426
428
453
470
520
577
594
563
592
623
545
527
565
526
485
481
466
469
515
524
468
421
430
418
344
253
220
204
150
142
170
138
73
68
138
185
120
70
57
45
57
28
-4
13
19
-17
-17
-32
-57
-20
54
111
106
1
17
87
67
-41
-108
-39
84
119
55
54
74
49
43
67
117
202
213
178
206
240
193
204
245
220
97
20
86
93
-4
-42
-43
-52
-110
-185
-290
-467
-570
-605
-608
-661
-757
-811
-824
-828
-909
-1020
-1122
-1152
-1049
-965
-1017
-1181
-1247
-1170
-1118
-1177
-1248
-1290
-1262
-1162
-1095
-1106
-1101
-1029
-942
-864
-830
-782
-753
-700
-561
-502
-538
-478
-369
-343
-390
-370
-356
-401
-424
-404
-426
-526
-560
-548
-580
-695
-773
-799
-779
-761
-820
-867
-867
-875
-954
-1092
-1191
-1202
-1164
-1209
-1291
-1309
-1264
-1308
-1335
-1275
-1251
-1309
-1349
-1308
-1224
-1245
-1267
-1200
-1148
-1116
-1085
-1007
-921
-894
-942
-1001
-935
-837
-830
-867
-904
-924
-915
-987
-1043
-1047
-1012
-940
-878
-880
-898
-925
-903
-879
-957
-1070
-1133
-1113
-1081
-1104
-1181
-1359
-1453
-1368
-1331
-1368
-1321
-1236
-1236
-1272
-1252
-1216
-1268
-1286
-1237
-1202
-1217
-1270
-1301
-1302
-1297
-1279
-1243
-1162
-1072
-1055
-1087
-1073
-1007
-966
-902
-781
-709
-633
-533
-444
-368
-368
-440
-480
-419
-381
-356
-362
-345
-335
-403
-454
-490
-558
-611
-615
-625
-635
-511
-350
-354
-399
-350
-312
-349
-353
-297
-313
-465
-523
-475
-483
-518
-501
-471
-439
-400
-382
-404
-348
-239
-200
-128
13
61
40
65
163
257
255
247
308
337
336
364
354
273
210
200
153
136
196
229
254
284
276
283
338
385
400
454
531
603
619
663
754
791
792
833
857
816
814
932
1091
1182
1114
983
961
954
1000
1064
963
866
871
897
906
931
949
906
852
855
827
736
677
707
742
641
479
489
535
511
453
413
410
430
435
451
469
482
475
449
444
504
557
578
579
565
589
598
654
671
706
713
649
571
546
621
668
605
508
426
395
439
476
408
360
342
349
360
304
183
113
106
84
43
53
105
151
175
93
-7
24
143
199
190
169
107
71
43
12
84
126
95
104
118
74
59
84
76
87
119
222
388
542
590
610
621
647
677
671
688
743
730
675
667
702
714
680
696
766
837
853
874
911
959
940
934
922
896
855
836
864
857
740
644
670
760
718
626
527
462
410
342
322
302
239
211
163
52
-50
-78
-119
-190
-242
-284
-373
-459
-488
-495
-438
-442
-530
-566
-530
-526
-568
-606
-621
-621
-590
-540
-575
-633
-578
-434
-366
-379
-397
-419
-459
-425
-390
-462
-590
-622
-598
-596
-652
-694
-726
-723
-695
-631
-576
-565
-604
-654
-693
-720
-784
-862
-914
-983
-1024
-1027
-1040
-1100
-1122
-1065
-1020
-1019
-1007
-1015
-999
-976
-941
-846
-761
-736
-732
-722
-619
-522
-496
-449
-407
-482
-576
-596
-627
-638
-594
-608
-697
-668
-548
-505
-536
-572
-578
-591
-669
-659
-571
-563
-569
-512
-474
-487
-456
-482
-544
-609
-638
-619
-652
-689
-631
-614
-664
-671
-621
-600
-670
-765
-815
-822
-849
-915
-928
-862
-802
-762
-732
-761
-798
-790
-744
-677
-601
-612
-689
-710
-687
-646
-634
-640
-615
-618
-596
-501
-430
-422
-440
-428
-388
-346
-319
-283
-224
-197
-196
-186
-90
-23
-18
12
73
144
294
381
384
413
471
479
414
381
435
463
444
446
488
424
343
289
216
231
265
258
253
300
358
412
412
399
429
440
401
360
288
230
193
222
249
241
140
56
57
49
13
-53
-87
-116
-171
-174
-111
-47
-65
-105
-97
-84
-72
-39
-57
-79
-36
33
66
38
89
153
167
267
404
403
310
277
348
447
500
518
418
353
414
481
524
537
528
547
545
457
339
232
160
117
91
86
98
121
147
160
153
158
138
110
115
128
168
189
195
249
288
337
415
448
473
486
494
528
607
667
664
726
819
875
858
808
799
904
980
910
813
802
845
848
857
922
906
890
890
903
905
823
735
645
574
559
577
576
554
499
428
380
387
365
312
263
227
244
234
201
254
287
264
224
159
97
70
100
159
194
169
129
177
284
367
451
468
483
550
628
693
748
726
636
573
548
488
474
559
685
727
781
816
822
856
920
968
940
817
775
835
845
781
708
681
670
646
618
575
528
542
511
423
410
458
451
454
469
399
299
258
249
190
99
42
10
-3
0
44
70
8
-6
0
-34
-64
-112
-129
-82
-131
-226
-254
-270
-271
-268
-328
-425
-537
-580
-617
-706
-719
-740
-788
-776
-716
-692
-778
-908
-989
-1063
-1116
-1159
-1182
-1238
-1296
-1327
-1347
-1401
-1462
-1460
-1439
-1461
-1434
-1381
-1393
-1409
-1410
-1432
-1456
-1430
-1379
-1361
-1374
-1323
-1261
-1221
-1198
-1263
-1364
-1383
-1296
-1255
-1317
-1355
-1319
-1311
-1275
-1203
-1164
-1170
-1175
-1189
-1265
-1317
-1320
-1299
-1310
-1374
-1437
-1426
-1373
-1361
-1345
-1278
-1199
-1204
-1219
-1143
-1057
-1046
-1109
-1168
-1106
-1037
-1054
-1077
-1057
-1038
-1109
-1184
-1196
-1214
-1265
-1262
-1239
-1240
-1272
-1351
-1401
-1410
-1368
-1317
-1327
-1414
-1406
-1325
-1299
-1310
-1386
-1486
-1525
-1499
-1450
-1475
-1528
-1560
-1514
-1420
-1370
-1402
-1411
-1333
-1275
-1268
-1268
-1271
-1270
-1275
-1287
-1258
-1214
-1218
-1170
-1020
-877
-818
-851
-836
-723
-643
-683
-706
-635
-445
-356
-370
-359
-265
-118
-28
-16
3
-21
-64
-90
-123
-163
-158
-81
-44
-13
2
-25
-6
-2
-55
-115
-130
-111
-142
-171
-107
-109
-254
-269
-137
-87
-116
-161
-232
-297
-319
-283
-281
-306
-239
-127
-30
25
79
122
188
254
270
259
326
403
462
444
401
390
389
461
513
450
364
359
375
352
317
364
441
468
483
523
568
605
652
668
596
498
480
540
609
607
549
537
551
578
654
748
748
710
695
686
695
706
755
821
878
891
817
739
749
778
844
880
850
873
912
898
900
928
971
1043
1099
1058
1012
1056
1095
1075
1061
1067
1044
1063
1085
1090
1094
1072
1025
1037
1025
1038
1088
1102
1080
1066
1091
1139
1119
1124
1112
1042
1006
1052
1140
1226
1242
1177
1174
1240
1254
1210
1174
1144
1122
1122
1109
1047
946
870
803
772
852
893
841
824
870
950
961
913
914
1002
985
904
834
815
844
926
980
979
1002
1050
1103
1194
1311
1389
1456
1500
1567
1655
1702
1727
1751
1799
1803
1740
1740
1783
1712
1632
1691
1734
1675
1586
1609
1643
1615
1528
1434
1334
1255
1209
1192
1095
959
859
732
644
611
567
463
326
237
186
191
231
189
103
24
-23
28
139
186
167
96
42
107
199
186
130
167
219
227
239
261
232
189
141
142
146
61
-52
-105
-79
-44
-6
51
24
-46
-76
-94
-151
-206
-237
-278
-331
-280
-218
-282
-319
-335
-373
-420
-466
-495
-512
-550
-597
-583
-583
-639
-653
-622
-651
-702
-721
-701
-692
-734
-764
-760
-767
-760
-669
-555
-466
-423
-417
-409
-400
-337
-243
-165
-93
-75
-81
-35
2
72
122
111
140
206
213
183
146
81
-10
-88
-155
-173
-163
-224
-371
-498
-498
-452
-477
-586
-688
-688
-653
-677
-772
-847
-824
-807
-825
-840
-859
-833
-751
-704
-738
-748
-668
-640
-658
-600
-426
-349
-369
-353
-331
-320
-297
-256
-287
-349
-360
-290
-163
-90
-121
-135
-129
-116
-107
-71
18
69
54
1
-29
33
86
112
178
167
95
66
136
188
134
67
40
61
127
183
250
295
315
388
430
412
431
445
471
471
377
337
409
418
346
319
335
290
212
147
82
39
30
43
12
-60
-109
-116
-115
-105
-73
-102
-212
-308
-320
-320
-333
-314
-299
-371
-351
-242
-158
-91
-23
1
37
56
31
53
131
173
157
130
156
231
290
331
370
441
403
286
283
319
257
142
113
64
-1
-50
-71
-77
-110
-141
-140
-196
-308
-327
-284
-258
-235
-275
-278
-164
-18
89
141
170
253
328
414
517
606
647
681
696
729
808
878
899
873
818
797
826
840
826
866
841
706
638
650
605
544
517
503
519
560
516
437
393
327
219
137
109
137
172
159
101
65
109
149
112
86
141
172
82
-28
-98
-83
-84
-108
-147
-183
-231
-264
-232
-152
-102
-75
-36
-21
0
36
61
124
246
361
460
587
692
714
759
875
1043
1214
1311
1320
1378
1498
1580
1569
1583
1678
1769
1855
1970
2015
1936
1845
1751
1723
1825
1885
1863
1833
1861
1914
1905
1819
1719
1691
1628
1480
1374
1367
1331
1240
1195
1199
1180
1123
1062
1006
959
878
759
697
652
621
640
697
685
635
645
693
707
675
612
504
430
425
437
452
533
587
532
463
506
566
487
370
296
196
30
-60
-43
-33
-41
-106
-260
-400
-465
-503
-548
-582
-602
-582
-536
-521
-490
-456
-455
-424
-424
-471
-543
-614
-678
-718
-727
-756
-705
-615
-615
-683
-681
-669
-720
-779
-786
-787
-845
-938
-1015
-1030
-1030
-1003
-935
-836
-764
-736
-734
-711
-752
-804
-766
-717
-697
-702
-685
-664
-673
-615
-550
-535
-567
-596
-571
-542
-540
-551
-607
-662
-647
-623
-615
-620
-638
-650
-666
-699
-728
-775
-787
-771
-810
-899
-935
-887
-930
-1056
-1165
-1273
-1321
-1376
-1467
-1530
-1520
-1508
-1509
-1516
-1522
-1542
-1506
-1483
-1487
-1485
-1478
-1441
-1368
-1340
-1319
-1245
-1196
-1146
-1061
-970
-911
-833
-784
-741
-697
-657
-640
-582
-496
-466
-459
-461
-474
-450
-396
-346
-334
-316
-262
-185
-85
4
107
220
305
320
239
139
127
149
159
129
33
-57
-58
-28
-70
-128
-153
-155
-140
-137
-163
-162
-106
-100
-186
-269
-301
-317
-335
-371
-389
-327
-271
-289
-360
-397
-394
-425
-488
-561
-569
-508
-457
-503
-632
-759
-792
-706
-581
-538
-629
-663
-574
-483
-476
-535
-582
-573
-541
-516
-575
-629
-593
-509
-462
-429
-388
-336
-331
-404
-431
-386
-354
-364
-372
-370
-380
-435
-449
-368
-318
-384
-537
-574
-500
-449
-469
-486
-451
-352
-269
-264
-248
-206
-236
-215
-107
-58
-74
-63
-45
-70
-66
-5
73
109
140
115
95
104
91
60
26
62
188
212
158
188
253
278
294
307
279
289
360
439
451
412
356
348
352
385
466
482
436
456
492
482
445
411
363
337
352
395
450
499
481
406
360
346
342
324
334
373
386
454
574
659
696
738
743
700
711
770
817
811
795
794
819
861
909
951
930
903
931
964
968
1039
1088
1030
985
1076
1180
1245
1323
1364
1375
1414
1393
1321
1247
1210
1181
1128
1059
991
952
961
960
899
874
851
839
831
797
713
629
594
651
711
706
708
761
787
736
644
503
384
376
412
395
288
200
213
304
418
434
355
374
455
516
557
569
576
539
490
501
566
577
510
457
465
476
459
439
438
467
447
383
395
464
484
420
331
353
360
333
304
255
152
132
156
107
40
36
33
7
-58
-123
-141
-121
-124
-124
-28
99
101
90
192
265
237
240
230
221
248
249
251
226
211
244
304
345
386
460
492
530
558
508
464
482
466
310
156
116
69
-55
-194
-311
-397
-437
-520
-642
-784
-877
-937
-1048
-1107
-1088
-1026
-1011
-1103
-1208
-1194
-1162
-1202
-1236
-1237
-1288
-1342
-1340
-1319
-1343
-1356
-1396
-1432
-1434
-1389
-1358
-1414
-1463
-1438
-1382
-1321
-1238
-1164
-1132
-1096
-1047
-963
-812
-644
-568
-547
-540
-559
-541
-480
-416
-378
-340
-223
-106
-66
-34
27
98
189
215
195
193
194
285
383
408
390
359
367
401
405
404
406
360
342
360
349
321
303
302
302
352
425
452
438
396
398
427
473
502
530
553
481
423
443
450
387
329
268
189
125
103
77
68
139
256
271
173
77
-16
-175
-361
-518
-626
-688
-707
-723
-773
-857
-881
-843
-729
-611
-571
-539
-526
-593
-680
-665
-605
-622
-686
-652
-547
-528
-567
-593
-601
-618
-675
-715
-712
-713
-688
-621
-545
-455
-405
-395
-351
-346
-359
-377
-362
-305
-264
-240
-146
-26
53
142
249
306
363
454
544
613
658
618
590
631
655
638
679
749
728
635
640
754
801
783
742
724
736
740
650
486
357
314
214
76
8
-61
-179
-255
-231
-218
-234
-235
-267
-298
-316
-363
-383
-374
-311
-263
-213
-273
-436
-518
-438
-305
-231
-212
-133
-5
32
28
63
159
264
342
409
407
299
228
241
275
285
277
341
467
541
541
512
482
511
560
564
590
653
656
671
730
785
842
969
1116
1212
1261
1291
1320
1412
1476
1526
1524
1487
1442
1516
1673
1766
1789
1814
1812
1801
1757
1725
1720
1721
1691
1614
1535
1457
1402
1386
1381
1305
1192
1128
1141
1115
1057
1034
993
908
806
763
731
669
562
474
458
433
423
510
543
486
466
503
459
374
289
215
120
94
162
163
110
128
253
373
363
300
246
286
349
301
245
194
148
187
275
277
289
397
503
621
761
793
754
720
685
611
577
550
524
585
653
637
600
580
544
548
602
624
563
478
488
531
545
489
458
507
585
586
535
564
574
495
465
502
491
488
477
413
356
317
386
475
428
335
306
292
316
357
293
219
305
425
403
286
227
201
148
139
118
28
-87
-212
-274
-271
-303
-356
-358
-343
-412
-549
-678
-772
-864
-888
-852
-886
-955
-1014
-1075
-1034
-963
-991
-1043
-965
-856
-782
-715
-655
-571
-502
-468
-456
-421
-340
-231
-163
-105
2
97
104
95
71
81
196
341
397
353
310
300
263
165
57
-13
14
65
70
85
195
210
120
113
162
81
-92
-268
-441
-591
-682
-718
-787
-898
-913
-836
-791
-855
-960
-984
-1032
-1111
-1176
-1227
-1302
-1403
-1406
-1314
-1236
-1179
-1131
-1063
-1010
-968
-881
-776
-692
-552
-472
-497
-520
-438
-392
-339
-196
-136
-76
84
229
236
128
46
79
146
184
176
153
119
32
6
-70
-234
-337
-326
-383
-507
-588
-652
-782
-933
-1037
-1126
-1226
-1201
-1119
-1189
-1343
-1429
-1489
-1495
-1436
-1389
-1365
-1303
-1254
-1196
-1189
-1217
-1133
-993
-910
-816
-698
-587
-448
-329
-228
-150
-87
-44
40
171
191
117
167
179
90
-7
-48
-102
-105
-15
34
-73
-213
-352
-529
-638
-649
-744
-807
-785
-841
-992
-1092
-1179
-1334
-1416
-1423
-1441
-1438
-1389
-1342
-1283
-1274
-1284
-1274
-1230
-1178
-1146
-1108
-1025
-908
-815
-761
-735
-692
-651
-596
-448
-294
-133
29
180
265
333
418
444
473
526
634
726
752
756
817
858
884
932
987
1000
1013
1025
1049
1079
1118
1185
1240
1260
1318
1394
1426
1420
1390
1328
1250
1157
1111
1178
1193
1041
873
788
774
799
828
868
869
827
850
895
910
889
905
940
949
998
1090
1154
1206
1259
1299
1288
1295
1306
1269
1246
1278
1337
1398
1369
1338
1376
1389
1282
1173
1143
1085
999
939
938
915
831
670
583
624
687
690
621
562
518
445
409
339
260
226
203
151
120
75
-58
-209
-278
-312
-344
-400
-429
-398
-402
-440
-517
-593
-620
-578
-493
-427
-389
-351
-387
-510
-631
-627
-614
-726
-786
-610
-380
-226
-198
-212
-127
-9
69
186
277
267
293
364
403
353
366
471
545
550
575
617
718
811
802
764
710
651
600
569
537
509
481
427
386
360
335
319
299
287
328
432
508
536
505
471
435
446
479
519
527
474
445
443
477
528
523
525
591
632
655
616
463
365
418
472
492
517
559
596
598
574
450
308
228
176
107
98
166
190
147
111
118
163
194
209
228
319
381
357
279
169
72
-45
-118
-69
-55
-72
-42
2
-24
-120
-181
-217
-197
-116
-113
-156
-142
-151
-175
-189
-293
-445
-489
-433
-382
-396
-418
-380
-354
-365
-386
-392
-383
-308
-232
-192
-79
36
32
0
-29
-25
48
140
205
251
231
182
140
99
47
14
-77
-192
-320
-418
-500
-539
-534
-569
-678
-763
-768
-831
-921
-989
-1151
-1456
-1712
-1858
-1969
-2049
-2087
-2140
-2147
-2131
-2094
-2016
-1951
-1901
-1857
-1819
-1793
-1796
-1797
-1833
-1861
-1768
-1676
-1559
-1397
-1198
-1060
-920
-739
-588
-522
-554
-584
-567
-579
-547
-447
-402
-427
-369
-297
-279
-276
-285
-205
-158
-136
-138
-212
-264
-293
-450
-573
-653
-710
-794
-876
-914
-803
-684
-640
-668
-682
-631
-627
-629
-527
-417
-506
-684
-711
-596
-510
-346
-189
-214
-276
-140
-106
-206
-210
-142
-89
35
317
367
363
245
271
512
556
573
790
851
746
641
520
584
601
681
730
677
736
747
745
799
845
903
730
585
591
524
413
472
304
217
57
-49
-129
-126
-68
78
83
-22
-336
-509
-425
-411
-401
-391
-473
-220
-46
199
372
410
409
471
636
612
542
724
956
1018
1220
1166
1267
1417
1470
1673
1898
1779
1542
1348
1315
1329
1317
1270
1218
1189
1179
1126
1276
1427
1249
1075
986
924
816
881
1042
1043
931
821
747
759
910
899
735
716
716
653
547
504
527
394
348
341
314
461
758
716
708
676
508
498
597
549
661
684
742
747
693
696
752
708
824
834
830
976
816
858
886
823
898
1142
1076
1060
908
955
1057
843
818
1047
955
947
925
848
967
1019
987
831
583
546
440
458
619
531
429
471
515
533
429
380
540
497
350
278
296
320
333
151
141
345
380
447
542
524
445
234
294
296
107
42
123
133
144
206
365
304
223
353
424
436
381
230
310
325
193
113
-66
-184
-141
-55
-60
-144
-250
-226
-296
-468
-440
-446
-479
-401
-570
-654
-551
-628
-594
-597
-710
-723
-764
-802
-755
-832
-719
-610
-651
-722
-821
-707
-638
-749
-728
-704
-681
-587
-505
-377
-295
-337
-234
-153
-169
-148
-125
-220
-252
-362
-389
-344
-357
-312
-267
-254
-392
-507
-517
-569
-577
-564
-680
-837
-867
-931
-901
-892
-966
-1004
-1061
-1044
-1001
-1043
-1093
-1154
-1241
-1252
-1373
-1434
-1268
-1329
-1391
-1321
-1436
-1539
-1510
-1529
-1527
-1622
-1629
-1564
-1528
-1505
-1633
-1703
-1462
-1364
-1311
-1265
-1300
-1241
-1132
-1134
-1050
-993
-904
-758
-709
-621
-570
-670
-624
-540
-579
-604
-592
-667
-726
-672
-668
-876
-1039
-1080
-1218
-1306
-1269
-1186
-1139
-1159
-1062
-1002
-1231
-1310
-1296
-1412
-1430
-1242
-1203
-1198
-1091
-1094
-1140
-1144
-1088
-1147
-1152
-1066
-1061
-1181
-1307
-1226
-1190
-1174
-1017
-983
-1055
-913
-613
-503
-552
-510
-427
-491
-443
-452
-669
-783
-714
-631
-622
-853
-899
-823
-854
-848
-756
-883
-1050
-998
-911
-987
-1081
-1108
-1155
-1177
-1250
-1229
-1205
-1289
-1215
-1127
-1285
-1386
-1328
-1322
-1348
-1218
-1174
-1187
-1200
-1231
-987
-701
-534
-468
-336
-237
-211
-182
-114
-137
-67
218
465
557
565
836
1058
895
966
1113
1001
908
892
930
990
942
986
1018
931
837
716
677
599
537
721
794
697
701
739
786
943
887
634
533
452
505
564
571
527
487
553
806
917
881
876
826
812
928
1081
1162
1172
1147
1001
997
1119
1232
1378
1392
1310
1402
1483
1466
1555
1485
1336
1283
1218
1177
1204
1171
1233
1305
1285
1229
1143
1143
1076
933
842
825
925
1042
1018
935
916
827
715
555
457
566
561
460
344
328
297
225
74
-73
-149
-1
75
167
232
232
290
465
478
506
646
738
759
967
1149
1172
1187
1260
1400
1493
1602
1822
1912
1973
2057
2094
2139
2278
2469
2477
2353
2324
2377
2377
2276
2168
2145
2189
1983
1754
1728
1669
1500
1507
1411
1177
941
825
764
740
720
681
522
489
433
347
353
293
252
357
341
322
390
304
278
311
427
467
452
535
636
698
884
981
1052
1114
1114
1090
1091
1101
1137
1103
1060
1033
1055
1002
945
826
898
931
790
837
915
789
724
649
559
577
552
525
453
304
211
182
141
155
67
75
162
91
39
156
164
236
258
159
137
205
256
232
131
13
-42
-39
15
56
64
14
63
-59
-70
5
-89
-128
-102
-191
-235
-202
-182
-222
-287
-266
-273
-353
-362
-286
-221
-58
-14
-64
7
50
-19
-81
-74
-65
-33
43
76
-43
-196
-374
-441
-474
-505
-666
-857
-919
-915
-968
-1058
-1107
-1197
-1275
-1264
-1339
-1430
-1454
-1521
-1573
-1492
-1494
-1503
-1462
-1398
-1227
-1012
-880
-774
-663
-568
-483
-367
-391
-451
-403
-275
-176
-120
-21
105
201
215
118
-55
-149
-43
100
6
-208
-311
-381
-325
-260
-347
-585
-626
-532
-376
-341
-485
-533
-427
-389
-527
-681
-788
-817
-750
-813
-921
-856
-846
-819
-689
-661
-765
-768
-758
-724
-701
-697
-665
-705
-736
-687
-646
-645
-573
-514
-479
-435
-411
-381
-292
-201
-261
-334
-199
-227
-314
-195
-75
-4
34
56
147
180
138
249
320
393
484
520
587
729
781
807
808
816
739
678
594
444
431
428
357
331
249
237
234
109
45
60
104
121
95
56
36
0
-18
55
9
-103
-125
-35
72
162
183
267
341
279
193
265
366
465
424
374
445
636
787
677
646
671
632
653
689
678
596
615
664
576
428
364
241
132
107
44
54
-10
-12
8
-59
-107
-217
-446
-449
-309
-367
-448
-466
-454
-360
-386
-464
-466
-508
-657
-680
-737
-781
-775
-859
-808
-818
-923
-899
-779
-750
-706
-683
-718
-779
-817
-708
-711
-760
-804
-681
-583
-584
-446
-245
-171
-91
-13
74
198
185
163
345
532
544
632
646
589
742
880
866
836
940
1000
944
1001
1062
993
856
758
677
727
708
584
583
528
475
459
398
411
366
396
420
332
310
468
550
526
647
691
735
794
862
984
1123
1096
1162
1382
1527
1569
1573
1617
1737
1783
1836
1798
1783
1712
1712
1628
1536
1458
1506
1431
1244
1087
997
852
716
714
595
431
419
493
437
197
31
53
-12
-140
-173
-418
-569
-453
-509
-555
-532
-513
-501
-417
-443
-530
-604
-671
-664
-585
-589
-717
-778
-820
-900
-920
-773
-671
-732
-738
-666
-645
-554
-370
-261
-278
-377
-447
-335
-228
-187
-121
-42
-21
-40
-14
-42
28
-30
-73
-24
-61
-143
-216
-372
-411
-415
-481
-516
-591
-627
-554
-574
-702
-901
-1106
-1130
-1134
-1303
-1529
-1666
-1723
-1708
-1771
-1919
-1969
-1996
-2038
-2033
-2120
-2202
-2089
-1973
-2011
-2067
-2029
-2050
-1980
-1794
-1838
-1937
-1851
-1637
-1505
-1482
-1408
-1351
-1230
-1031
-945
-936
-908
-802
-688
-503
-388
-388
-303
-166
-179
-138
-111
-173
-222
-249
-332
-415
-345
-303
-374
-422
-407
-445
-412
-348
-385
-478
-497
-455
-514
-756
-858
-745
-754
-780
-730
-624
-627
-565
-547
-503
-464
-477
-355
-297
-406
-401
-310
-321
-339
-251
-229
-235
-177
-121
-149
-125
5
-31
-35
46
140
162
141
151
100
-19
-105
-180
-272
-323
-382
-447
-485
-552
-634
-769
-792
-851
-944
-1042
-1121
-1143
-1181
-1236
-1234
-1286
-1397
-1338
-1243
-1326
-1381
-1317
-1340
-1362
-1315
-1242
-1175
-1045
-1002
-947
-847
-724
-649
-673
-640
-493
-389
-280
-75
0
-4
44
23
72
290
386
243
142
306
372
408
467
451
346
384
460
605
648
671
723
591
416
304
221
65
-43
-38
42
-24
-40
102
41
-195
-294
-277
-345
-383
-360
-484
-638
-599
-720
-877
-857
-893
-939
-830
-790
-928
-945
-909
-900
-840
-791
-768
-718
-595
-485
-612
-654
-534
-448
-354
-298
-398
-283
-198
-214
-253
-311
-299
-211
-153
-50
-71
-107
-9
118
161
177
147
206
200
231
296
230
117
93
14
13
55
148
164
188
197
207
226
89
-68
-19
-65
-134
-50
-120
-212
-169
-136
-44
53
-88
-84
-1
-59
48
272
195
87
55
136
193
179
251
355
435
565
638
594
670
790
768
678
692
776
733
723
775
741
708
695
638
682
713
617
562
347
126
113
185
156
135
69
50
102
230
349
308
382
436
282
298
377
270
276
326
301
204
124
264
430
332
327
477
392
361
520
631
622
504
524
583
651
754
749
733
707
627
592
493
414
494
495
426
430
410
341
277
285
235
5
-60
-52
-162
-200
-247
-348
-317
-290
-320
-326
-280
-269
-407
-448
-361
-304
-342
-358
-276
-305
-403
-342
-257
-308
-305
-195
-244
-236
-144
-227
-272
-329
-465
-393
-336
-401
-418
-550
-662
-720
-716
-671
-642
-598
-540
-540
-528
-557
-568
-491
-483
-473
-511
-590
-618
-635
-592
-526
-570
-771
-873
-799
-826
-859
-902
-958
-991
-969
-967
-939
-904
-874
-826
-715
-760
-730
-680
-839
-862
-745
-841
-930
-901
-947
-998
-967
-937
-914
-856
-787
-747
-591
-494
-563
-549
-433
-443
-397
-311
-506
-609
-419
-287
-267
-237
-236
-175
-169
-215
-152
-114
-160
-228
-226
-279
-353
-335
-336
-352
-476
-627
-610
-540
-520
-574
-648
-689
-717
-750
-842
-742
-606
-701
-812
-871
-860
-736
-603
-618
-642
-587
-514
-524
-478
-481
-579
-656
-729
-727
-666
-659
-672
-659
-687
-686
-657
-529
-414
-443
-444
-359
-391
-479
-563
-537
-468
-420
-383
-324
-239
-123
-179
-320
-372
-371
-317
-226
-273
-279
-148
-107
-94
-71
-21
-1
-10
29
25
-19
-54
-47
-19
7
35
121
122
190
231
286
308
286
268
199
158
200
200
167
89
11
-24
-37
-37
-39
-159
-292
-277
-258
-321
-319
-320
-392
-393
-425
-418
-356
-416
-522
-605
-706
-783
-870
-878
-840
-878
-969
-1004
-1026
-959
-896
-796
-622
-455
-448
-480
-405
-335
-372
-470
-472
-454
-440
-352
-250
-209
-208
-157
-95
-74
-144
-117
49
121
94
76
12
107
221
252
266
280
293
283
379
558
548
495
610
710
720
788
803
770
812
803
792
815
797
794
780
727
704
708
658
642
689
681
646
606
497
468
486
487
461
564
603
603
696
755
738
689
683
677
628
636
693
749
816
845
942
1013
987
1006
1100
1108
1102
1083
1031
1025
1024
1017
942
924
1001
1074
1114
1146
1133
1113
1094
1172
1229
1073
994
988
965
920
938
877
801
729
707
790
750
717
769
755
777
859
858
893
988
965
978
980
957
1032
1057
906
913
1004
964
921
868
837
758
680
599
549
580
624
598
639
741
780
736
680
603
525
505
474
481
511
407
330
416
436
279
153
133
212
331
452
510
409
384
393
317
203
89
44
70
-3
-177
-218
-231
-311
-390
-502
-514
-454
-513
-502
-494
-585
-651
-722
-868
-875
-819
-825
-822
-725
-624
-582
-552
-514
-503
-464
-443
-394
-304
-336
-368
-365
-343
-349
-297
-179
-153
-233
-363
-414
-469
-561
-609
-668
-731
-757
-707
-673
-784
-789
-874
-1073
-1157
-1146
-1222
-1290
-1279
-1295
-1276
-1258
-1310
-1345
-1247
-1130
-1089
-1056
-1057
-1036
-970
-1005
-989
-854
-778
-772
-673
-540
-512
-502
-430
-347
-304
-337
-377
-260
-244
-322
-368
-268
-199
-153
-135
-235
-298
-329
-392
-406
-462
-528
-492
-542
-647
-754
-711
-670
-658
-558
-560
-635
-644
-674
-743
-782
-735
-651
-734
-790
-769
-800
-784
-738
-715
-746
-698
-608
-685
-793
-752
-747
-788
-768
-733
-712
-610
-570
-540
-480
-493
-669
-783
-836
-933
-981
-994
-927
-915
-937
-871
-811
-807
-784
-757
-711
-695
-704
-747
-741
-607
-542
-558
-482
-391
-335
-385
-376
-382
-470
-534
-588
-666
-719
-718
-603
-548
-630
-559
-369
-401
-475
-459
-503
-608
-660
-471
-312
-215
-48
2
-21
34
24
78
211
121
-11
99
239
258
239
317
446
463
448
450
467
440
334
194
94
-46
-269
-346
-256
-226
-250
-268
-244
-263
-241
-128
-140
-273
-380
-344
-282
-217
-132
-101
-118
29
205
247
174
199
229
121
12
79
175
237
251
282
402
549
551
551
539
536
605
577
472
502
662
784
856
839
755
723
845
961
998
974
925
923
1023
1062
1060
1088
1057
1057
1217
1303
1281
1354
1420
1385
1357
1394
1393
1471
1510
1389
1280
1296
1343
1312
1295
1225
1149
1151
1133
1070
997
922
936
1016
968
893
1013
1109
1092
1133
1264
1372
1322
1280
1364
1502
1603
1665
1650
1627
1644
1582
1550
1564
1625
1661
1651
1715
1792
1718
1696
1824
1864
1860
1926
1997
2017
1952
1817
1673
1590
1497
1413
1447
1469
1488
1613
1742
1703
1601
1596
1481
1318
1274
1311
1349
1403
1399
1299
1167
1092
1052
990
965
983
1062
1127
1053
1040
1080
1035
1010
1055
1052
1037
1027
1017
1043
1023
992
845
702
673
628
567
581
579
527
580
667
637
560
518
448
346
351
389
428
454
498
532
570
675
739
706
653
590
529
543
586
642
685
657
638
610
551
511
487
471
438
474
563
626
607
545
440
371
359
347
347
356
387
480
525
437
328
335
393
374
366
372
457
401
269
286
297
288
252
196
288
422
423
447
529
582
604
571
474
328
368
423
390
368
365
318
344
392
435
326
174
120
40
-55
-50
-16
-37
-130
-230
-256
-343
-459
-486
-517
-466
-411
-377
-224
-62
4
66
-12
-157
-133
-76
-42
-5
-14
-119
-241
-224
-177
-253
-268
-151
-172
-221
-182
-154
-171
-213
-219
-330
-441
-456
-502
-545
-544
-541
-491
-504
-587
-545
-484
-524
-578
-619
-702
-800
-884
-953
-842
-722
-723
-701
-618
-628
-695
-719
-777
-731
-630
-635
-548
-373
-396
-425
-360
-411
-460
-444
-454
-480
-415
-269
-117
-25
-18
68
121
107
97
106
87
114
183
126
22
-72
-98
-160
-231
-213
-211
-276
-387
-435
-490
-628
-669
-632
-672
-800
-800
-787
-761
-678
-530
-519
-570
-419
-316
-299
-179
-2
99
156
133
172
282
264
247
290
312
431
511
562
574
564
576
554
492
525
523
437
409
460
441
343
221
152
139
142
154
69
-90
-123
-9
101
60
25
26
33
35
51
83
98
4
28
148
170
192
236
162
150
189
234
320
325
296
293
288
364
452
439
492
526
429
395
427
445
421
434
388
338
342
231
104
123
197
197
101
70
98
88
140
146
108
126
71
39
108
167
184
202
227
221
294
367
403
456
571
624
627
650
725
816
853
778
744
861
985
1028
1068
1125
1122
1150
1095
1002
1052
1050
916
843
789
797
746
711
727
688
614
562
480
426
377
333
325
303
304
361
470
540
586
597
633
698
739
767
804
806
851
883
924
1032
1075
1067
1124
1257
1371
1417
1416
1441
1466
1411
1347
1344
1390
1404
1360
1343
1339
1291
1209
1129
1043
969
957
930
924
893
896
939
898
755
604
524
406
359
373
281
227
273
191
126
156
75
30
-37
-155
-214
-144
-39
-124
-306
-383
-422
-442
-485
-603
-690
-681
-603
-536
-424
-348
-334
-466
-616
-657
-664
-613
-521
-492
-388
-256
-305
-428
-535
-582
-580
-553
-487
-428
-356
-284
-301
-336
-436
-514
-447
-390
-341
-184
-89
-135
-118
-113
-133
-74
-97
-250
-290
-214
-111
-27
-78
-166
-187
-164
-246
-301
-281
-334
-441
-505
-468
-479
-479
-521
-570
-617
-576
-591
-721
-739
-633
-579
-584
-640
-593
-487
-503
-601
-651
-634
-583
-590
-581
-638
-689
-581
-483
-570
-737
-782
-748
-699
-685
-640
-591
-634
-648
-603
-636
-702
-644
-582
-575
-642
-612
-601
-680
-684
-666
-720
-756
-760
-834
-877
-823
-761
-776
-859
-919
-918
-884
-897
-949
-942
-868
-816
-752
-670
-563
-506
-504
-534
-689
-864
-951
-958
-967
-1007
-1052
-1064
-1108
-1010
-895
-851
-884
-880
-856
-872
-916
-971
-959
-886
-855
-890
-944
-882
-797
-825
-877
-937
-1024
-1110
-1174
-1256
-1347
-1394
-1293
-1293
-1294
-1126
-972
-932
-827
-779
-767
-751
-803
-811
-745
-657
-560
-465
-341
-170
-45
-47
-33
12
22
89
195
292
418
495
427
374
379
289
157
24
-58
-45
34
113
145
120
122
203
227
200
196
219
267
358
429
427
333
291
315
294
235
232
306
422
482
445
378
410
371
286
256
139
-23
-57
27
57
-1
4
7
7
18
-52
-103
-32
58
151
198
150
159
250
250
87
34
100
176
345
530
589
606
677
731
758
671
646
759
838
873
988
1124
1217
1266
1242
1140
1073
969
887
975
1096
1140
1190
1188
1135
1159
1237
1249
1234
1230
1232
1255
1217
1194
1308
1453
1480
1510
1566
1599
1570
1501
1461
1440
1373
1272
1203
1189
1194
1222
1121
967
892
896
865
821
846
886
887
899
969
1064
1079
1135
1215
1185
1154
1139
1158
1146
1042
998
1002
975
929
1029
1197
1216
1204
1236
1218
1160
1123
1100
1053
1001
960
865
781
752
781
751
735
745
805
873
857
838
853
840
799
759
758
706
658
686
631
527
448
348
278
200
50
-18
58
8
-31
59
87
-13
4
-11
-108
-26
101
155
239
282
261
312
413
407
344
306
271
214
207
252
284
302
268
291
323
299
319
379
344
263
238
268
294
292
251
185
140
85
13
-28
-87
-180
-163
-100
-163
-242
-300
-350
-481
-591
-650
-707
-774
-779
-877
-1040
-1167
-1162
-1134
-1123
-1056
-994
-969
-951
-928
-962
-1036
-1002
-907
-837
-761
-662
-608
-644
-708
-693
-624
-584
-560
-380
-247
-283
-287
-281
-337
-374
-389
-456
-484
-517
-527
-526
-565
-572
-556
-613
-709
-730
-785
-832
-798
-831
-911
-880
-856
-999
-1134
-1157
-1173
-1114
-926
-776
-711
-583
-515
-513
-425
-349
-329
-268
-214
-257
-381
-471
-480
-507
-587
-591
-615
-687
-750
-774
-829
-939
-1021
-1016
-1029
-1117
-1191
-1200
-1207
-1275
-1309
-1280
-1320
-1356
-1299
-1334
-1397
-1365
-1385
-1499
-1533
-1413
-1335
-1384
-1432
-1375
-1244
-1205
-1234
-1180
-1085
-995
-892
-904
-968
-866
-693
-657
-684
-651
-588
-539
-500
-444
-368
-361
-450
-562
-600
-562
-542
-550
-517
-528
-565
-565
-591
-630
-648
-696
-761
-773
-708
-683
-663
-693
-766
-835
-854
-892
-921
-876
-899
-959
-920
-850
-874
-966
-1001
-953
-924
-948
-989
-1044
-1070
-1001
-961
-996
-981
-859
-720
-673
-660
-556
-399
-274
-265
-366
-350
-232
-189
-221
-269
-249
-154
-167
-188
-152
-133
-169
-214
-253
-309
-344
-318
-311
-314
-230
-217
-296
-321
-262
-228
-275
-328
-236
-107
-58
-91
-121
-17
103
135
68
-4
0
4
13
-27
-141
-213
-138
-4
72
77
49
33
59
98
15
-117
-115
-71
-28
-52
-93
-61
16
30
9
-63
13
192
213
195
211
209
223
304
412
433
426
492
594
599
527
539
664
773
737
640
663
753
759
748
789
813
794
827
911
952
964
1066
1183
1186
1191
1169
1073
1115
1090
978
989
1103
1210
1251
1218
1276
1281
1108
911
769
644
620
677
752
735
680
602
523
442
342
220
37
-32
35
86
109
106
132
154
146
94
57
47
27
60
103
141
181
276
280
102
19
113
229
241
153
80
64
25
60
141
144
176
258
248
135
22
1
13
-4
-41
-115
-225
-273
-187
-82
-161
-334
-416
-427
-421
-388
-331
-292
-263
-280
-339
-397
-416
-425
-408
-387
-434
-420
-346
-340
-401
-397
-401
-541
-603
-600
-605
-630
-644
-587
-517
-467
-437
-393
-380
-478
-551
-527
-511
-551
-538
-539
-617
-643
-590
-589
-545
-457
-386
-373
-407
-389
-317
-338
-489
-521
-436
-398
-344
-296
-264
-222
-226
-280
-324
-325
-215
-109
-90
-152
-204
-124
-93
-134
-165
-190
-199
-137
-99
-96
-190
-226
-196
-269
-346
-286
-217
-232
-184
-122
-200
-336
-447
-514
-585
-680
-740
-723
-717
-654
-478
-402
-408
-479
-567
-636
-666
-672
-764
-883
-866
-837
-814
-759
-767
-833
-1002
-1206
-1212
-1194
-1202
-1099
-961
-867
-793
-818
-888
-901
-801
-785
-859
-841
-744
-628
-516
-464
-460
-472
-465
-464
-469
-451
-397
-377
-326
-296
-306
-326
-382
-499
-550
-524
-519
-471
-442
-474
-542
-630
-690
-699
-702
-702
-642
-637
-671
-659
-655
-725
-828
-833
-821
-872
-815
-666
-573
-506
-396
-316
-299
-359
-369
-276
-163
-129
-56
35
19
-31
-63
-120
-112
-107
-115
-52
-26
-51
-10
-7
-79
-111
-74
-2
39
33
-46
-124
-125
-196
-322
-428
-496
-451
-329
-319
-353
-307
-307
-310
-352
-412
-398
-361
-360
-407
-354
-228
-243
-280
-295
-366
-393
-392
-447
-429
-344
-292
-265
-221
-193
-164
-116
-119
-124
-58
-49
-60
-38
-94
-187
-226
-254
-338
-395
-299
-189
-180
-251
-316
-331
-297
-255
-257
-299
-327
-303
-288
-314
-271
-186
-141
-199
-307
-276
-178
-154
-71
26
67
133
222
296
277
255
320
458
488
447
522
597
609
647
744
842
890
936
1001
1047
1084
1057
963
886
905
937
955
1005
1046
1051
927
776
667
682
695
683
669
650
678
704
710
632
509
521
590
488
458
540
603
638
631
561
524
610
591
521
509
540
642
775
806
725
649
725
872
1037
1132
1091
1033
963
890
894
880
847
883
932
842
691
633
639
647
536
424
506
589
553
522
538
452
319
362
497
497
500
593
628
594
653
731
777
840
926
889
719
629
647
725
817
833
864
922
904
858
886
960
887
784
671
558
528
527
577
679
655
613
638
590
436
327
283
267
381
549
596
563
525
494
444
365
340
354
390
385
341
373
422
417
524
627
669
663
689
721
655
640
671
706
694
619
609
689
625
554
569
531
582
672
635
507
441
448
459
481
508
497
434
316
178
110
149
143
114
249
348
327
389
472
371
205
103
99
134
188
229
218
191
205
301
443
504
431
353
349
382
437
508
596
595
449
321
213
59
-20
19
57
66
-27
-168
-295
-406
-595
-783
-761
-679
-669
-638
-578
-559
-590
-579
-621
-731
-760
-663
-574
-596
-536
-356
-208
-187
-229
-258
-283
-316
-336
-383
-447
-377
-241
-173
-242
-352
-427
-555
-651
-717
-812
-823
-844
-884
-888
-961
-1068
-994
-921
-1035
-1094
-1041
-1033
-1029
-961
-903
-857
-748
-705
-798
-845
-779
-746
-764
-628
-464
-339
-258
-235
-222
-237
-288
-290
-208
-176
-198
-209
-254
-265
-174
-165
-275
-271
-230
-313
-404
-451
-523
-576
-565
-545
-511
-529
-553
-567
-529
-473
-443
-411
-388
-377
-402
-431
-409
-405
-474
-464
-354
-243
-232
-272
-188
2
-11
-96
-36
-15
-181
-241
-57
137
277
375
453
524
509
403
280
182
179
182
120
101
205
264
182
77
55
34
10
19
67
50
-109
-220
-250
-297
-361
-308
-238
-218
-141
-83
-100
-114
-131
-205
-246
-179
-36
107
146
113
78
36
-54
-150
-228
-224
-198
-151
-32
62
54
22
-14
-112
-194
-263
-204
-106
-76
-126
-190
-290
-442
-518
-514
-519
-436
-333
-233
-81
100
210
222
248
258
292
313
263
262
372
549
640
699
817
829
756
739
748
782
801
805
833
806
773
862
941
895
863
834
806
762
664
598
539
530
657
690
584
521
549
453
371
385
404
417
438
432
372
253
192
234
256
256
346
554
710
756
867
947
846
765
775
783
737
857
1014
1083
1066
992
970
969
900
827
802
772
664
566
522
368
198
166
153
122
177
256
304
258
96
-85
-192
-240
-236
-89
77
103
0
6
163
207
158
159
234
265
272
390
441
419
524
597
580
615
652
687
734
682
583
552
482
314
160
90
49
57
37
-31
-94
-193
-385
-571
-654
-626
-556
-525
-493
-522
-604
-632
-556
-497
-469
-518
-574
-497
-311
-191
-133
-67
-102
-173
-45
112
145
68
13
2
8
70
160
210
200
254
377
354
314
304
198
36
-118
-182
-176
-168
-210
-269
-229
-240
-378
-495
-494
-495
-497
-476
-461
-462
-447
-509
-568
-534
-473
-518
-529
-403
-238
-119
-59
12
78
109
89
38
-1
-9
-7
-40
-90
-154
-262
-304
-313
-364
-435
-547
-645
-795
-934
-1009
-1040
-1105
-1206
-1228
-1268
-1405
-1493
-1589
-1678
-1719
-1713
-1715
-1724
-1692
-1651
-1562
-1444
-1358
-1321
-1299
-1272
-1306
-1286
-1242
-1240
-1185
-1048
-861
-687
-594
-551
-617
-743
-777
-725
-751
-714
-586
-546
-511
-530
-504
-427
-478
-642
-842
-1039
-1187
-1156
-1034
-926
-833
-742
-786
-973
-1010
-900
-869
-921
-842
-655
-603
-647
-602
-549
-608
-653
-534
-478
-503
-433
-401
-407
-443
-477
-462
-486
-563
-565
-469
-503
-558
-452
-386
-420
-389
-351
-355
-351
-305
-228
-99
-54
-104
-90
-63
-105
-104
-50
54
82
58
60
98
151
178
254
298
344
438
490
584
657
671
675
672
737
827
878
825
782
790
754
595
473
480
466
342
274
350
406
392
445
452
375
325
324
334
270
109
2
-60
-82
-101
-25
50
41
63
35
6
6
61
162
231
290
336
350
330
310
299
276
274
240
222
325
462
469
453
446
395
334
283
143
41
15
-73
-248
-299
-186
-165
-302
-396
-336
-204
-220
-397
-430
-379
-398
-432
-399
-309
-217
-91
36
102
100
120
190
239
218
215
256
270
278
246
182
151
137
68
-3
-14
-27
-5
-14
-116
-152
-150
-176
-182
-203
-256
-290
-359
-364
-255
-117
-31
6
27
62
93
101
216
332
384
456
616
801
937
1038
1150
1242
1226
1255
1324
1314
1255
1316
1422
1420
1518
1654
1603
1508
1498
1464
1305
1180
1185
1177
1093
985
947
935
847
776
711
606
588
705
827
786
721
702
527
357
334
365
364
442
515
524
527
571
636
683
739
809
820
720
634
700
825
892
904
966
1030
1027
1008
1009
1032
1036
1025
981
989
1063
1080
1042
1019
1028
1051
999
864
781
698
529
415
391
420
510
579
552
387
338
447
462
403
361
372
357
253
231
331
411
453
469
470
474
424
346
261
187
175
197
194
242
339
328
209
175
213
171
134
204
253
192
189
366
491
530
531
568
567
463
378
357
316
329
435
460
375
361
353
323
256
216
253
304
240
140
120
69
61
178
247
201
145
155
126
27
-11
-39
-80
-122
-118
-73
-127
-245
-329
-389
-424
-459
-485
-622
-747
-660
-591
-687
-757
-796
-884
-903
-848
-879
-959
-1019
-1006
-983
-901
-799
-737
-627
-492
-401
-404
-492
-450
-338
-434
-539
-426
-186
3
65
79
113
85
6
-10
-130
-311
-410
-407
-333
-349
-382
-344
-264
-203
-279
-376
-406
-417
-433
-451
-488
-576
-626
-571
-523
-535
-515
-418
-291
-246
-281
-167
50
197
212
166
117
58
-10
-63
-118
-178
-236
-209
-100
-48
-57
-41
2
-86
-215
-251
-273
-282
-234
-255
-348
-390
-302
-136
-73
-82
-98
-108
-144
-219
-210
-209
-241
-156
-11
73
136
227
289
321
346
384
431
493
563
595
594
635
733
773
742
736
665
606
663
648
623
659
665
627
618
644
575
489
405
283
169
85
34
-81
-187
-184
-165
-190
-253
-331
-398
-465
-522
-522
-462
-490
-613
-563
-379
-365
-394
-260
-120
-82
-33
9
22
5
4
64
99
112
171
259
244
222
284
251
137
113
196
198
55
-106
-104
-44
-67
-112
-97
-128
-228
-262
-249
-332
-492
-538
-436
-409
-351
-222
-233
-342
-332
-198
-145
-18
120
120
62
37
64
52
23
49
142
212
226
229
278
312
325
351
310
211
149
111
104
125
82
-30
-33
73
190
307
460
565
637
707
758
726
654
670
716
776
839
886
948
950
905
905
871
786
733
760
759
706
735
736
685
715
745
719
626
488
367
280
241
283
310
336
327
297
308
292
227
160
159
202
189
159
144
127
135
224
